ccadb_id,certificate_name,record_type,mozilla_status,valid_from,valid_to,sha256,parent_sha256
A010047,3CX CA RSA R1,Intermediate Certificate,Trusted,2022-01-12,2032-01-10,4E93BCADD5D4E95331AE362DF9C6066CCA7F942A8FDE4D3EE011DE34074F5840,EDAC9C45909F4DEC7BB65F0A4FBF6A8A0375E52AEDD66E06888FED7E3EDEC537
A013193,3CX TLS Issuing RSA CA 2,Intermediate Certificate,Trusted,2026-05-22,2036-05-19,1F4C5D5B87798BD6BE08B2102D186EFFED9C1E087EFB479B2ACB4F7934CC0A1B,FFE930442DFEB69CE29A908B6A639B370BD6BA6075F931AB83561D938B453A21
A004221,4fastssl.com,Intermediate Certificate,Trusted,2017-04-18,2027-04-16,31AC346B31073DC0D134E29FC212CC4A15ED3530EEA1EDCFC8DACB36492D5DE4,9E852C59DFC6FD6ABD4E17EA80B5F4E56FC04192D107258D54DA8A92528670D6
A004143,AC Componentes Informáticos,Intermediate Certificate,Trusted,2013-06-27,2028-06-27,DB0DA16032F1643A2496FDE742E2BBE81DACA58CD7612061420E154CE1BCE2BD,EBC5570C29018C4D67B1AA127BAF12F703B4611EBC17B7DAB5573894179B93FA
A004117,AC Componentes Informáticos,Intermediate Certificate,Trusted,2013-06-24,2028-06-24,F038421F07F20D63A20D3691E5A178AB8459EBE570C1647B7690554EF23876AB,EBC5570C29018C4D67B1AA127BAF12F703B4611EBC17B7DAB5573894179B93FA
A010834,AC Defesa GR3 OV TLS CA 2023,Intermediate Certificate,Trusted,2023-02-22,2027-02-22,23D5EFBFB41CE7B1F30BAB8A8F64AF85EDBB5D7A49C08D616DE4C47CADB03597,CBB522D7B7F127AD6A0113865BDF1CD4102E7D0759AF635A7CF4720DC963C53B
A012654,AC Defesa GR46 OV TLS CA 2025,Intermediate Certificate,Trusted,2025-08-20,2029-08-20,BEE9ED069C7BCD513E02718AEACD127C9F6794749710C3EAAE7A851CF1A8A8A0,4FA3126D8D3A11D1C4855A4F807CBAD6CF919D3A5A88B03BEA2C6372D93C40C9
A004140,AC FNMT Usuarios,Intermediate Certificate,Trusted,2014-10-28,2029-10-28,601293CA20B09A03295D196256C6953FF9EBA811DB8E3CE140413C1BFFE9A869,EBC5570C29018C4D67B1AA127BAF12F703B4611EBC17B7DAB5573894179B93FA
A000856,AC Firmaprofesional - CA1,Intermediate Certificate,Trusted,2009-08-25,2030-06-16,0EBBDF146E63F70FAA5927EE8E5346E9C96C5F0D9BDD3212B04ED6687179874D,57DE0583EFD2B26E0361DA99DA9DF4648DEF7EE8441C3B728AFA9BCDE0F9B26A
A000852,AC Firmaprofesional - CUALIFICADOS,Intermediate Certificate,Trusted,2014-09-18,2030-12-31,2B75CC4F36759CFC4C6637B1E0E54359457DB57E74DE4D2DC5D02CDDFF2960CF,57DE0583EFD2B26E0361DA99DA9DF4648DEF7EE8441C3B728AFA9BCDE0F9B26A
A006003,AC Firmaprofesional - CUALIFICADOS,Intermediate Certificate,Trusted,2018-12-14,2030-12-31,4CCF17C0C8C1C10D5876EC5E3280FE8D134DF36AEDD8444289B990BC3741E74F,57DE0583EFD2B26E0361DA99DA9DF4648DEF7EE8441C3B728AFA9BCDE0F9B26A
A012456,AC Firmaprofesional - Secure Web 2025,Intermediate Certificate,Trusted,2025-02-25,2028-02-25,B78C7F63E24583C7D40C1D33D8DBE116B382B4BEB9EBC41A1A068D519BAF4BAD,57DE0583EFD2B26E0361DA99DA9DF4648DEF7EE8441C3B728AFA9BCDE0F9B26A
A013347,AC Prodesp Site Seguro AR46 OV TLS CA 2026,Intermediate Certificate,Trusted,2026-08-19,2029-08-18,E9FF592F5F70835DCCEF0223DE9FFE69057F964069EDFD3D4A9B552E09CE53CF,4FA3126D8D3A11D1C4855A4F807CBAD6CF919D3A5A88B03BEA2C6372D93C40C9
A012872,AC RAIZ FNMT-RCM SERVIDORES SEGUROS G2R,Intermediate Certificate,Trusted,2025-12-16,2029-12-16,327EC93955C9145261B087C6FC5EAC8A71262BF2568E8D36F7C2FEDBD1B1077A,EBC5570C29018C4D67B1AA127BAF12F703B4611EBC17B7DAB5573894179B93FA
A004139,AC Representación,Intermediate Certificate,Trusted,2015-06-30,2029-12-31,8FD16A179944D5D1D420AF09405EDA7ABF2A9C742883E8C2F89E0D90AFAF754B,EBC5570C29018C4D67B1AA127BAF12F703B4611EBC17B7DAB5573894179B93FA
A012801,AC SERPRO AR46 OV TLS CA 2025,Intermediate Certificate,Trusted,2025-10-15,2030-10-15,F27095D0B40DF765599404011CF8B167DA06260E81DDA727F163EF08221071E4,4FA3126D8D3A11D1C4855A4F807CBAD6CF919D3A5A88B03BEA2C6372D93C40C9
A006326,AC SERVIDORES SEGUROS TIPO1,Intermediate Certificate,Trusted,2018-12-20,2033-12-20,1EDB6BD91274882DB795BFC514F8AABE10AD955CBCCFD3FD5A5B5FEBB2CE5B68,554153B13D2CF9DDB753BFBE1A4E0AE08D0AA4187058FE60A2B862B2E4B87BCB
A012869,AC SERVIDORES SEGUROS TIPO1 G2,Intermediate Certificate,Trusted,2025-12-16,2035-12-14,9993D183292AFC4165ABCD272B4454321459183AC7B4191139503372BCCC28A9,554153B13D2CF9DDB753BFBE1A4E0AE08D0AA4187058FE60A2B862B2E4B87BCB
A006327,AC SERVIDORES SEGUROS TIPO2,Intermediate Certificate,Trusted,2018-12-20,2033-12-20,9FF23CB9387B9E0083BD5AA1954EEDDF792890AA8E67CD4D38DD28AF4A439AD8,554153B13D2CF9DDB753BFBE1A4E0AE08D0AA4187058FE60A2B862B2E4B87BCB
A012870,AC SERVIDORES SEGUROS TIPO2 G2,Intermediate Certificate,Trusted,2025-12-16,2035-12-14,7FEB6F8C9C847A449E0B702386C2319AA1191F38DF02D03BE64B3F1AE1971F94,554153B13D2CF9DDB753BFBE1A4E0AE08D0AA4187058FE60A2B862B2E4B87BCB
A012874,AC SERVIDORES SEGUROS TIPO2 G2R,Intermediate Certificate,Trusted,2025-12-16,2035-12-14,B45AB8E079025DF9783535A720862129C9B2D22672B9BE8DFE7CD2EDA33F62A3,FC23DDFB7AA505D605B2F492FA1587E3738A074A17C0CF06FADFC725650FA42A
A006984,AC Sector Público,Intermediate Certificate,Trusted,2019-11-28,2029-11-28,8265756DD5CD8A37EE61E40351288E4B16A89DD248C1EC4EBA25AAF161ABF498,EBC5570C29018C4D67B1AA127BAF12F703B4611EBC17B7DAB5573894179B93FA
A006985,AC Unidades de Sellado de Tiempo,Intermediate Certificate,Trusted,2019-11-28,2029-11-28,9CE630B35F8AE2C6419E734AD9D2FA30476DD9E7394B1E93B27F83F776A024EA,EBC5570C29018C4D67B1AA127BAF12F703B4611EBC17B7DAB5573894179B93FA
A012141,ACCV RSA1 TLS,Intermediate Certificate,Trusted,2024-02-27,2039-02-23,346440CF7674A529305545563322FCFB38F5A4B3F1E7E852DFF8A4B7A5EF72D1,B40BFA8880A02F93025643C6DBBD39DF194A2854D076E167A2BD8467CF9E2C34
A012515,ACCV RSA1 TLS,Intermediate Certificate,Trusted,2025-07-01,2030-11-30,11F9571C30C2DE232753D5B158C54F77B0A02DFF417135752D32E98B89BC9719,9A6EC012E1A7DA9DBE34194D478AD7C0DB1822FB071DF12981496ED104384113
A002740,ACCVCA-120,Intermediate Certificate,Trusted,2015-01-27,2026-12-31,2DE620F2D1200AA90B16C3CCF670FD7ED14379AB06FA8B031CFEF8DA051EA5A2,9A6EC012E1A7DA9DBE34194D478AD7C0DB1822FB071DF12981496ED104384113
A012457,ADACOM Class 2 Public Trust CA G5,Intermediate Certificate,Trusted,2025-06-05,2031-11-09,47EC105B001EFF93DC9730A1520D1D9355E3FABFC4A48F9421028751F0FCAD35,4348A0E9444C78CB265E058D5E8944B4D84F9662BD26DB257F8934A443C70161
A011374,AE1,Intermediate Certificate,Trusted,2023-12-13,2029-02-20,812C212E9E45DC5005C7F47411183F5FB2FF1BAEE184D3354B2E93D78C280164,349DFA4058C5E263123B398AE795573C4E1313C83FE68F93556CD5E8031B3C7D
A007526,ANF Secure Server CA,Intermediate Certificate,Trusted,2020-11-09,2030-11-07,306BF8099636A44FFFB5EEDCE6E30C0F36C7D43F6CCA5A2CA3AB71668F353320,FB8FEC759169B9106B1E511644C618C51304373F6C0643088D8BEFFD1B997599
A010437,ANTIC DV CA,Intermediate Certificate,Trusted,2022-07-28,2027-05-31,E53A69193E22FAECC833F80631BE15E020A04C20BB679FD351F0CB95C0089E50,9E852C59DFC6FD6ABD4E17EA80B5F4E56FC04192D107258D54DA8A92528670D6
A007257,ATT Atlas R3 OV TLS CA 2020,Intermediate Certificate,Trusted,2020-07-28,2029-03-18,DC2728331312E75C4D7B442F3BDDA790CB77A9D6AC854D5BCE18AC43CA59909A,CBB522D7B7F127AD6A0113865BDF1CD4102E7D0759AF635A7CF4720DC963C53B
A012158,Abion Intermediate CA,Intermediate Certificate,Trusted,2025-02-19,2035-02-18,7728F1821E509C76152C22223E7679033344FDC36879C8DDD6ADBC2EF95277B8,CB3CCBB76031E5E0138F8DD39A23F9DE47FFC35E43C1144CEA27D46A5AB1CB5F
A005760,Abitab SSL Domain Validated,Intermediate Certificate,Trusted,2018-08-22,2027-05-02,E67D18639367C5B29BF7A5683B56B0F0C23155C8FE9452BCFE51681436023742,9E852C59DFC6FD6ABD4E17EA80B5F4E56FC04192D107258D54DA8A92528670D6
A005762,Abitab SSL Extended Validation,Intermediate Certificate,Trusted,2018-08-22,2027-05-02,93B281BD81D83CF986659DFFD0AF57993B92E6E4614162539F750524CE11BBCB,9E852C59DFC6FD6ABD4E17EA80B5F4E56FC04192D107258D54DA8A92528670D6
A005761,Abitab SSL Organization Validated,Intermediate Certificate,Trusted,2018-08-22,2027-05-02,EEF9066424C23508E9C65F84671B14E16DA1BEC358E75FC6382ECA070AE861BE,9E852C59DFC6FD6ABD4E17EA80B5F4E56FC04192D107258D54DA8A92528670D6
A006169,Academy of Athens SSL SubCA R2,Intermediate Certificate,Trusted,2019-03-14,2027-03-12,DC9455CA47F5FD9BF3BBABBEACF88F3DEB3B58BFA85AF404DFD21617CE90A0DD,A040929A02CE53B4ACF4F2FFC6981CE4496F755E6D45FE0B2A692BCD52523F36
A007305,Accenture Federal Services GCC R3 Global CA 2020,Intermediate Certificate,Trusted,2020-08-19,2029-03-18,9D61B40ECFE094B415FBF6AEEA1FDB27A1A4C3B6FD9008D768777D6D7FBAAEE9,CBB522D7B7F127AD6A0113865BDF1CD4102E7D0759AF635A7CF4720DC963C53B
A007134,Actalis Client Authentication CA G3,Intermediate Certificate,Trusted,2020-07-06,2030-09-22,BB4D3EE661E5029409DB6740B9951494A7F22A7BC0FDC1A1900C07A4781F1419,55926084EC963A64B96E2ABE01CE0BA86A64FBFEBCC7AAB5AFC155B37FD76066
A011039,Actalis DV Server ACME CA G1,Intermediate Certificate,Trusted,2023-06-26,2030-09-22,C0A9FB425D0EDEBC72BC6C47AD3D3A2B68245ED1D59A5883BF19CE9F8C4DED1F,55926084EC963A64B96E2ABE01CE0BA86A64FBFEBCC7AAB5AFC155B37FD76066
A012598,Actalis Domain Validated TLS Server ECC CA 2025,Intermediate Certificate,Trusted,2025-07-07,2035-07-05,E102A52A016B025B31C749A9A0A7F4650E1227AFA27C27E9A37C846AD42FA8B0,471F644699FD038E07D73D6E980586AA232FA7DCAD57380B0C89EDD1DCFDB61E
A012599,Actalis Domain Validated TLS Server RSA CA 2025,Intermediate Certificate,Trusted,2025-07-07,2035-07-05,C511EF2F15EF7681EEADFF97F1E90596270EADB71BDA8F847AB36FFF15DC6264,944D87943C5B47F4DBCE29F55CF92CDA8F27556BE6237D1C51D1B7E574F189D0
A007136,Actalis Domain Validation Server CA G3,Intermediate Certificate,Trusted,2020-07-06,2030-09-22,3450B6D38290C3CA5D7BB38B71495BBF72C6D0C44DBA292245F9BCA9843A9FFF,55926084EC963A64B96E2ABE01CE0BA86A64FBFEBCC7AAB5AFC155B37FD76066
A007137,Actalis Extended Validation Server CA G3,Intermediate Certificate,Trusted,2020-07-06,2030-09-22,124EAAF26F570C4FB4D89F5D61078F15B885345FCAF0C57F3477D8C63B5AB26F,55926084EC963A64B96E2ABE01CE0BA86A64FBFEBCC7AAB5AFC155B37FD76066
A012597,Actalis Extended Validation TLS Server ECC CA 2025,Intermediate Certificate,Trusted,2025-07-07,2035-07-05,12D8FBFFEB27481EB0EECD032336D6D1E2B1A678A9B1018E653E7FC253D929A5,471F644699FD038E07D73D6E980586AA232FA7DCAD57380B0C89EDD1DCFDB61E
A012603,Actalis Extended Validation TLS Server RSA CA 2025,Intermediate Certificate,Trusted,2025-07-07,2035-07-05,8FA40E1594EB493E5D2954F577BB50473A3512F2D203A99B402BBCB608AED73B,944D87943C5B47F4DBCE29F55CF92CDA8F27556BE6237D1C51D1B7E574F189D0
A007138,Actalis Organization Validated Server CA G3,Intermediate Certificate,Trusted,2020-07-06,2030-09-22,931AAA1EC9B2BA0FA59A82302F4F830628C86D9B2D2A50A4D1B2CE895C4CC648,55926084EC963A64B96E2ABE01CE0BA86A64FBFEBCC7AAB5AFC155B37FD76066
A012600,Actalis Organization Validated TLS Server ECC CA 2025,Intermediate Certificate,Trusted,2025-07-07,2035-07-05,E7929CDA1A88D2E94016A3F2D52BE95DB1C28C178C425B4303A82E3E29293544,471F644699FD038E07D73D6E980586AA232FA7DCAD57380B0C89EDD1DCFDB61E
A012602,Actalis Organization Validated TLS Server RSA CA 2025,Intermediate Certificate,Trusted,2025-07-07,2035-07-05,BAE1C37CEE8621A3016AE4E76E36204949DA3160BCE5AE56CF4003860EE3B2CD,944D87943C5B47F4DBCE29F55CF92CDA8F27556BE6237D1C51D1B7E574F189D0
A012604,Actalis SMIME RSA CA 2025,Intermediate Certificate,Trusted,2025-07-07,2035-07-05,886B66D00BE5BD6EACECACB698BADF680B1CFF268CA2F575D8628CD15A6465E4,180FE239D04EE0300095205970D2BD4928A257319A46EB6D2FC42C5564F6CB68
A012590,Actalis SMIME RSA Root CA 2025,Intermediate Certificate,Trusted,2025-08-07,2030-09-22,180FE239D04EE0300095205970D2BD4928A257319A46EB6D2FC42C5564F6CB68,55926084EC963A64B96E2ABE01CE0BA86A64FBFEBCC7AAB5AFC155B37FD76066
A012589,Actalis TLS Server ECC Root CA 2025,Intermediate Certificate,Trusted,2025-08-07,2030-09-22,471F644699FD038E07D73D6E980586AA232FA7DCAD57380B0C89EDD1DCFDB61E,55926084EC963A64B96E2ABE01CE0BA86A64FBFEBCC7AAB5AFC155B37FD76066
A012588,Actalis TLS Server RSA Root CA 2025,Intermediate Certificate,Trusted,2025-08-07,2030-09-22,944D87943C5B47F4DBCE29F55CF92CDA8F27556BE6237D1C51D1B7E574F189D0,55926084EC963A64B96E2ABE01CE0BA86A64FBFEBCC7AAB5AFC155B37FD76066
A007609,Adacom S.A. Class 1 - Public Trust CA,Intermediate Certificate,Trusted,2021-03-11,2031-03-10,40CEBC99D7D6BE08E863F9816A651801574E97D69AB839DB92A0E18F607BD1FC,7D05EBB682339F8C9451EE094EEBFEFA7953A114EDB2F44949452FAB7D2FC185
A011532,Adacom S.A. Class 1 - Public Trust CA G3,Intermediate Certificate,Trusted,2024-04-03,2034-04-02,F76881339118572F9568095BE6E81D5252BC3E2EB3A5BB64D9EEEC75D54C705A,7D05EBB682339F8C9451EE094EEBFEFA7953A114EDB2F44949452FAB7D2FC185
A012058,Adacom S.A. Class 1 - Public Trust CA G4,Intermediate Certificate,Trusted,2025-01-15,2035-01-14,5C0658F78140CF3B64C53F2006E8FFC7D4AE17ADCCF371AA4756447E29C55640,7D05EBB682339F8C9451EE094EEBFEFA7953A114EDB2F44949452FAB7D2FC185
A007610,Adacom S.A. Class 2 - Public Trust CA,Intermediate Certificate,Trusted,2021-03-11,2031-03-10,912E37CAA496E53CD175C05D4334B4D060FBD0C69105AF82085CAF7AD4BBD318,7D05EBB682339F8C9451EE094EEBFEFA7953A114EDB2F44949452FAB7D2FC185
A011533,Adacom S.A. Class 2 - Public Trust CA G3,Intermediate Certificate,Trusted,2024-04-03,2034-04-02,74F3D438C526D37BA2775BF5E9F57D32E09F95ACAA25F0AC3A7D57B096C30343,7D05EBB682339F8C9451EE094EEBFEFA7953A114EDB2F44949452FAB7D2FC185
A012059,Adacom S.A. Class 2 - Public Trust CA G4,Intermediate Certificate,Trusted,2025-01-15,2035-01-14,39AB1C31D07C934BF3DF554BDCB9BD91850DF622FBE26B2BFE9B96493E79E30A,7D05EBB682339F8C9451EE094EEBFEFA7953A114EDB2F44949452FAB7D2FC185
A006795,Adobe Public Issuing CA,Intermediate Certificate,Trusted,2020-02-05,2030-02-05,7B6BA0B173658101250395D547643037A68216155270BC9BA46B358C3B77E90E,7D05EBB682339F8C9451EE094EEBFEFA7953A114EDB2F44949452FAB7D2FC185
A000895,Advanced Class 2 e-Szigno CA 2009,Intermediate Certificate,Trusted,2009-12-02,2029-12-29,C63543729A370C26952B47E1D1D1AEA84CB1B07F1B0F964C2FEDDC523FD7C795,3C5F81FEA5FAB82C64BFA2EAECAFCDE8E077FC8620A7CAE537163DF36EDBF378
A000894,Advanced Class 3 e-Szigno CA 2009,Intermediate Certificate,Trusted,2009-12-02,2029-12-29,B0A6EF0350E7C4C6056BEEA7AF9D2D860B9ED102137B9729D3C23216D195546A,3C5F81FEA5FAB82C64BFA2EAECAFCDE8E077FC8620A7CAE537163DF36EDBF378
A003794,Advanced Code Signing Class2 e-Szigno CA 2016,Intermediate Certificate,Trusted,2016-08-29,2029-12-29,A98C8CED93F9A43631ABE4573864E06C5192900723E97D1EED2C0D7C68B2D079,3C5F81FEA5FAB82C64BFA2EAECAFCDE8E077FC8620A7CAE537163DF36EDBF378
A003563,Advanced Code Signing Class3 e-Szigno CA 2016,Intermediate Certificate,Trusted,2016-06-22,2029-12-29,283CA6939530C1B5503915051936378AE36871967B03E4C2E7C243F14967DEB1,3C5F81FEA5FAB82C64BFA2EAECAFCDE8E077FC8620A7CAE537163DF36EDBF378
A000896,Advanced Pseudonymous e-Szigno CA 2009,Intermediate Certificate,Trusted,2009-12-02,2029-12-29,D0E39AA7D2FA53581008A15D825C57D25BD49247834431F8A227A29C280A1C0C,3C5F81FEA5FAB82C64BFA2EAECAFCDE8E077FC8620A7CAE537163DF36EDBF378
A003562,Advanced eIDAS Class2 e-Szigno CA 2016,Intermediate Certificate,Trusted,2016-06-22,2029-12-29,A29C104B100C3A7933473E62E4BE6371D653A1604D04EDAAD02C95806065CEE3,3C5F81FEA5FAB82C64BFA2EAECAFCDE8E077FC8620A7CAE537163DF36EDBF378
A013338,AgID CA SMIME RSA 2026,Intermediate Certificate,Trusted,2026-08-04,2029-08-03,78A9F2A747C84EA579DB7074E4EA29EB141BCBF91B2D1ECA10B6605C690CED80,F1B7C8A8F447B395786E325AF0A7571203F3812400FF1905FCA7726B858FC44A
A010259,AgID CA SSL SERVER,Intermediate Certificate,Trusted,2021-11-24,2030-09-22,8B7ED5358484781F4C08376B183B018C957908CAAC32AA72ACD02E51707A58A7,55926084EC963A64B96E2ABE01CE0BA86A64FBFEBCC7AAB5AFC155B37FD76066
A013337,AgID CA TLS SERVER OV RSA 2026,Intermediate Certificate,Trusted,2026-08-04,2029-08-03,D9BA1E04F6B4D862077C205368EAAE255350E6F44DA74578AFC1C2A424C8A2A5,6D0E47DFDE7CF48308CD4C6C1517DD1AF033DCC72BB0501C04268B03B58A9085
A012159,AgID CA1,Intermediate Certificate,Trusted,2025-02-20,2030-09-22,790EC428504A61F273E4FCF7FFD4D56991EDC02D4402FBBD8914E149FA278C1D,55926084EC963A64B96E2ABE01CE0BA86A64FBFEBCC7AAB5AFC155B37FD76066
A006483,Alcon Public Online CA,Intermediate Certificate,Trusted,2019-07-02,2029-07-02,4F8137882B6D7B7F1ABBCFDED0082F0E5CDEC870BA3923EF84D08DDE42E43749,7D05EBB682339F8C9451EE094EEBFEFA7953A114EDB2F44949452FAB7D2FC185
A013348,Alibaba Cloud Atlas R46 DV TLS CA 2026,Intermediate Certificate,Trusted,2026-08-19,2029-08-18,EF75577C7987B6AC6274FE342E473D78ECC9CD100B1D3D00027466482A5554B8,4FA3126D8D3A11D1C4855A4F807CBAD6CF919D3A5A88B03BEA2C6372D93C40C9
A010907,Alibaba Cloud GCC R3 AlphaSSL CA 2023,Intermediate Certificate,Trusted,2023-04-19,2026-11-17,DFC6EE42E6A7B339DF178E566EFB5482AA1A460C586A32D67C9AB053AF2BE657,CBB522D7B7F127AD6A0113865BDF1CD4102E7D0759AF635A7CF4720DC963C53B
A012543,Alibaba Cloud GCC R3 AlphaSSL CA 2025,Intermediate Certificate,Trusted,2025-07-16,2027-07-16,9A3FC708F61E036AF88CECB2E8DA79A3B21F092CFC172C31DD5A93DCFA15248F,CBB522D7B7F127AD6A0113865BDF1CD4102E7D0759AF635A7CF4720DC963C53B
A010905,Alibaba Cloud GCC R3 DV TLS CA 2023,Intermediate Certificate,Trusted,2023-04-19,2026-11-17,38CBB87231F062A82D7ED2EF73FD4E4B84352EA7DD7F15686DE3A9414B7AE029,CBB522D7B7F127AD6A0113865BDF1CD4102E7D0759AF635A7CF4720DC963C53B
A010906,Alibaba Cloud GCC R3 OV TLS CA 2023,Intermediate Certificate,Trusted,2023-04-19,2026-11-17,73360680F0C0DE2C542EB3DAB2B30764D5451606501953C76D51A2F6EBD1C29B,CBB522D7B7F127AD6A0113865BDF1CD4102E7D0759AF635A7CF4720DC963C53B
A012547,Alibaba Cloud GCC R46 AlphaSSL CA 2025,Intermediate Certificate,Trusted,2025-07-16,2030-07-16,3B9746CAB4CC932794DE76EA49D9AB6EF598C0F13EDAE18B996C0FF00DA8877B,4FA3126D8D3A11D1C4855A4F807CBAD6CF919D3A5A88B03BEA2C6372D93C40C9
A012550,Alibaba Cloud GCC R46 DV TLS CA 2025,Intermediate Certificate,Trusted,2025-07-16,2030-07-16,E9124DEB5D7DEA83A5AA07666F8BADCBE898FCD8699902699B306A0A87683A5C,4FA3126D8D3A11D1C4855A4F807CBAD6CF919D3A5A88B03BEA2C6372D93C40C9
A013349,Alibaba Cloud GCC R46 OV TLS CA 2026,Intermediate Certificate,Trusted,2026-08-19,2029-08-18,D96FB2F9146B22836E2B929ED0F6B59E04A75F6B7B6BA5A7430EE73CD8FD321E,4FA3126D8D3A11D1C4855A4F807CBAD6CF919D3A5A88B03BEA2C6372D93C40C9
A012858,Aliyun ECC TLS DV G1,Intermediate Certificate,Trusted,2025-12-03,2030-12-02,055408343CB3D4823072C1DFE99AE099ED4F203C6AE93FBA27E3B666349E9840,31AD6648F8104138C738F39EA4320133393E3A18CC02296EF97C2AC9EF6731D0
A012857,Aliyun ECC TLS OV G1,Intermediate Certificate,Trusted,2025-12-03,2030-12-02,9445476D398974A0C67A6D1024A0ABFF2D4E04A08DB455B7CE4E0FA58D16A5A9,31AD6648F8104138C738F39EA4320133393E3A18CC02296EF97C2AC9EF6731D0
A012856,Aliyun RSA TLS DV G1,Intermediate Certificate,Trusted,2025-12-03,2030-12-02,5195F9E283EA8DC20D6B94648259176796D4AD354382A38190587D68F48D7D59,CB3CCBB76031E5E0138F8DD39A23F9DE47FFC35E43C1144CEA27D46A5AB1CB5F
A012855,Aliyun RSA TLS OV G1,Intermediate Certificate,Trusted,2025-12-03,2030-12-02,A1CA51340099B594DAC34BF3DFE0C27216885A5EC27ECBC3A090BEFEF1CBA63D,CB3CCBB76031E5E0138F8DD39A23F9DE47FFC35E43C1144CEA27D46A5AB1CB5F
A012224,Alpiro ECC DV SSL CA 2,Intermediate Certificate,Trusted,2025-03-27,2035-03-26,F7834199959672B70622B6019B3D42A46A5ABCC00B59A770720A818809F182F3,C90F26F0FB1B4018B22227519B5CA2B53E2CA5B3BE5CF18EFE1BEF47380C5383
A012226,Alpiro ECC EV SSL CA 2,Intermediate Certificate,Trusted,2025-03-27,2035-03-26,EA3FF239D4223EE430D3F96E9E1046D2577133846735347FA3CDDF424121D59C,C90F26F0FB1B4018B22227519B5CA2B53E2CA5B3BE5CF18EFE1BEF47380C5383
A012225,Alpiro ECC OV SSL CA 2,Intermediate Certificate,Trusted,2025-03-27,2035-03-26,EABFCABFCB7718AD962AD810F5683730EF967C4A9CF589DCBDACB81678319E5D,C90F26F0FB1B4018B22227519B5CA2B53E2CA5B3BE5CF18EFE1BEF47380C5383
A012223,Alpiro RSA DV SSL CA 2,Intermediate Certificate,Trusted,2025-03-27,2035-03-26,CDFBB47882818B694AAD818CD8040DD11050197F51DDBF3C2EB09812E4A25DF5,7BB647A62AEEAC88BF257AA522D01FFEA395E0AB45C73F93F65654EC38F25A06
A012220,Alpiro RSA EV SSL CA 2,Intermediate Certificate,Trusted,2025-03-27,2035-03-26,0785C87A9EC903D8F5E272133689DB0F368E374C5AEB3FE33D1F10BE5F4131F2,7BB647A62AEEAC88BF257AA522D01FFEA395E0AB45C73F93F65654EC38F25A06
A012221,Alpiro RSA OV SSL CA 2,Intermediate Certificate,Trusted,2025-03-27,2035-03-26,43C6D56BCF9FA253A2E926390AC5B173F398846FA14F588D82BDA4FF2C718244,7BB647A62AEEAC88BF257AA522D01FFEA395E0AB45C73F93F65654EC38F25A06
A011604,Alpiro RSA Secure Email CA 2,Intermediate Certificate,Trusted,2024-05-01,2034-04-30,842EE6B3C470EC556248CEE62CF52D8154D0D4DCA8D543A6AEF0D075C3F7A6BE,D5917A7791EB7CF20A2E57EB98284A67B28A57E89182DA53D546678C9FDE2B4F
A007419,AlpiroSSL ECC DV CA,Intermediate Certificate,Trusted,2020-10-06,2030-10-05,DBE2D63DBDF76F71BA631354E16EC97C16E016792AA3B9CC9D28C582CAD489C9,4FF460D54B9C86DABFBCFC5712E0400D2BED3FBC4D4FBDAA86E06ADCD2A9AD7A
A007423,AlpiroSSL ECC EV CA,Intermediate Certificate,Trusted,2020-10-06,2030-10-05,F82F8B50967C0A52E9D81B79A90FFEB8E515B7814A5E5DE2F26B0F6AF6FE7531,4FF460D54B9C86DABFBCFC5712E0400D2BED3FBC4D4FBDAA86E06ADCD2A9AD7A
A007422,AlpiroSSL ECC OV CA,Intermediate Certificate,Trusted,2020-10-06,2030-10-05,0D2CC7E6973F80FA2253FB88828EF6ACBB3B95FFA77C489650C356735F54B706,4FF460D54B9C86DABFBCFC5712E0400D2BED3FBC4D4FBDAA86E06ADCD2A9AD7A
A007418,AlpiroSSL RSA Client Authentication and Secure Email CA,Intermediate Certificate,Trusted,2020-10-06,2030-10-05,90169B80422D6912C386D15307FB822DB6DA15288122E18C22200F52E24A4768,E793C9B02FD8AA13E21C31228ACCB08119643B749C898964B1746D46C3D4CBD2
A007424,AlpiroSSL RSA DV CA,Intermediate Certificate,Trusted,2020-10-06,2030-10-05,6FF2159704D4E886859A140FFE4E33471E514217430B03C4CF6C85C637F7ECB3,E793C9B02FD8AA13E21C31228ACCB08119643B749C898964B1746D46C3D4CBD2
A007421,AlpiroSSL RSA EV CA,Intermediate Certificate,Trusted,2020-10-06,2030-10-05,3ED13F9D19E56F5BA1492385CA813F7DD63BBEB3CF5C56DB5C309CF4EAA90171,E793C9B02FD8AA13E21C31228ACCB08119643B749C898964B1746D46C3D4CBD2
A007420,AlpiroSSL RSA OV CA,Intermediate Certificate,Trusted,2020-10-06,2030-10-05,164E0073A75200A5816991BDC17C526EBA21271F71357446984ED2C80A59FD5A,E793C9B02FD8AA13E21C31228ACCB08119643B749C898964B1746D46C3D4CBD2
A004736,AlwaysOnSSL TLS ECC CA G1,Intermediate Certificate,Trusted,2017-11-02,2027-11-02,BD193C475E4E67938BEF34122B98B558A2882E7ED94369A6CB011320EF15623C,31AD6648F8104138C738F39EA4320133393E3A18CC02296EF97C2AC9EF6731D0
A004726,AlwaysOnSSL TLS RSA CA G1,Intermediate Certificate,Trusted,2017-11-02,2027-11-02,2A41BA819EB6125AF5CB4B8B0E9E954ECE798C2A7EE43DCDAF7D395987C4D552,CB3CCBB76031E5E0138F8DD39A23F9DE47FFC35E43C1144CEA27D46A5AB1CB5F
A012525,Amazon ECDSA 256 EU M01,Intermediate Certificate,Trusted,2024-11-14,2032-11-14,47DD281DDF5C7410B6F5722CC16C117776BEF8D52E9EAA22B404EC00B53E76FB,9EAD32C9285FE68BA2C5B0FE427D149B103FDFA1D0958D77C3DA0FF246E853D3
A012778,Amazon ECDSA 256 EU S00,Intermediate Certificate,Trusted,2025-10-01,2033-09-29,BC38993AA14B49931877623D95E9394F6C1AE2D32DC5FEC2E8B7259FED99CD24,9EAD32C9285FE68BA2C5B0FE427D149B103FDFA1D0958D77C3DA0FF246E853D3
A012779,Amazon ECDSA 256 EU S01,Intermediate Certificate,Trusted,2025-10-01,2033-09-29,A9C3227FB1CBBD1759938EF8718FDF835C0F8B6A546928BB0B4782A570CED4E5,9EAD32C9285FE68BA2C5B0FE427D149B103FDFA1D0958D77C3DA0FF246E853D3
A012780,Amazon ECDSA 256 EU S02,Intermediate Certificate,Trusted,2025-10-01,2033-09-29,EF79C8327BEB51E7B3B4DBCCDEF239FCE367B1E09D35A78407000A0270BC232E,9EAD32C9285FE68BA2C5B0FE427D149B103FDFA1D0958D77C3DA0FF246E853D3
A010571,Amazon ECDSA 256 M01,Intermediate Certificate,Trusted,2022-08-23,2030-08-23,332B101539FA89CA4E228719FE5287AB6869AF31AB21CBF110F5DD3C5994C1C7,18CE6CFE7BF14E60B2E347B8DFE868CB31D02EBB3ADA271569F50343B46DB3A4
A010570,Amazon ECDSA 256 M02,Intermediate Certificate,Trusted,2022-08-23,2030-08-23,F9693255933B68159D168AA9A247DA1DC66E23C0620338EF7149E48F83B1AE79,18CE6CFE7BF14E60B2E347B8DFE868CB31D02EBB3ADA271569F50343B46DB3A4
A010569,Amazon ECDSA 256 M03,Intermediate Certificate,Trusted,2022-08-23,2030-08-23,493E78EEE8CCA1F26E6494ED924985AF3FA9E6110EAA61C3214E8D73B4047316,18CE6CFE7BF14E60B2E347B8DFE868CB31D02EBB3ADA271569F50343B46DB3A4
A010568,Amazon ECDSA 256 M04,Intermediate Certificate,Trusted,2022-08-23,2030-08-23,D241192CCE57D438986723972DD6F18B5A3A3456A708E8F273D147223AB6FA5D,18CE6CFE7BF14E60B2E347B8DFE868CB31D02EBB3ADA271569F50343B46DB3A4
A012064,Amazon ECDSA 256 M05,Intermediate Certificate,Trusted,2025-01-13,2033-01-13,36A77659CA91702BC800B527D12A6B4FD0237D506EDBE4670FD3A56CD0AE4243,18CE6CFE7BF14E60B2E347B8DFE868CB31D02EBB3ADA271569F50343B46DB3A4
A012065,Amazon ECDSA 256 M06,Intermediate Certificate,Trusted,2025-01-13,2033-01-13,4FF1CF3F6920EEC8D5078ABBA246F198588987DC543B73CD12ABC781125CA0FE,18CE6CFE7BF14E60B2E347B8DFE868CB31D02EBB3ADA271569F50343B46DB3A4
A012725,Amazon ECDSA 256 Root EU M1,Intermediate Certificate,Trusted,2025-09-17,2033-09-15,F35A8A529EE51C24078D36A00B918C5080AEDCA0611E5BE55831B4CB66F2C2F5,18CE6CFE7BF14E60B2E347B8DFE868CB31D02EBB3ADA271569F50343B46DB3A4
A013137,Amazon ECDSA 256 S06,Intermediate Certificate,Trusted,2026-04-22,2029-04-21,46336DB73228C62C01A9D7334A978462C39F18D7A29C9B34DE4E4D952A58A2B9,E35D28419ED02025CFA69038CD623962458DA5C695FBDEA3C22B0BFB25897092
A013138,Amazon ECDSA 256 S07,Intermediate Certificate,Trusted,2026-04-22,2029-04-21,1AD23AF3D5C1583D6F33112BA335D6F45C69657AA09C943C14CDCEE5500A7C1E,E35D28419ED02025CFA69038CD623962458DA5C695FBDEA3C22B0BFB25897092
A013147,Amazon ECDSA 256 S08,Intermediate Certificate,Trusted,2026-04-22,2029-04-21,29E664D95BA85246938B6C79DC542EB41A0DA3C1159C00AD5B910CAEB024B252,E35D28419ED02025CFA69038CD623962458DA5C695FBDEA3C22B0BFB25897092
A013146,Amazon ECDSA 256 S09,Intermediate Certificate,Trusted,2026-04-22,2029-04-21,DC327D309C2730196FABA6BDB6884EE133F1B9BFA7A5428A02352549877731C0,E35D28419ED02025CFA69038CD623962458DA5C695FBDEA3C22B0BFB25897092
A013266,Amazon ECDSA 256 S10,Intermediate Certificate,Trusted,2026-07-08,2029-07-07,0C8BD43FFC55FA1E704F443A4EF09E1B77425006EF4918BE4714CBCD8DE82EC4,E35D28419ED02025CFA69038CD623962458DA5C695FBDEA3C22B0BFB25897092
A013265,Amazon ECDSA 256 S11,Intermediate Certificate,Trusted,2026-07-08,2029-07-07,5A92CB16F3C70B3F64DE8D1FC8FBC8C2517EACC7438C3E7506CCB1C4A22A722D,E35D28419ED02025CFA69038CD623962458DA5C695FBDEA3C22B0BFB25897092
A013282,Amazon ECDSA 256 S12,Intermediate Certificate,Trusted,2026-07-08,2029-07-07,E71CE592A218FB4FF3EFE3CCF0BA9FA70C663F064B79D1CC631AF2D530C04E36,E35D28419ED02025CFA69038CD623962458DA5C695FBDEA3C22B0BFB25897092
A013283,Amazon ECDSA 256 S13,Intermediate Certificate,Trusted,2026-07-08,2029-07-07,F277D650C63B443D53800C3EAAFE5FB82D2AB7227EEEF46D800F808CAE501031,E35D28419ED02025CFA69038CD623962458DA5C695FBDEA3C22B0BFB25897092
A013292,Amazon ECDSA 256 S14,Intermediate Certificate,Trusted,2026-07-08,2029-07-07,4EBE3A5E0561F4F8FBC0B05E99032E7DBC9C18CA1FC07DC323DC9001E18CEB30,18CE6CFE7BF14E60B2E347B8DFE868CB31D02EBB3ADA271569F50343B46DB3A4
A013291,Amazon ECDSA 256 S15,Intermediate Certificate,Trusted,2026-07-08,2029-07-07,C7D3A628187E718D9701BD318C19F8C7374FDC48BF57B1B3AB269CA5330EDF92,18CE6CFE7BF14E60B2E347B8DFE868CB31D02EBB3ADA271569F50343B46DB3A4
A013298,Amazon ECDSA 256 S16,Intermediate Certificate,Trusted,2026-07-08,2029-07-07,CB57ABC4A4469CC60165E64FBD3D1F74EC92DC7A8B9F105245365526E8092C41,18CE6CFE7BF14E60B2E347B8DFE868CB31D02EBB3ADA271569F50343B46DB3A4
A013297,Amazon ECDSA 256 S17,Intermediate Certificate,Trusted,2026-07-08,2029-07-07,18823FD4F48887972FFE884DFF4EF25742572C64761515E59E21F3F173385835,18CE6CFE7BF14E60B2E347B8DFE868CB31D02EBB3ADA271569F50343B46DB3A4
A013267,Amazon ECDSA 256 S18,Intermediate Certificate,Trusted,2026-07-08,2029-07-07,447DB7FB3268D755C43AFEB355D57043083D61AB36ED42780AB014D9B375FBD3,18CE6CFE7BF14E60B2E347B8DFE868CB31D02EBB3ADA271569F50343B46DB3A4
A013268,Amazon ECDSA 256 S19,Intermediate Certificate,Trusted,2026-07-08,2029-07-07,5CDC5408C7283FEA8501B0735817639531F96B5628D04411B9F72A8D8DA4D958,18CE6CFE7BF14E60B2E347B8DFE868CB31D02EBB3ADA271569F50343B46DB3A4
A013281,Amazon ECDSA 256 S20,Intermediate Certificate,Trusted,2026-07-08,2029-07-07,418EFF55D11EBBC7FAD3ED9CFEC572E3142EBB648477AB296624462171294BF6,18CE6CFE7BF14E60B2E347B8DFE868CB31D02EBB3ADA271569F50343B46DB3A4
A013280,Amazon ECDSA 256 S21,Intermediate Certificate,Trusted,2026-07-08,2029-07-07,050C63D41EBBF16621C8CFACE982A1FAC6F25F11B40AAD23B29098348AECE08C,18CE6CFE7BF14E60B2E347B8DFE868CB31D02EBB3ADA271569F50343B46DB3A4
A012526,Amazon ECDSA 384 EU M01,Intermediate Certificate,Trusted,2024-11-14,2032-11-14,99B465B7D368B80077779605069FA7A4ED9E8EBBAA2671F3D4F0D15097996E26,8E136CE0E77C848F2D2910ABD4E3A764358BB1B7A4932202BC9B915732462D85
A012781,Amazon ECDSA 384 EU S00,Intermediate Certificate,Trusted,2025-10-01,2033-09-29,A91AA45C79B99F3ABA79CC677D2BDD4623B54A3D035B37681109D7E38BA02E6C,8E136CE0E77C848F2D2910ABD4E3A764358BB1B7A4932202BC9B915732462D85
A012782,Amazon ECDSA 384 EU S01,Intermediate Certificate,Trusted,2025-10-01,2033-09-29,9A471687404FB5C3AAA5B218047A3255A41997C85B6AA8009F4C3DBEFE7A9299,8E136CE0E77C848F2D2910ABD4E3A764358BB1B7A4932202BC9B915732462D85
A012783,Amazon ECDSA 384 EU S02,Intermediate Certificate,Trusted,2025-10-01,2033-09-29,46D1B2F46F959410BD0201702CB33077A9C34F5CB23F976CDD8D328989B04B27,8E136CE0E77C848F2D2910ABD4E3A764358BB1B7A4932202BC9B915732462D85
A010572,Amazon ECDSA 384 M01,Intermediate Certificate,Trusted,2022-08-23,2030-08-23,DFE35C740CF41C0B053E2202EA5AFC2F021F70BF90B26BC861FE1D9A0BFC4F1E,E35D28419ED02025CFA69038CD623962458DA5C695FBDEA3C22B0BFB25897092
A010573,Amazon ECDSA 384 M02,Intermediate Certificate,Trusted,2022-08-23,2030-08-23,A7D15E62C78825919FB59BDE58EFCFB0225B4107DFC60026885420185DC69B63,E35D28419ED02025CFA69038CD623962458DA5C695FBDEA3C22B0BFB25897092
A010574,Amazon ECDSA 384 M03,Intermediate Certificate,Trusted,2022-08-23,2030-08-23,F40DA455BE136E0DB31A116FFD3C3002B1EBBC591558493FE630A9C8C9AFAD70,E35D28419ED02025CFA69038CD623962458DA5C695FBDEA3C22B0BFB25897092
A010575,Amazon ECDSA 384 M04,Intermediate Certificate,Trusted,2022-08-23,2030-08-23,47FD11AD552AB264D7F272770D3B5590AAE145412F4AD6081BDC485298D8E000,E35D28419ED02025CFA69038CD623962458DA5C695FBDEA3C22B0BFB25897092
A012066,Amazon ECDSA 384 M05,Intermediate Certificate,Trusted,2025-01-13,2033-01-13,36FDD1CDE845411BACF3C09E1CA09546DDC5DEA40332DE411AE56EEA349BAEBE,E35D28419ED02025CFA69038CD623962458DA5C695FBDEA3C22B0BFB25897092
A012067,Amazon ECDSA 384 M06,Intermediate Certificate,Trusted,2025-01-13,2033-01-13,4F2D3225BA9E26817DFA325A4FB3397FDE34DE62C41D846CE05D815A10276C3B,E35D28419ED02025CFA69038CD623962458DA5C695FBDEA3C22B0BFB25897092
A012726,Amazon ECDSA 384 Root EU M1,Intermediate Certificate,Trusted,2025-09-17,2033-09-15,C5DF074E1C3A2EAEC742930BEDA6C1A429DB293F96A8F1DB3B1436D772B7C483,E35D28419ED02025CFA69038CD623962458DA5C695FBDEA3C22B0BFB25897092
A013136,Amazon ECDSA 384 S06,Intermediate Certificate,Trusted,2026-04-22,2029-04-21,DA04D90CE79D2EF660296385DE63F1ECEA9DFF9AACC2FDA9185D102B039B1B08,E35D28419ED02025CFA69038CD623962458DA5C695FBDEA3C22B0BFB25897092
A013135,Amazon ECDSA 384 S07,Intermediate Certificate,Trusted,2026-04-22,2029-04-21,31628648F576AEFB32D061FCDCEEF744B3D6E58D13EF5F006B50CE4FBF48766F,E35D28419ED02025CFA69038CD623962458DA5C695FBDEA3C22B0BFB25897092
A013134,Amazon ECDSA 384 S08,Intermediate Certificate,Trusted,2026-04-22,2029-04-21,DF95591DC62E0E08074889ECAE517C332DDB689A003DDD92731D40A77ED6C038,E35D28419ED02025CFA69038CD623962458DA5C695FBDEA3C22B0BFB25897092
A013133,Amazon ECDSA 384 S09,Intermediate Certificate,Trusted,2026-04-22,2029-04-21,59A35269A452111B61AAF9B3D6F10D00536E56FB70F1B0DB89BCE9B86963B1D6,E35D28419ED02025CFA69038CD623962458DA5C695FBDEA3C22B0BFB25897092
A013143,Amazon ECDSA 384 S10,Intermediate Certificate,Trusted,2026-04-22,2029-04-21,B4331422B7ACAB57FB1D709509F71D3B21B247271817483940DCE4700F18F83E,E35D28419ED02025CFA69038CD623962458DA5C695FBDEA3C22B0BFB25897092
A013142,Amazon ECDSA 384 S11,Intermediate Certificate,Trusted,2026-04-22,2029-04-21,42BA4CDADDC71ED5E89ECAD163631A67CCCBFDEF156B316FFE68A47CBDF11DBC,E35D28419ED02025CFA69038CD623962458DA5C695FBDEA3C22B0BFB25897092
A013144,Amazon ECDSA 384 S12,Intermediate Certificate,Trusted,2026-04-22,2029-04-21,B52C4ABE186527B88AFFCCFD71830ECAF31155C1CD8369BB99D1338FCA081FEC,E35D28419ED02025CFA69038CD623962458DA5C695FBDEA3C22B0BFB25897092
A013145,Amazon ECDSA 384 S13,Intermediate Certificate,Trusted,2026-04-22,2029-04-21,79984C553D755CF78F16F9CB899F060F9B45A97D2CB57C27F502B42C9B1EC479,E35D28419ED02025CFA69038CD623962458DA5C695FBDEA3C22B0BFB25897092
A013259,Amazon ECDSA 384 S14,Intermediate Certificate,Trusted,2026-07-08,2029-07-07,5097C042BA4628C18628FEF301F5798F3BCA5D3097DA3EDF30AF0C2AB4DC2263,E35D28419ED02025CFA69038CD623962458DA5C695FBDEA3C22B0BFB25897092
A013260,Amazon ECDSA 384 S15,Intermediate Certificate,Trusted,2026-07-08,2029-07-07,2F2BCDCD54F26CEF3878F6E6694CA13016D6A11A1AE82788209B7B196C5D568D,E35D28419ED02025CFA69038CD623962458DA5C695FBDEA3C22B0BFB25897092
A013264,Amazon ECDSA 384 S16,Intermediate Certificate,Trusted,2026-07-08,2029-07-07,B34E17C32AFC8957FEFF7D0EF5F9FB389D450C32A238E0869642DD21DFC58855,E35D28419ED02025CFA69038CD623962458DA5C695FBDEA3C22B0BFB25897092
A013263,Amazon ECDSA 384 S17,Intermediate Certificate,Trusted,2026-07-08,2029-07-07,0329A16CA4468E1B47C5CA2A58F5F87824508046F15C35267D6B8D2CC69F3FF3,E35D28419ED02025CFA69038CD623962458DA5C695FBDEA3C22B0BFB25897092
A013277,Amazon ECDSA 384 S18,Intermediate Certificate,Trusted,2026-07-08,2029-07-07,86048C1D12E93D6950D1553485C90EBFA39E0BAD02A435D9724B0A95E5A4241F,E35D28419ED02025CFA69038CD623962458DA5C695FBDEA3C22B0BFB25897092
A013276,Amazon ECDSA 384 S19,Intermediate Certificate,Trusted,2026-07-08,2029-07-07,2082A3883508038D41ECF5DEA56D870F391DBCEBC9C949056F718E8F0BEEC711,E35D28419ED02025CFA69038CD623962458DA5C695FBDEA3C22B0BFB25897092
A013274,Amazon ECDSA 384 S20,Intermediate Certificate,Trusted,2026-07-08,2029-07-07,4C66F0EFF04D454B70895E85C6B7D90849D0B61DD8F2F0A7C5BDF3542E91A552,E35D28419ED02025CFA69038CD623962458DA5C695FBDEA3C22B0BFB25897092
A013275,Amazon ECDSA 384 S21,Intermediate Certificate,Trusted,2026-07-08,2029-07-07,25675DC3724EDA70E715CBCB49F7D8609D174A3DFEA511F3F4C72890FC0CDFF3,E35D28419ED02025CFA69038CD623962458DA5C695FBDEA3C22B0BFB25897092
A013290,Amazon ECDSA 384 S22,Intermediate Certificate,Trusted,2026-07-08,2029-07-07,73F471734E0EAC3D4F5BFFF00E2754AD9ED999F6A1CFEA599945573B55C3ABD4,E35D28419ED02025CFA69038CD623962458DA5C695FBDEA3C22B0BFB25897092
A013289,Amazon ECDSA 384 S23,Intermediate Certificate,Trusted,2026-07-08,2029-07-07,47C8737DBFE93C308E418AB1D3F344880D24062158F079E5011826629830DF9B,E35D28419ED02025CFA69038CD623962458DA5C695FBDEA3C22B0BFB25897092
A013296,Amazon ECDSA 384 S24,Intermediate Certificate,Trusted,2026-07-08,2029-07-07,17B5DE715F822FE2C03E0386124FDF5508DAADEB2F096BE8F7B1F6B87F9B25B2,E35D28419ED02025CFA69038CD623962458DA5C695FBDEA3C22B0BFB25897092
A013295,Amazon ECDSA 384 S25,Intermediate Certificate,Trusted,2026-07-08,2029-07-07,ECCF61E6146D84039AE0763F49B2D7C15022B1426256F92401EE10BF326EA6CB,E35D28419ED02025CFA69038CD623962458DA5C695FBDEA3C22B0BFB25897092
A013262,Amazon ECDSA 384 S26,Intermediate Certificate,Trusted,2026-07-08,2029-07-07,EB08D293792D3960AF4EE1449571EF064B6ECFB5033A932C4F4F634927A86A5C,E35D28419ED02025CFA69038CD623962458DA5C695FBDEA3C22B0BFB25897092
A013261,Amazon ECDSA 384 S27,Intermediate Certificate,Trusted,2026-07-08,2029-07-07,5BAF3D78A35B7A9BD839C7AEEB1A5A92B225C620D824F7E537D7EDBCBA41EFAF,E35D28419ED02025CFA69038CD623962458DA5C695FBDEA3C22B0BFB25897092
A013279,Amazon ECDSA 384 S28,Intermediate Certificate,Trusted,2026-07-08,2029-07-07,6B1AB876C341D7FBD6AB569CCFA86090DFADA1A16078F5D65834FDE3DEE1512F,E35D28419ED02025CFA69038CD623962458DA5C695FBDEA3C22B0BFB25897092
A013278,Amazon ECDSA 384 S29,Intermediate Certificate,Trusted,2026-07-08,2029-07-07,45F561F7C1AA5A9B97B697237F9408D2DF790522541A610DAA578764282D7CB7,E35D28419ED02025CFA69038CD623962458DA5C695FBDEA3C22B0BFB25897092
A012524,Amazon RSA 2048 EU M01,Intermediate Certificate,Trusted,2024-11-14,2032-11-14,738618D9D4C34F9DFF95720255EF9040FFC7C4C5203309438E10E6F4959462B6,EAFFAC50C7E3E15A68F779A5E70EC2F5E9FC4A03FF69AB337B4D6C4510432395
A012775,Amazon RSA 2048 EU S00,Intermediate Certificate,Trusted,2025-10-01,2033-09-29,2CE3BE72BBF56EDB17095B603ED4D8280B081B38204341546802C1427BB2435F,EAFFAC50C7E3E15A68F779A5E70EC2F5E9FC4A03FF69AB337B4D6C4510432395
A012776,Amazon RSA 2048 EU S01,Intermediate Certificate,Trusted,2025-10-01,2033-09-29,AD74711E36B04D405884502784E431B370056886F38E4B4CBC80DC3A70520E66,EAFFAC50C7E3E15A68F779A5E70EC2F5E9FC4A03FF69AB337B4D6C4510432395
A012777,Amazon RSA 2048 EU S02,Intermediate Certificate,Trusted,2025-10-01,2033-09-29,D784A432804C2D537B9A826BB780A6362A9E02BBCBE2DDB8CFA011A0B70B3C37,EAFFAC50C7E3E15A68F779A5E70EC2F5E9FC4A03FF69AB337B4D6C4510432395
A010557,Amazon RSA 2048 M01,Intermediate Certificate,Trusted,2022-08-23,2030-08-23,5338EBEC8FB2AC60996126D3E76AA34FD0F3318AC78EBB7AC8F6F1361F484B33,8ECDE6884F3D87B1125BA31AC3FCB13D7016DE7F57CC904FE1CB97C6AE98196E
A010560,Amazon RSA 2048 M02,Intermediate Certificate,Trusted,2022-08-23,2030-08-23,B0F330A31A0C50987E1C3A7BB02C2DDA682991D3165B517BD44FBA4A6020BD94,8ECDE6884F3D87B1125BA31AC3FCB13D7016DE7F57CC904FE1CB97C6AE98196E
A010561,Amazon RSA 2048 M03,Intermediate Certificate,Trusted,2022-08-23,2030-08-23,BF8A69027BCC8D2D42A6E6D25BDD4873F6A34B8F90EDF07E86C5D6916DA0B933,8ECDE6884F3D87B1125BA31AC3FCB13D7016DE7F57CC904FE1CB97C6AE98196E
A010562,Amazon RSA 2048 M04,Intermediate Certificate,Trusted,2022-08-23,2030-08-23,138BDF6E23AC971EB4E626B279DD6A26F057510F1DE394293A5EEA2860DE019B,8ECDE6884F3D87B1125BA31AC3FCB13D7016DE7F57CC904FE1CB97C6AE98196E
A012061,Amazon RSA 2048 M05,Intermediate Certificate,Trusted,2025-01-13,2033-01-13,F1D0D91BD33F9C0600B394481847FCD3069D4532FE55EFC06A12E5259DD4CE2A,8ECDE6884F3D87B1125BA31AC3FCB13D7016DE7F57CC904FE1CB97C6AE98196E
A012063,Amazon RSA 2048 M06,Intermediate Certificate,Trusted,2025-01-13,2033-01-13,64F0C9594F65BD69FCF82E35879827F3AEB36B9F9977726A9A9F33CB61EE7BBB,8ECDE6884F3D87B1125BA31AC3FCB13D7016DE7F57CC904FE1CB97C6AE98196E
A012724,Amazon RSA 2048 Root EU M1,Intermediate Certificate,Trusted,2025-09-17,2033-09-15,BDDB011E995A62B9F58507944E04F8A624888EF4C0C41C79CAB032168C86B83B,8ECDE6884F3D87B1125BA31AC3FCB13D7016DE7F57CC904FE1CB97C6AE98196E
A013140,Amazon RSA 2048 S06,Intermediate Certificate,Trusted,2026-04-22,2029-04-21,BA1987F4BB1612406C414FAD60AA69332B6ED0B96FC7A99F9F690B69D78E8766,8ECDE6884F3D87B1125BA31AC3FCB13D7016DE7F57CC904FE1CB97C6AE98196E
A013141,Amazon RSA 2048 S07,Intermediate Certificate,Trusted,2026-04-22,2029-04-21,2AB22EA330338D0DD1F4562DD52E352DD00331CF330507B9C76DD0603733812C,8ECDE6884F3D87B1125BA31AC3FCB13D7016DE7F57CC904FE1CB97C6AE98196E
A013139,Amazon RSA 2048 S08,Intermediate Certificate,Trusted,2026-04-22,2029-04-21,62E81C6805A0A23A1F946171DF0423B4A427399E0947A516918EE96F11F984CC,8ECDE6884F3D87B1125BA31AC3FCB13D7016DE7F57CC904FE1CB97C6AE98196E
A013150,Amazon RSA 2048 S09,Intermediate Certificate,Trusted,2026-04-22,2029-04-21,E5A09008CF8BF271E25FEA61127B9F4F2E4AAA4102CB59AD5EDEBC3A0FB8F4AB,8ECDE6884F3D87B1125BA31AC3FCB13D7016DE7F57CC904FE1CB97C6AE98196E
A013148,Amazon RSA 2048 S10,Intermediate Certificate,Trusted,2026-04-22,2029-04-21,A38B75A1866AFFBDBD6FB6653214C09F13E3F3B3248E5B098FD6240A0B21F373,8ECDE6884F3D87B1125BA31AC3FCB13D7016DE7F57CC904FE1CB97C6AE98196E
A013149,Amazon RSA 2048 S11,Intermediate Certificate,Trusted,2026-04-22,2029-04-21,FE5030D0B4CFA4DE1E286E75B5E4716271F1A4789CF546C485179F9FAE57FE01,8ECDE6884F3D87B1125BA31AC3FCB13D7016DE7F57CC904FE1CB97C6AE98196E
A013269,Amazon RSA 2048 S12,Intermediate Certificate,Trusted,2026-07-08,2029-07-07,52EB389BBDC400BC0A93C2D7713AE893137EE7A8DBC418C74F43D49619B1FB91,8ECDE6884F3D87B1125BA31AC3FCB13D7016DE7F57CC904FE1CB97C6AE98196E
A013270,Amazon RSA 2048 S13,Intermediate Certificate,Trusted,2026-07-08,2029-07-07,2EE796CC437A9E971FD3B67B737242012773D87B9289DAA9E13F7EA32708A22F,8ECDE6884F3D87B1125BA31AC3FCB13D7016DE7F57CC904FE1CB97C6AE98196E
A013271,Amazon RSA 2048 S14,Intermediate Certificate,Trusted,2026-07-08,2029-07-07,AFF34C5497195F13C8A9A5D09B6AF21364DC1F3813ECF94EED0DAB683E15F97F,8ECDE6884F3D87B1125BA31AC3FCB13D7016DE7F57CC904FE1CB97C6AE98196E
A013284,Amazon RSA 2048 S15,Intermediate Certificate,Trusted,2026-07-08,2029-07-07,351ABB5189DCE3ACD5E0484A8B6AECD5D775F37692702150E20ED309FB5F8B03,8ECDE6884F3D87B1125BA31AC3FCB13D7016DE7F57CC904FE1CB97C6AE98196E
A013287,Amazon RSA 2048 S16,Intermediate Certificate,Trusted,2026-07-08,2029-07-07,33D789BD96B40709982E9B88C6BFCF742D6610D0F9A322B620B24FC6E7B9E49E,8ECDE6884F3D87B1125BA31AC3FCB13D7016DE7F57CC904FE1CB97C6AE98196E
A013288,Amazon RSA 2048 S17,Intermediate Certificate,Trusted,2026-07-08,2029-07-07,1803A03804B1B20BD6B064E6574978942F8EF6FCF2AFCF28CF516F382F8DEC47,8ECDE6884F3D87B1125BA31AC3FCB13D7016DE7F57CC904FE1CB97C6AE98196E
A013293,Amazon RSA 2048 S18,Intermediate Certificate,Trusted,2026-07-08,2029-07-07,7529A73C4D0F371A9C76AFB443374960B9969CAF431FDF5A15EB7028D40078B0,8ECDE6884F3D87B1125BA31AC3FCB13D7016DE7F57CC904FE1CB97C6AE98196E
A013294,Amazon RSA 2048 S19,Intermediate Certificate,Trusted,2026-07-08,2029-07-07,04091B1D552BF3556E2823479BF2A4E7F2DE3013895F9837FBE697FB7D4C1EA8,8ECDE6884F3D87B1125BA31AC3FCB13D7016DE7F57CC904FE1CB97C6AE98196E
A013299,Amazon RSA 2048 S20,Intermediate Certificate,Trusted,2026-07-08,2029-07-07,8E5DE9110E08E11B0D3A566AFD0A762780A39660CF6B9339336DD51EE1FA9317,8ECDE6884F3D87B1125BA31AC3FCB13D7016DE7F57CC904FE1CB97C6AE98196E
A013300,Amazon RSA 2048 S21,Intermediate Certificate,Trusted,2026-07-08,2029-07-07,B06193B2656F9003EDDA43F4B5C07A0280ADB2B6B482E2280955FC9E3B3EBBCE,8ECDE6884F3D87B1125BA31AC3FCB13D7016DE7F57CC904FE1CB97C6AE98196E
A013272,Amazon RSA 2048 S22,Intermediate Certificate,Trusted,2026-07-08,2029-07-07,A6DA77CCC7F604F7C56F0C4921A9EDFEC279CEF1B93D2FBD3D0BDA5AAED72440,8ECDE6884F3D87B1125BA31AC3FCB13D7016DE7F57CC904FE1CB97C6AE98196E
A013273,Amazon RSA 2048 S23,Intermediate Certificate,Trusted,2026-07-08,2029-07-07,235EF6809CAFF0EC5A0F1EDC36FB52CCDC328B5A4CC4630DAAA8839B387A836E,8ECDE6884F3D87B1125BA31AC3FCB13D7016DE7F57CC904FE1CB97C6AE98196E
A013286,Amazon RSA 2048 S24,Intermediate Certificate,Trusted,2026-07-08,2029-07-07,E052B6CC2F2C2A872CCB1BF3F73D99CEB2BAEDFD4886C5452B57F7B89CD4BC8F,8ECDE6884F3D87B1125BA31AC3FCB13D7016DE7F57CC904FE1CB97C6AE98196E
A013285,Amazon RSA 2048 S25,Intermediate Certificate,Trusted,2026-07-08,2029-07-07,3A42E35D012808C29EDCD08A8E51E9838A771ABCFE3B82CBB89A7ADA930BA3A5,8ECDE6884F3D87B1125BA31AC3FCB13D7016DE7F57CC904FE1CB97C6AE98196E
A010564,Amazon RSA 4096 M01,Intermediate Certificate,Trusted,2022-08-23,2030-08-23,40FE28DC925D1A8A6B8F861863EB57CD30C6776416AB8A99920BAC7C925A4174,1BA5B2AA8C65401A82960118F80BEC4F62304D83CEC4713A19C39C011EA46DB4
A010565,Amazon RSA 4096 M02,Intermediate Certificate,Trusted,2022-08-23,2030-08-23,2CC39F6789B967B0282AEACA4548F602A1B274E90D260773E9E7B0F7C0F13432,1BA5B2AA8C65401A82960118F80BEC4F62304D83CEC4713A19C39C011EA46DB4
A010566,Amazon RSA 4096 M03,Intermediate Certificate,Trusted,2022-08-23,2030-08-23,41BDC074EB9531EC81FEF08D9FFA16536F61FC59789265E95E89A4982AEF3F91,1BA5B2AA8C65401A82960118F80BEC4F62304D83CEC4713A19C39C011EA46DB4
A010567,Amazon RSA 4096 M04,Intermediate Certificate,Trusted,2022-08-23,2030-08-23,3B6FAB0AB11C14EEF9031969E0ADB037C8FCC3366728A6567623D3C26B3632CB,1BA5B2AA8C65401A82960118F80BEC4F62304D83CEC4713A19C39C011EA46DB4
A012062,Amazon RSA 4096 M05,Intermediate Certificate,Trusted,2025-01-13,2033-01-13,8714CD260F39B865E4B0ADF16ECBAA748AB0ABE494980E80E196A6DB1B170B5B,1BA5B2AA8C65401A82960118F80BEC4F62304D83CEC4713A19C39C011EA46DB4
A000828,Amazon Root CA 1,Intermediate Certificate,Trusted,2015-05-25,2037-12-31,87DCD4DC74640A322CD205552506D1BE64F12596258096544986B4850BC72706,568D6905A2C88708A4B3025190EDCFEDB1974A606A13C6E5290FCB2AE63EDAB5
A000967,Amazon Root CA 1,Intermediate Certificate,Trusted,2015-10-21,2037-12-31,391220705B75BCF3ED3CD4B3631213F569D2CF8226101E170799A5354AB12861,568D6905A2C88708A4B3025190EDCFEDB1974A606A13C6E5290FCB2AE63EDAB5
A000829,Amazon Root CA 2,Intermediate Certificate,Trusted,2015-05-25,2037-12-31,8B358466D66126312120645A5875A6A57E3C81D98476A967604244254EAC00F0,568D6905A2C88708A4B3025190EDCFEDB1974A606A13C6E5290FCB2AE63EDAB5
A000830,Amazon Root CA 3,Intermediate Certificate,Trusted,2015-05-25,2037-12-31,40C826FDB22BA32A2F9DB4F94770F72B8B1DA9C8FFDA7B11E6F27AF245C89B5E,568D6905A2C88708A4B3025190EDCFEDB1974A606A13C6E5290FCB2AE63EDAB5
A000831,Amazon Root CA 4,Intermediate Certificate,Trusted,2015-05-25,2037-12-31,543D9B7FC2A6471CD84FCA52C2CF6159DF83EBFCD88D8B08B5AF3F88737F52E6,568D6905A2C88708A4B3025190EDCFEDB1974A606A13C6E5290FCB2AE63EDAB5
A012477,AnTrust OV SSL G2 R30 CA,Intermediate Certificate,Trusted,2025-06-17,2030-06-06,B0E7145A48B9FAE4A499071FE9C4FA59032DF72E75955B2B3EFB79599E4A53E0,FE7696573855773E37A95E7AD4D9CC96C30157C15D31765BA9B15704E1AE78FD
A013192,AnsonNet TLS Issuing RSA CA 2,Intermediate Certificate,Trusted,2026-05-22,2036-05-19,DA50741B41A10B8ACBF7AA6F441E9764CE61737763C7B2DB979FFAF9DF66D705,FFE930442DFEB69CE29A908B6A639B370BD6BA6075F931AB83561D938B453A21
A007412,AnsonNet TLS Issuing RSA CA R1,Intermediate Certificate,Trusted,2020-10-06,2030-10-04,92CE7EA7424B3E7A2C14C26E0D572ADBD556E05E2B2A8BD3761C695254255856,EDAC9C45909F4DEC7BB65F0A4FBF6A8A0375E52AEDD66E06888FED7E3EDEC537
A006026,Apple IST CA 8 - G1,Intermediate Certificate,Trusted,2018-12-21,2031-06-08,9218BAB94E7D5D1F81D62D0FC23E31C8BBCBEE3545D1D7E9D3FD29B30BC188C8,31AD6648F8104138C738F39EA4320133393E3A18CC02296EF97C2AC9EF6731D0
A002057,Apple IST CA 8 - G1,Intermediate Certificate,Trusted,2016-06-09,2031-06-08,A4FE7C7F15155F3F0AEF7AAA83CF6E06DEB97CA3F909DF920AC1490882D488ED,5EDB7AC43B82A06A8761E8D7BE4979EBF2611F7DD79BF91C1C6B566A219ED766
A005996,Apple IST CA 8 - G1,Intermediate Certificate,Trusted,2018-12-12,2031-06-08,8711EE539E74213F5F412EB4A18A98C3B58DA620B4D43E75B0542AFC39FC6033,31AD6648F8104138C738F39EA4320133393E3A18CC02296EF97C2AC9EF6731D0
A011424,Apple Public Client ECC CA 50 - G1,Intermediate Certificate,Trusted,2024-01-31,2030-04-10,5F8AD1286DD9D1DAF23272E4E13CC995CCE5BE27BBF79029152BE09EF39ED296,4FF460D54B9C86DABFBCFC5712E0400D2BED3FBC4D4FBDAA86E06ADCD2A9AD7A
A006473,Apple Public Client RSA CA 12 - G1,Intermediate Certificate,Trusted,2019-06-19,2028-12-06,EB62BFFA6CBC802E4DAE6F8C53908020BE7F07774A55E67BBD63ECC37679DEC8,D7A7A0FB5D7E2731D771E9484EBCDEF71D5F0C3E0A2948782BC83EE0EA699EF4
A011769,Apple Public Client RSA CA 14 - G1,Intermediate Certificate,Trusted,2024-07-31,2030-04-10,C1A99C82AD9BC8A2D7B7D599EA2C572BA8CBE0614B6A01C9064F396AC6B124DF,E793C9B02FD8AA13E21C31228ACCB08119643B749C898964B1746D46C3D4CBD2
A011778,Apple Public Client RSA CA 3 - G1,Intermediate Certificate,Trusted,2024-08-14,2029-08-13,F74553757F2C6397D154296A86230C17B25DA8C7C426CD198A5107AD49047C30,552F7BDCF1A7AF9E6CE672017F4F12ABF77240C78E761AC203D1D9D20AC89988
A011423,Apple Public Client RSA CA 50 - G1,Intermediate Certificate,Trusted,2024-01-31,2030-04-10,9EC26DA7082782DE9ED89221DE7B02F7417557C261BA5BCB87CE68C0801E7341,E793C9B02FD8AA13E21C31228ACCB08119643B749C898964B1746D46C3D4CBD2
A007021,Apple Public EV Server ECC CA 1 - G1,Intermediate Certificate,Trusted,2020-04-29,2030-04-10,2585928D2C5BFD952E025BD12E27C6776224CF752EC362D3031CDD49351844D4,31AD6648F8104138C738F39EA4320133393E3A18CC02296EF97C2AC9EF6731D0
A007019,Apple Public EV Server RSA CA 1 - G1,Intermediate Certificate,Trusted,2020-04-29,2030-04-10,340CA5BA402D140B65A2C976E7AE8128A1505C29D190E0E034F59CCAE7A92BC2,CB3CCBB76031E5E0138F8DD39A23F9DE47FFC35E43C1144CEA27D46A5AB1CB5F
A012330,Apple Public EV Server RSA CA 4 - G1,Intermediate Certificate,Trusted,2025-05-14,2030-04-10,4A7F104F057D52F1AB912D41C1200744019E0E38A56FF27F4FA7ADB4E9A3AB9C,CB3CCBB76031E5E0138F8DD39A23F9DE47FFC35E43C1144CEA27D46A5AB1CB5F
A005989,Apple Public Server ECC CA 1 - G1,Intermediate Certificate,Trusted,2018-12-12,2030-12-11,2AF988F26F6EF0DAB9055697F0941FB4E5C42247CA982826895EF29985D30CD6,31AD6648F8104138C738F39EA4320133393E3A18CC02296EF97C2AC9EF6731D0
A006472,Apple Public Server ECC CA 11 - G1,Intermediate Certificate,Trusted,2019-06-19,2030-12-04,C451BEFBA87014ECD57851D1E682403E3CA60963773AE7FAA00FFD6FFAC8B2A3,1793927A0614549789ADCE2F8F34F7F0B66D0F3AE3A3B84D21EC15DBBA4FADC7
A005990,Apple Public Server RSA CA 1 - G1,Intermediate Certificate,Trusted,2018-12-12,2030-12-11,392583543B93B10E0506DE75D69399FCBBC1469C8DE396066C756088B92241DA,CB3CCBB76031E5E0138F8DD39A23F9DE47FFC35E43C1144CEA27D46A5AB1CB5F
A006470,Apple Public Server RSA CA 11 - G1,Intermediate Certificate,Trusted,2019-06-19,2030-12-04,6C66578DC96AD13EB7B688BDC09DB472D5FBF03B3BD21309665052A886D7E9B4,E793C9B02FD8AA13E21C31228ACCB08119643B749C898964B1746D46C3D4CBD2
A006168,Aristotle University of Thessaloniki SSL RSA SubCA R2,Intermediate Certificate,Trusted,2019-03-14,2027-03-12,0EE82CEB7ECA241CCC29D4E588062C43E447EDE6C696F135ACC411966126BA83,A040929A02CE53B4ACF4F2FFC6981CE4496F755E6D45FE0B2A692BCD52523F36
A006952,Athens University of Economics and Business TLS RSA SubCA R1,Intermediate Certificate,Trusted,2020-03-24,2028-03-22,3995B01A17800AECF5480E939D9DA44EDCCC7CF2935657C6179D5A1EFA25D74D,A040929A02CE53B4ACF4F2FFC6981CE4496F755E6D45FE0B2A692BCD52523F36
A010706,Atos TrustedRoot Client CA ECC 2022,Intermediate Certificate,Trusted,2022-10-20,2032-10-17,6875A09A2728A3066AD345376835123297E318FA89649DC4C03A2105086B09A3,E38655F4B0190C84D3B3893D840A687E190A256D98052F159E6D4A39F589A6EB
A007133,Atos TrustedRoot Client-CA 2020,Intermediate Certificate,Trusted,2020-07-07,2030-07-05,5317DF82FB9A88993FA067D8352BC4195B84BBD0C698A1EDD7AF97C9DD90D879,F356BEA244B7A91EB35D53CA9AD7864ACE018E2D35D5F8F96DDF68A6F41AA474
A010397,Atos TrustedRoot Client-CA for Elopak G2 2022,Intermediate Certificate,Trusted,2022-07-12,2030-07-10,079945DE25532CA107DD377C8C863663653E30219C7EB16866BE220542A2BEA9,F356BEA244B7A91EB35D53CA9AD7864ACE018E2D35D5F8F96DDF68A6F41AA474
A010105,Atos TrustedRoot Client-CA for Primetals 2022,Intermediate Certificate,Trusted,2022-03-17,2030-03-15,4F36C688E8F4409DAB5E8FF32E535C4937B2A73B9BD04855BC5D6528088CD1AF,F356BEA244B7A91EB35D53CA9AD7864ACE018E2D35D5F8F96DDF68A6F41AA474
A010220,Atos TrustedRoot Client-CA for Primetals G2 2022,Intermediate Certificate,Trusted,2022-05-04,2030-05-02,2445879506C19F122716F5BAD351CB73415CDF6186E8741B34FA1C956A198B5E,F356BEA244B7A91EB35D53CA9AD7864ACE018E2D35D5F8F96DDF68A6F41AA474
A006295,Atos TrustedRoot Mailgateway CA 2019,Intermediate Certificate,Trusted,2019-05-08,2029-05-05,6E81509376C93FBCE79472C843A568E883CB5D23ECEEA8299A5CBE9C57BCEE1C,F356BEA244B7A91EB35D53CA9AD7864ACE018E2D35D5F8F96DDF68A6F41AA474
A010398,Atos TrustedRoot Server CA ECC 2022,Intermediate Certificate,Trusted,2022-07-12,2032-07-09,9F598AF2CEE0321800BA49ACB9ADD14545C08FFE4A06EFA7A09BC395E36E5C4D,B2FAE53E14CCD7AB9212064701AE279C1D8988FACB775FA8A008914E663988A8
A010399,Atos TrustedRoot Server CA RSA 2022,Intermediate Certificate,Trusted,2022-07-12,2032-07-09,843103FDC2E04B5115C78CC7C47D802ABEF427216E5BBD0946D105751868C3B5,81A9088EA59FB364C548A6F85559099B6F0405EFBF18E5324EC9F457BA00112F
A007455,Attorney Generals Department Public CA - G2,Intermediate Certificate,Trusted,2020-10-28,2030-10-27,F4DC92DB2CD8B9158D011335A95BB61BD340ACE2E5BDC8816373ABCB2D31D288,7D05EBB682339F8C9451EE094EEBFEFA7953A114EDB2F44949452FAB7D2FC185
A007935,Attorney Generals Department Public CA - G3,Intermediate Certificate,Trusted,2021-10-11,2031-10-10,3A6F06233A059C0C8FE3C68289FD35A0DB7520F9D65984BBBF2D8E37C0BBFCDB,7D05EBB682339F8C9451EE094EEBFEFA7953A114EDB2F44949452FAB7D2FC185
A012092,Automation Security Technology ECC DV SSL CA,Intermediate Certificate,Trusted,2025-01-22,2035-01-21,5A82914C9C63A82D6D96C3E42D798B16F87DD3820B8613AA70945CEE6A588D14,C90F26F0FB1B4018B22227519B5CA2B53E2CA5B3BE5CF18EFE1BEF47380C5383
A013241,AutonTrust PRO DV TLS G2 R31 CA,Intermediate Certificate,Trusted,2026-06-17,2031-06-06,31480F53BFF4B2A75DCE38E7961AFBBDB7E3760D32A727601785564869BEE7A7,FE7696573855773E37A95E7AD4D9CC96C30157C15D31765BA9B15704E1AE78FD
A006693,Avaya Client Services Users CA 2,Intermediate Certificate,Trusted,2019-11-26,2029-11-26,1FFA0D1F55CE4A0507E8C38E8B557B88CBDD690D903D996B1F7850D81D6A4A93,7D05EBB682339F8C9451EE094EEBFEFA7953A114EDB2F44949452FAB7D2FC185
A010822,BEKB - BCBE Issuing CA G2,Intermediate Certificate,Trusted,2023-02-07,2031-11-24,474D298059F15BC5319B4A94D38AAFADBF627CC09513FCD9362CD89C2F9B6221,18F1FC7F205DF8ADDDEB7FE007DD57E3AF375A9C4D8D73546BF4F1FED1E18D35
A011252,BEKB BCBE G3 SMIME CH RSA4096 SHA256 2023 CA1,Intermediate Certificate,Trusted,2023-09-25,2031-09-23,174ED245170A592A7985436B9F590A3E96C134807C4AFDA872BC7E09A49855ED,8A866FD1B276B57E578E921C65828A2BED58E9F2F288054134B7F1F4BFC9CC74
A007092,BJCA DV SSL CA1,Intermediate Certificate,Trusted,2019-12-19,2034-12-15,B408D6C82097121694B9B6548C5B4944594C081134F36C5BE88D74FA34759D91,F3896F88FE7C0A882766A7FA6AD2749FB57A7F3E98FB769C1FA7B09C2C44D5AE
A012466,BJCA DV SSL CA1 G2,Intermediate Certificate,Trusted,2025-05-29,2040-05-25,07F80FD793BEE4C881A901105657696A237509BBE4DFDB0BA752B4F4F6D42019,F3896F88FE7C0A882766A7FA6AD2749FB57A7F3E98FB769C1FA7B09C2C44D5AE
A007100,BJCA DV SSL CA2,Intermediate Certificate,Trusted,2019-12-19,2034-12-15,3F5CB1531CB1223AABFB70872DC43D2DD6CC3D2823E96B458A9F8A7EC0265946,574DF6931E278039667B720AFDC1600FC27EB66DD3092979FB73856487212882
A012470,BJCA DV SSL CA2 G2,Intermediate Certificate,Trusted,2025-05-28,2040-05-24,95E29D525032825922A58B03C56E3B9741237BBE2E6CDCA456DF8CC1E56BE4A1,574DF6931E278039667B720AFDC1600FC27EB66DD3092979FB73856487212882
A007089,BJCA EV SSL CA1,Intermediate Certificate,Trusted,2019-12-19,2034-12-15,115A2A45DB520361A2CDF0A395C4A4BD8A18902EAA4036792825F846BBD76917,F3896F88FE7C0A882766A7FA6AD2749FB57A7F3E98FB769C1FA7B09C2C44D5AE
A012467,BJCA EV SSL CA1 G2,Intermediate Certificate,Trusted,2025-05-29,2040-05-25,DC7FC62ADA41A93A98CE432459CD7E40D1C037B1DE27F2C5BCB6289A53984348,F3896F88FE7C0A882766A7FA6AD2749FB57A7F3E98FB769C1FA7B09C2C44D5AE
A007097,BJCA EV SSL CA2,Intermediate Certificate,Trusted,2019-12-19,2034-12-15,E601477705341270FD120066BBDF26223E6953C4DB8FA7EA197EAF5BF8343B25,574DF6931E278039667B720AFDC1600FC27EB66DD3092979FB73856487212882
A012471,BJCA EV SSL CA2 G2,Intermediate Certificate,Trusted,2025-05-28,2040-05-24,D8AC54FAFBFBDB6CE68B1BC9953675339660DD98D425DD72876E2CA29D2491AB,574DF6931E278039667B720AFDC1600FC27EB66DD3092979FB73856487212882
A007091,BJCA IV SSL CA1,Intermediate Certificate,Trusted,2019-12-19,2034-12-15,D70C597009AF3A3A37BDFABEA0C64108C7B83CD6C2042E8FF178A3EE8FE0CAE8,F3896F88FE7C0A882766A7FA6AD2749FB57A7F3E98FB769C1FA7B09C2C44D5AE
A012468,BJCA IV SSL CA1 G2,Intermediate Certificate,Trusted,2025-05-29,2040-05-25,33B5B7C21E66504FD3EE65B0FE0D12C3175BA2A616441B7133DB3C1236B55DF7,F3896F88FE7C0A882766A7FA6AD2749FB57A7F3E98FB769C1FA7B09C2C44D5AE
A007099,BJCA IV SSL CA2,Intermediate Certificate,Trusted,2019-12-19,2034-12-15,2F9F41114DCADC30784E40FEF7D6EE063A9BE7A363DE5737E88FA1118671505E,574DF6931E278039667B720AFDC1600FC27EB66DD3092979FB73856487212882
A012472,BJCA IV SSL CA2 G2,Intermediate Certificate,Trusted,2025-05-28,2040-05-24,D6F102443308694774D3AAD38AEBFA382BC4346BDAF6AE7F36C69E19B8446895,574DF6931E278039667B720AFDC1600FC27EB66DD3092979FB73856487212882
A007090,BJCA OV SSL CA1,Intermediate Certificate,Trusted,2019-12-19,2034-12-15,0A6BC3E2024AC462F5D72BE436AE61D033978EA8DDB63D4C5D6214915E69049B,F3896F88FE7C0A882766A7FA6AD2749FB57A7F3E98FB769C1FA7B09C2C44D5AE
A012469,BJCA OV SSL CA1 G2,Intermediate Certificate,Trusted,2025-05-29,2040-05-25,321FB5BD2625F809CEC9773B3395B4520D1FA9311D43D494E618DEAC0C02B343,F3896F88FE7C0A882766A7FA6AD2749FB57A7F3E98FB769C1FA7B09C2C44D5AE
A007098,BJCA OV SSL CA2,Intermediate Certificate,Trusted,2019-12-19,2034-12-15,3A1A4BD6A62468578DBC91DC24705B276A837CC18B6BEF1FF3F6ED0FE6326302,574DF6931E278039667B720AFDC1600FC27EB66DD3092979FB73856487212882
A012474,BJCA OV SSL CA2 G2,Intermediate Certificate,Trusted,2025-05-28,2040-05-24,9FCC416118949C311A5A48B44278F4FDCC45A650222A656DF0F9EDE2AEC34F04,574DF6931E278039667B720AFDC1600FC27EB66DD3092979FB73856487212882
A007557,BT Corporate User - Public Trust CA1,Intermediate Certificate,Trusted,2021-02-11,2031-02-10,B19B321258FB89E8548124748C16726B42BE74721BDF219636B3CE9E81C29522,7D05EBB682339F8C9451EE094EEBFEFA7953A114EDB2F44949452FAB7D2FC185
A007913,BT Corporate User - Public Trust CA2,Intermediate Certificate,Trusted,2021-09-14,2031-09-13,78C065F4A95B84387E38682A8D9685FEA2BB45EE5D099E38CCB660A6319FC8E4,7D05EBB682339F8C9451EE094EEBFEFA7953A114EDB2F44949452FAB7D2FC185
A011462,BT Corporate User - Public Trust CA3,Intermediate Certificate,Trusted,2024-02-27,2034-02-26,01914E03C37A07A5B7A20BB9D1F9652C966658DEEA52921E3699D233E3FC68AD,7D05EBB682339F8C9451EE094EEBFEFA7953A114EDB2F44949452FAB7D2FC185
A012986,BT Indigo TLS CA1,Intermediate Certificate,Trusted,2026-02-11,2031-02-10,19F6912DFE64848105DC0524BF3DC948C25A6B8FBEE6C399BE44F2C6421AC8FF,A0D609A7E3C434E878A9A1C1BD065B8DCF33AA7EFEE1B11BC75CCE5E5A042080
A012987,BT Indigo TLS CA2,Intermediate Certificate,Trusted,2026-02-11,2031-02-10,0CE2B39B76843F09E196499DC7B3A2A3E5DC826E4A54F30235A14B52F59521B1,A4BCDA32D49CDF05F0CDD085E73C3A2E67880BD48579FED4DF5940DF76A076D7
A006986,"Baidu, Inc. DV CA",Intermediate Certificate,Trusted,2020-04-01,2030-04-01,EA423F1B3B1B529D1C7DB9A21AF87DC78DE7259555E298BA26C63CF1275A912C,E793C9B02FD8AA13E21C31228ACCB08119643B749C898964B1746D46C3D4CBD2
A006987,"Baidu, Inc. EV CA",Intermediate Certificate,Trusted,2020-04-01,2030-04-01,C30BC9667E273937833C396AD85EE325DE633F4FCCC51483417A9C8A4E33B39D,E793C9B02FD8AA13E21C31228ACCB08119643B749C898964B1746D46C3D4CBD2
A006988,"Baidu, Inc. OV CA",Intermediate Certificate,Trusted,2020-04-01,2030-04-01,4B704CDA80E244D4186844F0EF242B70C4B1AB4D8D8961568F28E12C89784F23,E793C9B02FD8AA13E21C31228ACCB08119643B749C898964B1746D46C3D4CBD2
A011964,Banco Votorantim SA GR6 EV TLS CA 2024,Intermediate Certificate,Trusted,2024-11-20,2029-11-20,055D79B306BAC2201A00C705D27745C7E9CF3D7F4379ACD13D8639D2C4F94DF4,2CABEAFE37D06CA22ABA7391C0033D25982952C453647349763A3AB5AD6CCF69
A011615,Bechtel Atlas R45 SMIME ICA 2022,Intermediate Certificate,Trusted,2024-05-15,2032-11-16,BE71D33732D4857FF7AE610DFCC5E0A70B93F14C5D7A3418347D82CE975654AE,319AF0A7729E6F89269C131EA6A3A16FCD86389FDCAB3C47A4A675C161A3F974
A011056,Bechtel Atlas R45 SMIME ICA 2022,Intermediate Certificate,Trusted,2023-06-28,2032-11-16,CCBED114280CFAA28407DF31913F99CA2F212B52E52CD3E150F8CD448EE459C3,319AF0A7729E6F89269C131EA6A3A16FCD86389FDCAB3C47A4A675C161A3F974
A010739,Bechtel Atlas R45 SMIME ICA 2022,Intermediate Certificate,Trusted,2022-11-16,2032-11-16,6390D54F26A13B6511B25130EC0580987AFAB843F15A1E16695AA456BD36C043,319AF0A7729E6F89269C131EA6A3A16FCD86389FDCAB3C47A4A675C161A3F974
A010306,Bechtel Managed SMIME CA,Intermediate Certificate,Trusted,2022-06-23,2032-06-22,D1A7ABBA00B566B8C6A4BD99A242740C45A5C5FCE6651213A3CD292E1FDCF3B5,7D05EBB682339F8C9451EE094EEBFEFA7953A114EDB2F44949452FAB7D2FC185
A006438,BitCert ECC Business Secure Site CA,Intermediate Certificate,Trusted,2019-06-07,2029-06-06,27CE27206502030E3A10BC96D3A20C3D8895F871FB6ABE1D80474AB456F31AF5,4FF460D54B9C86DABFBCFC5712E0400D2BED3FBC4D4FBDAA86E06ADCD2A9AD7A
A006437,BitCert ECC Domain Secure Site CA,Intermediate Certificate,Trusted,2019-06-07,2029-06-06,C5ADA3486BDDB545B3AA7EC99C69C1AED94274D5FECA7933E0132E212F026671,4FF460D54B9C86DABFBCFC5712E0400D2BED3FBC4D4FBDAA86E06ADCD2A9AD7A
A006439,BitCert ECC Extended Validation Secure Site CA,Intermediate Certificate,Trusted,2019-06-07,2029-06-06,16AD5125A0955AF0264218545E74827E2C39A032D5D0BF665B17C3BF99D23496,4FF460D54B9C86DABFBCFC5712E0400D2BED3FBC4D4FBDAA86E06ADCD2A9AD7A
A006434,BitCert RSA Business Secure Site CA,Intermediate Certificate,Trusted,2019-06-07,2029-06-06,4CA080263CE4BC24F1811CEF3FFACA5A5EF398F93EBD0C5BCF5B7BD0BAE67D4A,E793C9B02FD8AA13E21C31228ACCB08119643B749C898964B1746D46C3D4CBD2
A006433,BitCert RSA Domain Secure Site CA,Intermediate Certificate,Trusted,2019-06-07,2029-06-06,431F630A1B5DE6F0FF1B73318D01AAA9FE4A125F3026C1CC30E25CF4A5CBBA3F,E793C9B02FD8AA13E21C31228ACCB08119643B749C898964B1746D46C3D4CBD2
A006435,BitCert RSA Extended Validation Secure Site CA,Intermediate Certificate,Trusted,2019-06-07,2029-06-06,62DDCFA05A63ACFB7C2070A435263F226BF2039FC11D1CCFC736792E4466983B,E793C9B02FD8AA13E21C31228ACCB08119643B749C898964B1746D46C3D4CBD2
A006436,BitCert SHA2 Assured ID CA,Intermediate Certificate,Trusted,2019-06-07,2029-06-06,D20A40BB1B054D1C741CF6F404705436851F468FC0A45564941CC7C7F74A126F,E793C9B02FD8AA13E21C31228ACCB08119643B749C898964B1746D46C3D4CBD2
A013255,Blahaj Cloud TLS ECC CA 1,Intermediate Certificate,Trusted,2026-07-09,2036-07-06,572BB5C7085007AFB7B17866278AEEE73DDD6D702DD52F35EA5108198D623BD5,5D1BC399274E649E1C72697DE91A54AD725088C5221CB61E17EE9C290BC42A92
A007360,Bloomberg TLS CA,Intermediate Certificate,Trusted,2020-09-24,2030-09-23,440B37416F2DE852CA386150D611EC0AF31DD58D8A27F882815A7EA3EE6848EE,CB3CCBB76031E5E0138F8DD39A23F9DE47FFC35E43C1144CEA27D46A5AB1CB5F
A007636,Bloomberg TLS CA,Intermediate Certificate,Trusted,2021-03-30,2031-03-29,F5F1A8C04E5CF0FDB678DD279994463E48508C4349643B0D92CBFD7523F6C40A,CB3CCBB76031E5E0138F8DD39A23F9DE47FFC35E43C1144CEA27D46A5AB1CB5F
A006189,Buypass Class 2 CA 2,Intermediate Certificate,Trusted,2019-03-25,2030-10-26,54A89ECB989A1DCCF4013639F38974A0BC0742C2993DFB6BD0CBF1F462964501,9A114025197C5BB95D94E63D55CD43790847B646B23CDF11ADA4A00EFF15FB48
A006188,Buypass Class 3 CA 2,Intermediate Certificate,Trusted,2019-03-25,2030-10-26,DAA0435407FA44C28AB939E6823813605779093873A96649AD6E03B05D28626C,EDF7EBBCA27A2A384D387B7D4010C666E2EDB4843E4C29B4AE1D5B9332E6B24D
A000704,CA Disig R2I2 Certification Service,Intermediate Certificate,Trusted,2014-10-02,2029-09-28,C96F24C45113FD91AE2F9E40E106653BFA0FFBCFA07E209524C844E7C8DA4148,E23D4A036D7B70E9F595B1422079D2B91EDFBB1FB651A0633EAA8A9DC5F80703
A010924,CA Disig R2I5 Certification Service,Intermediate Certificate,Trusted,2023-04-20,2033-04-20,90BA720B376FB9FDCF8A1037A5316FB493B5ACF656AD79C6839008BD43343FDD,E23D4A036D7B70E9F595B1422079D2B91EDFBB1FB651A0633EAA8A9DC5F80703
A013111,CA Disig R3I1 TLS Certification Service,Intermediate Certificate,Trusted,2026-04-13,2029-04-12,285C50885D41DF6BB1632B78E979750D89F5DBB995D8EA3496CEF40A446397E7,6248199FEA4811FD34AA96EF0A26DE52134B73A9A2A99678F0C2EBADF8663EF8
A013109,CA Disig TLS Root R3,Intermediate Certificate,Trusted,2026-04-13,2029-04-12,1E4CF8FA6ADA4DB81C33BB8E4BF73B8D29E99C119FF0B7A42D58032366F56509,E23D4A036D7B70E9F595B1422079D2B91EDFBB1FB651A0633EAA8A9DC5F80703
A002210,CA Teknikoa - CA Tecnica,Intermediate Certificate,Trusted,2010-10-20,2037-12-12,337C625377592F1DFCC6E65631C605EB8B96E00C146B437FC1F067268154E959,2530CC8E98321502BAD96F9B1FBA1B099E2D299E0F4548BB914F363BC0D4531F
A005717,CA de Certificados SSL EV,Intermediate Certificate,Trusted,2018-07-06,2028-07-06,DB476339CCBFCC9E4BD1D6CB606CA27F00679E1EF8A581E7236309B9D63FFE37,2530CC8E98321502BAD96F9B1FBA1B099E2D299E0F4548BB914F363BC0D4531F
A010889,CATrust ECC DV SSL CA,Intermediate Certificate,Trusted,2023-02-24,2033-02-23,B8B18BABACB6A94EABE6928C6BACF4F6A2D84235D7F866486B5F784473BE708C,4FF460D54B9C86DABFBCFC5712E0400D2BED3FBC4D4FBDAA86E06ADCD2A9AD7A
A013059,CATrust ECC DV SSL CA 2,Intermediate Certificate,Trusted,2026-03-25,2036-03-24,B56462CC3B077DB36E99E6EE98992F6F771280E1F2C7046877A2BFB575F980C3,C90F26F0FB1B4018B22227519B5CA2B53E2CA5B3BE5CF18EFE1BEF47380C5383
A010891,CATrust ECC EV SSL CA,Intermediate Certificate,Trusted,2023-02-24,2033-02-23,898C44BEE78B1634C8D580700A38146B9F5809EB30703422BCB35F404E6A10EC,4FF460D54B9C86DABFBCFC5712E0400D2BED3FBC4D4FBDAA86E06ADCD2A9AD7A
A013061,CATrust ECC EV SSL CA 2,Intermediate Certificate,Trusted,2026-03-25,2036-03-24,A827607C8875556942C04621E00B2F4FBBC24D72D1BA2157327E94DB5B8822E9,C90F26F0FB1B4018B22227519B5CA2B53E2CA5B3BE5CF18EFE1BEF47380C5383
A010890,CATrust ECC OV SSL CA,Intermediate Certificate,Trusted,2023-02-24,2033-02-23,C1F78DFF4B13D64CB109EEB2ADFC4B16400CF58E8C085FA95472CA51655904DC,4FF460D54B9C86DABFBCFC5712E0400D2BED3FBC4D4FBDAA86E06ADCD2A9AD7A
A013060,CATrust ECC OV SSL CA 2,Intermediate Certificate,Trusted,2026-03-25,2036-03-24,F3B5DEE60354F34F1171F636A767153C4EC2A40828A131A84D5FA0C42B8798A4,C90F26F0FB1B4018B22227519B5CA2B53E2CA5B3BE5CF18EFE1BEF47380C5383
A010852,CATrust ECC Secure Email CA,Intermediate Certificate,Trusted,2023-02-24,2033-02-23,96F8E8481B183A57869FAD06B772236E502BD07D0330F0F8263C168B9A1B2CF2,4FF460D54B9C86DABFBCFC5712E0400D2BED3FBC4D4FBDAA86E06ADCD2A9AD7A
A013062,CATrust ECC Secure Email CA 2,Intermediate Certificate,Trusted,2026-03-25,2036-03-24,BBC263C323DCE2808EEB6D2765DF4E100945B506BF388FFC071D5098EF392AEC,22D9599234D60F1D4BC7C7E96F43FA555B07301FD475175089DAFB8C25E477B3
A010886,CATrust RSA DV SSL CA,Intermediate Certificate,Trusted,2023-02-24,2033-02-23,50F168461D8ABF3D04E54BECD009645D0B71C49FDF561E0D8D43AD9005C7F8C4,E793C9B02FD8AA13E21C31228ACCB08119643B749C898964B1746D46C3D4CBD2
A013054,CATrust RSA DV SSL CA 2,Intermediate Certificate,Trusted,2026-03-25,2036-03-24,347F43510DE1535D586EE862D0299CAA75662FD55E35CBDF8E231ABE1A337A76,7BB647A62AEEAC88BF257AA522D01FFEA395E0AB45C73F93F65654EC38F25A06
A010888,CATrust RSA EV SSL CA,Intermediate Certificate,Trusted,2023-02-24,2033-02-23,26E1E17B579F51DE03204521B6D67323C97B0F351E9923C5AA8E7F333F9AB48E,E793C9B02FD8AA13E21C31228ACCB08119643B749C898964B1746D46C3D4CBD2
A013056,CATrust RSA EV SSL CA 2,Intermediate Certificate,Trusted,2026-03-25,2036-03-24,090E2D63987BBAA108945C033646C66E8F4963F8021CBBD09B28ED03C518F15D,7BB647A62AEEAC88BF257AA522D01FFEA395E0AB45C73F93F65654EC38F25A06
A010887,CATrust RSA OV SSL CA,Intermediate Certificate,Trusted,2023-02-24,2033-02-23,6997A28584AD0AC6619136E2BC1FA9C631CA3024B8284294E26FCE336BE541C3,E793C9B02FD8AA13E21C31228ACCB08119643B749C898964B1746D46C3D4CBD2
A013055,CATrust RSA OV SSL CA 2,Intermediate Certificate,Trusted,2026-03-25,2036-03-24,8F8C0C584646FB55E1EF42BF1C7886C1574B4AA25AA96E616B6A16BC2EDE1FA1,7BB647A62AEEAC88BF257AA522D01FFEA395E0AB45C73F93F65654EC38F25A06
A010854,CATrust RSA Secure Email CA,Intermediate Certificate,Trusted,2023-02-24,2033-02-23,2B72C23B951762C7B24C45D08976587EA30FBCBF6623728CEFF50532929F51B2,E793C9B02FD8AA13E21C31228ACCB08119643B749C898964B1746D46C3D4CBD2
A013058,CATrust RSA Secure Email CA 2,Intermediate Certificate,Trusted,2026-03-25,2036-03-24,E0AEBB941DF987357BAF8CD04E1BB9374FB06758FF2707D4DEEDE81FED74B16D,D5917A7791EB7CF20A2E57EB98284A67B28A57E89182DA53D546678C9FDE2B4F
A012208,CBMM Atlas R45 SMIME CA 2025,Intermediate Certificate,Trusted,2025-03-19,2030-03-19,BCCC52A414C3A58B8B2684B608B4CE4AC6B0FC2208EEED85BA0696866EAA3FF4,319AF0A7729E6F89269C131EA6A3A16FCD86389FDCAB3C47A4A675C161A3F974
A007304,CBMM GCC R3 SMIME CA 2020,Intermediate Certificate,Trusted,2020-08-19,2029-03-18,F6F9C3FC5636C7E800EB1BDDFD33AAF98495C130DBF48F9BAF4AB7A1F665DFB4,CBB522D7B7F127AD6A0113865BDF1CD4102E7D0759AF635A7CF4720DC963C53B
A011046,CBMM GCC R3 SMIME CA 2020,Intermediate Certificate,Trusted,2023-06-28,2029-03-18,F6FAD88040CA2A7301B7ABA5094E9610B344368C2D37A99D0EDC6F0CD534B297,CBB522D7B7F127AD6A0113865BDF1CD4102E7D0759AF635A7CF4720DC963C53B
A006954,CEDEFOP TLS RSA SubCA R1,Intermediate Certificate,Trusted,2020-03-24,2028-03-22,44CE97F5C957DD056D44C3E1BDFCEB2CF9A7B428ED089839264336303BCAC7EF,A040929A02CE53B4ACF4F2FFC6981CE4496F755E6D45FE0B2A692BCD52523F36
A006866,CERTDATA SMIME OV CA  [Run by the Issuer],Intermediate Certificate,Trusted,2020-03-05,2030-03-05,492EEE8B3AA6EAC08C2B78A976F133E7E23A1439210807DC4C734F935AAFA5BA,E793C9B02FD8AA13E21C31228ACCB08119643B749C898964B1746D46C3D4CBD2
A006870,CERTDATA SMIME OV ECC CA  [Run by the Issuer],Intermediate Certificate,Trusted,2020-03-05,2030-03-05,25640E60EAB2D51FFFC43776F087B00B3A73C8539AE8440A1CBD014873FE882C,4FF460D54B9C86DABFBCFC5712E0400D2BED3FBC4D4FBDAA86E06ADCD2A9AD7A
A006862,CERTDATA SSL DV CA  [Run by the Issuer],Intermediate Certificate,Trusted,2020-03-05,2030-03-05,70D2B96E7C040B6270FF20BB6BA98421312AD37E462BECB83BE9502B83DF5697,E793C9B02FD8AA13E21C31228ACCB08119643B749C898964B1746D46C3D4CBD2
A006867,CERTDATA SSL DV ECC CA  [Run by the Issuer],Intermediate Certificate,Trusted,2020-03-05,2030-03-05,B7E1242D9694FB5025B096964FA76AF7DED9F55AE4A67A420ADC5F9D11B3AD33,4FF460D54B9C86DABFBCFC5712E0400D2BED3FBC4D4FBDAA86E06ADCD2A9AD7A
A006864,CERTDATA SSL EV CA  [Run by the Issuer],Intermediate Certificate,Trusted,2020-03-05,2030-03-05,BA799F322591DD7D35DBC58F4820725F094F543AA13CB458C55C91DC86BE22FF,E793C9B02FD8AA13E21C31228ACCB08119643B749C898964B1746D46C3D4CBD2
A006869,CERTDATA SSL EV ECC CA  [Run by the Issuer],Intermediate Certificate,Trusted,2020-03-05,2030-03-05,E1C4B0B5BE92471EEC288DB2AAEC80FBE065FBAE8C9A9A57698D7BD89F307031,4FF460D54B9C86DABFBCFC5712E0400D2BED3FBC4D4FBDAA86E06ADCD2A9AD7A
A006863,CERTDATA SSL OV CA  [Run by the Issuer],Intermediate Certificate,Trusted,2020-03-05,2030-03-05,62806A3D942ED4F6C091A131E6363B138DD63A5C3CDF4413D00CC8A0C333A9F8,E793C9B02FD8AA13E21C31228ACCB08119643B749C898964B1746D46C3D4CBD2
A006868,CERTDATA SSL OV ECC CA  [Run by the Issuer],Intermediate Certificate,Trusted,2020-03-05,2030-03-05,D58C14FBC0100E11EFE7208DD691696025733E1786F1A7303B0633E07F661C39,4FF460D54B9C86DABFBCFC5712E0400D2BED3FBC4D4FBDAA86E06ADCD2A9AD7A
A011323,CFCA DV ECC CA,Intermediate Certificate,Trusted,2023-12-05,2027-05-23,690DD5AB690009813339BC668C6D3839144F34E17E5BE7F0958879E9A9E057FB,9E852C59DFC6FD6ABD4E17EA80B5F4E56FC04192D107258D54DA8A92528670D6
A011320,CFCA DV RSA CA,Intermediate Certificate,Trusted,2023-12-05,2027-05-23,ED124F475AAF4D98D1E618D3BE32F003B3CBB873C7D15B0F1A0089739CB4E4CC,9E852C59DFC6FD6ABD4E17EA80B5F4E56FC04192D107258D54DA8A92528670D6
A011325,CFCA EV ECC CA,Intermediate Certificate,Trusted,2023-12-05,2027-05-23,D65810FFD7BF9A0E5779DF6753BA3894379F850B1B743AEC55786F98AC29011F,9E852C59DFC6FD6ABD4E17EA80B5F4E56FC04192D107258D54DA8A92528670D6
A002041,CFCA EV OCA,Intermediate Certificate,Trusted,2012-08-08,2029-12-29,CC7253EBDE9F7E92CBA297B5BADED1B22E5CEACA525E201B4DC410F4F3504B5E,5CC3D78E4E1D5E45547A04E6873E64F90CF9536D1CCC2EF800F355C4C5FD70FD
A011321,CFCA EV RSA CA,Intermediate Certificate,Trusted,2023-12-05,2027-05-23,98380E437E1A46E6AC2AA64D7BE6D71F2969E510ACAF5D37846CF12B8AFE7B3E,9E852C59DFC6FD6ABD4E17EA80B5F4E56FC04192D107258D54DA8A92528670D6
A013222,CFCA EV RSA OCA G2,Intermediate Certificate,Trusted,2023-09-15,2048-09-13,4D452B952FDCDE663C10400AED613C96BED8C4BF1A8F750D8A74D5C4183B1920,6E6EB29F5EBA910AFFD462FC921D724E526805EFE908AEC45BD409B624E14C09
A013353,CFCA Global RSA ROOT G2,Intermediate Certificate,Trusted,2026-08-25,2029-08-25,34CC7ACD483543572DC504ACA328326037B59C106AB1ACDBE30679B95CD1C21E,5CC3D78E4E1D5E45547A04E6873E64F90CF9536D1CCC2EF800F355C4C5FD70FD
A011324,CFCA OV ECC CA,Intermediate Certificate,Trusted,2023-12-05,2027-05-23,A92BF1FDFB2DA2A1CE60E7440992E53A410CE2FAA8AB71EAD7444F2486E5FA9F,9E852C59DFC6FD6ABD4E17EA80B5F4E56FC04192D107258D54DA8A92528670D6
A002311,CFCA OV OCA,Intermediate Certificate,Trusted,2015-03-25,2029-12-25,F07BBBDE076F9B40C57CC4BEFEDE97CA1F53B9AE147F035D284CBF53F3432FB8,5CC3D78E4E1D5E45547A04E6873E64F90CF9536D1CCC2EF800F355C4C5FD70FD
A011322,CFCA OV RSA CA,Intermediate Certificate,Trusted,2023-12-05,2027-05-23,076EA7358389410DF85D911D251B9A582C5E6F684E0F046ED430187F0533AEFC,9E852C59DFC6FD6ABD4E17EA80B5F4E56FC04192D107258D54DA8A92528670D6
A013223,CFCA OV RSA OCA G2,Intermediate Certificate,Trusted,2023-09-15,2048-09-13,EB6C466E647A5EB633A38290FD30131DD7B887B51E1340ABB502C7AB31688F04,6E6EB29F5EBA910AFFD462FC921D724E526805EFE908AEC45BD409B624E14C09
A013212,CFCA TLS EV OCA,Intermediate Certificate,Trusted,2026-06-09,2029-12-30,C4B156E93B55879D2B3BF90583245570B4070BF6725BDC65532F70209A93F0C3,5CC3D78E4E1D5E45547A04E6873E64F90CF9536D1CCC2EF800F355C4C5FD70FD
A013213,CFCA TLS OV OCA,Intermediate Certificate,Trusted,2026-06-09,2029-12-30,068794F5A084F6D2D504A6FF2EF07BBC4D132D66253280D8ED88D5BD04535A0A,5CC3D78E4E1D5E45547A04E6873E64F90CF9536D1CCC2EF800F355C4C5FD70FD
A013166,CHINA UNICOM DV TLS ECC CA 2026,Intermediate Certificate,Trusted,2026-04-26,2029-04-22,6811F3CB2C6D24D32BE074ED6D2288C6546FD179E222E4B948DF20384246982F,9BEA11C976FE014764C1BE56A6F914B5A560317ABD9988393382E5161AA0493C
A013165,CHINA UNICOM DV TLS RSA CA 2026,Intermediate Certificate,Trusted,2026-04-26,2029-04-22,34113CD6536053410ED51951F6C9EBBC85EE47C3D6524F50EF5A671317E46ED6,9BEA11C976FE014764C1BE56A6F914B5A560317ABD9988393382E5161AA0493C
A013167,CHINA UNICOM OV TLS ECC CA 2026,Intermediate Certificate,Trusted,2026-04-26,2029-04-22,8EFB702407B9B2800D68F4456B9ECD6F2807BBE83D46B6D7FFCB9CFF919F0460,9BEA11C976FE014764C1BE56A6F914B5A560317ABD9988393382E5161AA0493C
A013164,CHINA UNICOM OV TLS RSA CA 2026,Intermediate Certificate,Trusted,2026-04-26,2029-04-22,9F883607914160EB4D2C216D10F9086F1E5B4D0CB215251D0B7E6EA47B9FF3EA,9BEA11C976FE014764C1BE56A6F914B5A560317ABD9988393382E5161AA0493C
A012892,CNSSL DV TLS G2 R36 CA,Intermediate Certificate,Trusted,2026-01-14,2036-01-02,C69DB01A92010CC036EEBC5B31268F0BEBD9B66F49105F1AD96F8FA6530F31B0,FE7696573855773E37A95E7AD4D9CC96C30157C15D31765BA9B15704E1AE78FD
A012996,CNSSL OV TLS G2 R36 CA,Intermediate Certificate,Trusted,2026-02-11,2036-01-30,27DE66F355250789599D18137C54A1919A59A7737F1634CE935DD3CA898C5101,FE7696573855773E37A95E7AD4D9CC96C30157C15D31765BA9B15704E1AE78FD
A006859,COMODO ECC Certification Authority,Intermediate Certificate,Trusted,2004-01-01,2028-12-31,53612513970B9F264CA4BCC3BFD84DBC5FE774E3C6295B3EBB99EB9D74069E2A,D7A7A0FB5D7E2731D771E9484EBCDEF71D5F0C3E0A2948782BC83EE0EA699EF4
A004587,COMODO ECC Client Authentication and Secure Email CA,Intermediate Certificate,Trusted,2014-09-12,2029-09-11,6930647342C00AE625A038673080903A6A5431A18FAE64403AEB9F4A838289B4,1793927A0614549789ADCE2F8F34F7F0B66D0F3AE3A3B84D21EC15DBBA4FADC7
A001772,COMODO ECC Domain Validation Secure Server CA,Intermediate Certificate,Trusted,2014-03-13,2029-03-12,7E32368E24A2CC48D3D29E883B260E40CEDA22AF97189C78FC5B928484E9A010,1793927A0614549789ADCE2F8F34F7F0B66D0F3AE3A3B84D21EC15DBBA4FADC7
A001776,COMODO ECC Extended Validation Secure Server CA,Intermediate Certificate,Trusted,2013-04-15,2028-04-14,06C27461C0417D513CE0F634FAB5ADD30C88EF0E25C84FDE0E42125B88CA0475,1793927A0614549789ADCE2F8F34F7F0B66D0F3AE3A3B84D21EC15DBBA4FADC7
A001778,COMODO ECC Organization Validation Secure Server CA,Intermediate Certificate,Trusted,2014-03-13,2029-03-12,549AB524E886ADECE70BDD96A04B554942C374BE7C29C0EE818B630BDF200EE1,1793927A0614549789ADCE2F8F34F7F0B66D0F3AE3A3B84D21EC15DBBA4FADC7
A006858,COMODO RSA Certification Authority,Intermediate Certificate,Trusted,2004-01-01,2028-12-31,38392F17CE7B682C198D29C6E71D2740964A2074C8D2558E6CFF64C27823F129,D7A7A0FB5D7E2731D771E9484EBCDEF71D5F0C3E0A2948782BC83EE0EA699EF4
A001789,COMODO RSA Client Authentication and Secure Email CA,Intermediate Certificate,Trusted,2013-01-10,2028-01-09,15FAC425AA84404B362FA3489EB67D055D5DA276F8685C4D698DA1830D420F0F,52F0E1C4E58EC629291B60317F074671B85D7EA80D5B07273463534B32B40234
A000491,COMODO RSA Domain Validation Secure Server CA,Intermediate Certificate,Trusted,2014-02-12,2029-02-11,02AB57E4E67A0CB48DD2FF34830E8AC40F4476FB08CA6BE3F5CD846F646840F0,52F0E1C4E58EC629291B60317F074671B85D7EA80D5B07273463534B32B40234
A001807,COMODO RSA Extended Validation Secure Server CA,Intermediate Certificate,Trusted,2012-02-12,2027-02-11,7E0E16C0056F41A9F4C61F571503C3BCF079E2BDDB228BF2219AC31200496B5C,52F0E1C4E58EC629291B60317F074671B85D7EA80D5B07273463534B32B40234
A001808,COMODO RSA Extended Validation Secure Server CA,Intermediate Certificate,Trusted,2012-02-12,2027-02-11,CD730E53FE732D8F09D68C2CDBFD1EFD98A855F5E149021C01CB2EEE1D8186E7,52F0E1C4E58EC629291B60317F074671B85D7EA80D5B07273463534B32B40234
A000930,COMODO RSA Organization Validation Secure Server CA,Intermediate Certificate,Trusted,2014-02-12,2029-02-11,111006378AFBE8E99BB02BA87390CA429FCA2773F74D7F7EB5744F5DDF68014B,52F0E1C4E58EC629291B60317F074671B85D7EA80D5B07273463534B32B40234
A004586,COMODO SHA-256 Client Authentication and Secure Email CA 2,Intermediate Certificate,Trusted,2017-06-13,2032-06-12,D86A18B5F76952B736E89A2DB3F0FDF9070711460114B6A08D649CA627935C96,0C2CD63DF7806FA399EDE809116B575BF87989F06518F9808C860503178BAF66
A004458,COMODO SHA-256 Client Authentication and Secure Email CA 3,Intermediate Certificate,Trusted,2017-07-06,2028-12-31,AD61327EE99B40613E480751B56691A096412C68F74F4012B29FA0F48BB924C9,D7A7A0FB5D7E2731D771E9484EBCDEF71D5F0C3E0A2948782BC83EE0EA699EF4
A004588,COMODO/HP Secure Email CA 2,Intermediate Certificate,Trusted,2014-11-26,2029-11-25,B9B8851C25F6CC35D48E1B2B77E3EBF057EDCAC9885A4177ACB5A3960458261E,52F0E1C4E58EC629291B60317F074671B85D7EA80D5B07273463534B32B40234
A012077,CRB Group Atlas R45 SMIME CA 2025,Intermediate Certificate,Trusted,2025-01-22,2030-01-22,3C905753C59C45FFDA3E0B147C7E9165D4D1C6AFFD67CD1A20BC05E58D3B5BF6,319AF0A7729E6F89269C131EA6A3A16FCD86389FDCAB3C47A4A675C161A3F974
A011044,CRB Group GCC R3 SMIME CA 2020,Intermediate Certificate,Trusted,2023-06-28,2029-03-18,E733E7E3E4AA765948CF4226391B49A72A0FEBF511E52DF96DF28398AFF61816,CBB522D7B7F127AD6A0113865BDF1CD4102E7D0759AF635A7CF4720DC963C53B
A007300,CRB Group GCC R3 SMIME CA 2020,Intermediate Certificate,Trusted,2020-08-19,2029-03-18,814179F36A71529C915C540261E44638E37A4FCE879740F0CE7351A8E9291A03,CBB522D7B7F127AD6A0113865BDF1CD4102E7D0759AF635A7CF4720DC963C53B
A006662,CSS Public Issuing CA,Intermediate Certificate,Trusted,2019-10-31,2029-10-31,00BFE5177DA40E040506A04417FB4B8064816B5D875852A07FC3A36700091080,7D05EBB682339F8C9451EE094EEBFEFA7953A114EDB2F44949452FAB7D2FC185
A007369,CSS Public Issuing CA G2,Intermediate Certificate,Trusted,2020-09-25,2030-09-24,D040BEF3C50B536E2E8DA2AD7721A772C76B718FF10165D5AA88674C233E3766,7D05EBB682339F8C9451EE094EEBFEFA7953A114EDB2F44949452FAB7D2FC185
A011986,CT2 DV TLS RSA CA G1,Intermediate Certificate,Trusted,2024-12-04,2034-12-04,4B316EDFC0780286571E430C0A94231B192B45666AF5DEBEE454FE08E4496383,9BEA11C976FE014764C1BE56A6F914B5A560317ABD9988393382E5161AA0493C
A012277,CT2 DV TLS RSA CA G2,Intermediate Certificate,Trusted,2025-04-27,2035-04-27,474EE178BCCBDD652115707CDC9251FDF48441C9002229C2AE0DE0E33750FBEA,9BEA11C976FE014764C1BE56A6F914B5A560317ABD9988393382E5161AA0493C
A011987,CT2 OV TLS RSA CA G1,Intermediate Certificate,Trusted,2024-12-04,2034-12-04,A263B7CEFD1490D04FD0EC31D9695BAEE480EE861D12124C2BF8EBD8A893652F,9BEA11C976FE014764C1BE56A6F914B5A560317ABD9988393382E5161AA0493C
A012278,CT2 OV TLS RSA CA G2,Intermediate Certificate,Trusted,2025-04-27,2035-04-27,062884FAEA204C09D10E90FB0069E7BC4E4D93D0316D9F7EFE4E2AFE34226123,9BEA11C976FE014764C1BE56A6F914B5A560317ABD9988393382E5161AA0493C
A011135,CTI ECC DV SSL CA,Intermediate Certificate,Trusted,2023-08-02,2033-08-01,AF8ED16D3E437437CABD63B0D26958F0220D89DC9C70E1566EC2869A54B1233D,4FF460D54B9C86DABFBCFC5712E0400D2BED3FBC4D4FBDAA86E06ADCD2A9AD7A
A011136,CTI ECC EV SSL CA,Intermediate Certificate,Trusted,2023-08-02,2033-08-01,C4BAADAF730EFC93441CF184D60951270315B065DD4200D8FA15D349B19469DC,4FF460D54B9C86DABFBCFC5712E0400D2BED3FBC4D4FBDAA86E06ADCD2A9AD7A
A011137,CTI ECC OV SSL CA,Intermediate Certificate,Trusted,2023-08-02,2033-08-01,E98682C76B048510ADE4E70EDDB460102EBCA3BE4B8A11F25716756089B1C813,4FF460D54B9C86DABFBCFC5712E0400D2BED3FBC4D4FBDAA86E06ADCD2A9AD7A
A011138,CTI ECC Secure Email CA,Intermediate Certificate,Trusted,2023-08-02,2033-08-01,9D3C4DB6184033EAFCB1E85EA74F693E47992B18E2165E7A6D8D5D1FB000FDD4,4FF460D54B9C86DABFBCFC5712E0400D2BED3FBC4D4FBDAA86E06ADCD2A9AD7A
A011140,CTI RSA DV SSL CA,Intermediate Certificate,Trusted,2023-08-02,2033-08-01,1BA590B9AB9491660ED7479F953997CAA71C3DB251FA1D2AF1F7EF8B52E36F9F,E793C9B02FD8AA13E21C31228ACCB08119643B749C898964B1746D46C3D4CBD2
A011141,CTI RSA EV SSL CA,Intermediate Certificate,Trusted,2023-08-02,2033-08-01,B38BFDEBCEAB7AD72FA656806D7BC98B8D59BF116398E596E13C9B66EE070400,E793C9B02FD8AA13E21C31228ACCB08119643B749C898964B1746D46C3D4CBD2
A011142,CTI RSA OV SSL CA,Intermediate Certificate,Trusted,2023-08-02,2033-08-01,0A5782E042BAE8A33F21C6E7DF8F6A453442AC0ACE93180C0397F8050CAF08C1,E793C9B02FD8AA13E21C31228ACCB08119643B749C898964B1746D46C3D4CBD2
A011143,CTI RSA Secure Email CA,Intermediate Certificate,Trusted,2023-08-02,2033-08-01,19D5253ED841FC1034D04DE4A052474E981DF09B21E688C60F02AAFABF82BEBF,E793C9B02FD8AA13E21C31228ACCB08119643B749C898964B1746D46C3D4CBD2
A007916,CerSign Client CA,Intermediate Certificate,Trusted,2021-09-13,2031-09-12,69DF64756EDCA83537061221167F4DE6E30A6BD94B978FC99CA52659D6D06A7C,E793C9B02FD8AA13E21C31228ACCB08119643B749C898964B1746D46C3D4CBD2
A007917,CerSign DV SSL CA,Intermediate Certificate,Trusted,2021-09-13,2031-09-12,AE2110F2354A9DB0C53AA6E9139FAF0DD2EB01865A6671135C6FF62D9F3848A0,E793C9B02FD8AA13E21C31228ACCB08119643B749C898964B1746D46C3D4CBD2
A007915,CerSign EV SSL CA,Intermediate Certificate,Trusted,2021-09-13,2031-09-12,7F55276114DD8965DBA5B10819FDE121C20B11C8484977FA38814423AE82AC0A,E793C9B02FD8AA13E21C31228ACCB08119643B749C898964B1746D46C3D4CBD2
A007918,CerSign OV SSL CA,Intermediate Certificate,Trusted,2021-09-13,2031-09-12,91DC2881F6AD0A0013B3D44E99361A13862F9CB7BE6220FCDFDE60E48BDD317A,E793C9B02FD8AA13E21C31228ACCB08119643B749C898964B1746D46C3D4CBD2
A012955,CerSign RSA DV SSL CA 2,Intermediate Certificate,Trusted,2026-02-04,2036-02-03,D1155A85651741F0473CD1C754405EBF29C4E3DCFDA38EC3724E4543C5D1A7F1,7BB647A62AEEAC88BF257AA522D01FFEA395E0AB45C73F93F65654EC38F25A06
A011602,CerSign RSA Secure Email CA 2,Intermediate Certificate,Trusted,2024-05-01,2034-04-30,977C4E246A4AAF8B7654FF65AE09F8DC29D051FB21E3E4EFA5627CA23804A999,D5917A7791EB7CF20A2E57EB98284A67B28A57E89182DA53D546678C9FDE2B4F
A005721,CertCenter Enterprise ECC DV CA,Intermediate Certificate,Trusted,2018-07-09,2028-07-08,767BC29DB99AF4C2A62649000D172FC6CC2D09D408C4CAB6A8D99A1DD5DCF7DB,4FF460D54B9C86DABFBCFC5712E0400D2BED3FBC4D4FBDAA86E06ADCD2A9AD7A
A005722,CertCenter Enterprise ECC EV CA,Intermediate Certificate,Trusted,2018-07-09,2028-07-08,7EC8E7AA42195E9A36B858E29669EAA37D57B13AFA2331BDAEA6A1EBF7E46E7E,4FF460D54B9C86DABFBCFC5712E0400D2BED3FBC4D4FBDAA86E06ADCD2A9AD7A
A005723,CertCenter Enterprise ECC OV CA,Intermediate Certificate,Trusted,2018-07-09,2028-07-08,CCF497AE00DA5A1E5A822756B8E8F038E00D52DC43ED2F5D33627909732BE0BD,4FF460D54B9C86DABFBCFC5712E0400D2BED3FBC4D4FBDAA86E06ADCD2A9AD7A
A005718,CertCenter Enterprise RSA DV CA,Intermediate Certificate,Trusted,2018-07-09,2028-07-08,C06ED415E7DED06E5A4A083A8025F65E45D4E46B6351E99ADB47DE48B02F8BED,E793C9B02FD8AA13E21C31228ACCB08119643B749C898964B1746D46C3D4CBD2
A005719,CertCenter Enterprise RSA EV CA,Intermediate Certificate,Trusted,2018-07-09,2028-07-08,EF5663142F5B2D6B8274529B157DF2F965A71873A5AE5AA5E0720244F2398B6F,E793C9B02FD8AA13E21C31228ACCB08119643B749C898964B1746D46C3D4CBD2
A005720,CertCenter Enterprise RSA OV CA,Intermediate Certificate,Trusted,2018-07-09,2028-07-08,3240B81C6DF552AEA16D70229DBFEFF24D50EAA9A2272391888F65BE95B450E3,E793C9B02FD8AA13E21C31228ACCB08119643B749C898964B1746D46C3D4CBD2
A007296,CertCloud ECC EV TLS CA,Intermediate Certificate,Trusted,2020-08-18,2030-08-17,13F7B37CC1F8442A8CE13E7B4422217D8E89957CFEA850C3CBBE75CBE561E774,4FF460D54B9C86DABFBCFC5712E0400D2BED3FBC4D4FBDAA86E06ADCD2A9AD7A
A007297,CertCloud ECC OV TLS CA,Intermediate Certificate,Trusted,2020-08-18,2030-08-17,C98A8999511E2F60895053AFF4C539BD1B6765754EBB7B353896B3F2974ED83F,4FF460D54B9C86DABFBCFC5712E0400D2BED3FBC4D4FBDAA86E06ADCD2A9AD7A
A007295,CertCloud ECC TLS CA,Intermediate Certificate,Trusted,2020-08-18,2030-08-17,05877EE5CCFE7CF1ABB3C9EDF3905B5F6142C7B7939D67E32411CF896327F987,4FF460D54B9C86DABFBCFC5712E0400D2BED3FBC4D4FBDAA86E06ADCD2A9AD7A
A007294,CertCloud RSA EV TLS CA,Intermediate Certificate,Trusted,2020-08-18,2030-08-17,208388EBF99B12188852F11DD794667B5E3995A2767ADB255E9B8F5D4CF50576,E793C9B02FD8AA13E21C31228ACCB08119643B749C898964B1746D46C3D4CBD2
A007291,CertCloud RSA OV TLS CA,Intermediate Certificate,Trusted,2020-08-18,2030-08-17,7102D972C24E9CA68D0E6F9FF53C5F658CD9B8649F28EAD8DBC336C2DF504811,E793C9B02FD8AA13E21C31228ACCB08119643B749C898964B1746D46C3D4CBD2
A007292,CertCloud RSA TLS CA,Intermediate Certificate,Trusted,2020-08-18,2030-08-17,8298FC42704C4ED774B4DB310529260B524A9075252A1D0AB38E06F1B9A83499,E793C9B02FD8AA13E21C31228ACCB08119643B749C898964B1746D46C3D4CBD2
A007290,CertCloud Secure Client and Email CA,Intermediate Certificate,Trusted,2020-08-18,2030-08-17,EE8F9D8A9FD7C895EF786233187397F7433291F0BE7F8850A7CFB581E29B28F5,E793C9B02FD8AA13E21C31228ACCB08119643B749C898964B1746D46C3D4CBD2
A007898,Certainly Intermediate E1,Intermediate Certificate,Trusted,2021-04-01,2031-04-01,98DD2A75F65748F2667BC4B079177813647C17EDCC6DEE92F1F06668BE0F1A3D,B4585F22E4AC756A4E8612A1361C5D9D031A93FD84FEBB778FA3068B0FC42DC2
A010324,Certainly Intermediate E1,Intermediate Certificate,Trusted,2022-06-22,2032-06-21,3379233C434610C8EAA9361ACBDD24C7D655409C6D680A8C2585FFDA27011EE7,2CE1CB0BF9D2F9E102993FBE215152C3B2DD0CABDE1C68E5319B839154DBB7F5
A007899,Certainly Intermediate R1,Intermediate Certificate,Trusted,2021-04-01,2031-04-01,575C09B07A001CA0EF6B3B1C5730BFAFEBC7AD9F56A009F1966C32F08E659713,77B82CD8644C4305F7ACC5CB156B45675004033D51C60C6202A8E0C33467D3A0
A010325,Certainly Intermediate R1,Intermediate Certificate,Trusted,2022-06-22,2032-06-21,FEC41E32CA75C295A6240FA639D3ABE3BFB5CB131D6690E2331A176BED2E5BD2,2CE1CB0BF9D2F9E102993FBE215152C3B2DD0CABDE1C68E5319B839154DBB7F5
A010612,Certera Client CA,Intermediate Certificate,Trusted,2022-09-07,2032-09-06,8004EE3237B9CC853DF9E865307D9BCE11AA3867791849E5CB22F9E634735403,E793C9B02FD8AA13E21C31228ACCB08119643B749C898964B1746D46C3D4CBD2
A010608,Certera DV SSL CA,Intermediate Certificate,Trusted,2022-09-07,2032-09-06,E3E2A39309632243FA0AEFBFC17D1809AC99A08B081A2A23857E8F95DF0EF0B8,E793C9B02FD8AA13E21C31228ACCB08119643B749C898964B1746D46C3D4CBD2
A010614,Certera DV SSL CA - ECC,Intermediate Certificate,Trusted,2022-09-07,2032-09-06,9918DA34E4A40B33C6965F0772799F83BCA369FA42C6B8862DEAAFC64ABE3D09,4FF460D54B9C86DABFBCFC5712E0400D2BED3FBC4D4FBDAA86E06ADCD2A9AD7A
A010617,Certera ECC Client CA,Intermediate Certificate,Trusted,2022-09-07,2032-09-06,D8E21819093910D45CDFB83C92DC3478154CFCE419A8211D68A92906FE8EE79E,4FF460D54B9C86DABFBCFC5712E0400D2BED3FBC4D4FBDAA86E06ADCD2A9AD7A
A012648,Certera ECC DV SSL CA 2,Intermediate Certificate,Trusted,2025-08-20,2035-08-19,36B7034B2F4C4C0DACA8E89384C7FB433E1745A0EE7BE60E956F8E41D1691035,C90F26F0FB1B4018B22227519B5CA2B53E2CA5B3BE5CF18EFE1BEF47380C5383
A012650,Certera ECC EV SSL CA 2,Intermediate Certificate,Trusted,2025-08-20,2035-08-19,3CD837E0D509933B49A9E47D8E5F3E3233D68E6DC75703701D88F0F3FD61BB83,C90F26F0FB1B4018B22227519B5CA2B53E2CA5B3BE5CF18EFE1BEF47380C5383
A012649,Certera ECC OV SSL CA 2,Intermediate Certificate,Trusted,2025-08-20,2035-08-19,612056FD1F6DB5C894C74495C3869F180B2B39F8CD26E5DCC7BD8D1F924CF995,C90F26F0FB1B4018B22227519B5CA2B53E2CA5B3BE5CF18EFE1BEF47380C5383
A010610,Certera EV SSL CA,Intermediate Certificate,Trusted,2022-09-07,2032-09-06,C8B068C2BAAD86629F5E86290106080CDFF8E6FCDAA8C41E463A2AC4AE1C4435,E793C9B02FD8AA13E21C31228ACCB08119643B749C898964B1746D46C3D4CBD2
A010616,Certera EV SSL CA - ECC,Intermediate Certificate,Trusted,2022-09-07,2032-09-06,6B653BCD7382FE58F746F2FA3B050E8CF6AF355968E1A81753E9A2244460CB03,4FF460D54B9C86DABFBCFC5712E0400D2BED3FBC4D4FBDAA86E06ADCD2A9AD7A
A010609,Certera OV SSL CA,Intermediate Certificate,Trusted,2022-09-07,2032-09-06,39FB9A70F8D73502C140D61CEE2D63F5C120AF987F5BDC07431D86EFFCA67BD1,E793C9B02FD8AA13E21C31228ACCB08119643B749C898964B1746D46C3D4CBD2
A010615,Certera OV SSL CA - ECC,Intermediate Certificate,Trusted,2022-09-07,2032-09-06,C47EE2472378948F335EBD80BBFD8F899D156263EEC823B87DDA941C6A34B771,4FF460D54B9C86DABFBCFC5712E0400D2BED3FBC4D4FBDAA86E06ADCD2A9AD7A
A012645,Certera RSA DV SSL CA 2,Intermediate Certificate,Trusted,2025-08-20,2035-08-19,C38ADC4922249EF1D7BB86811B563F267D762A9CBACA1868D746E9D1617584F8,7BB647A62AEEAC88BF257AA522D01FFEA395E0AB45C73F93F65654EC38F25A06
A012647,Certera RSA EV SSL CA 2,Intermediate Certificate,Trusted,2025-08-20,2035-08-19,749A17F70DB7C889407189D278F838D04A81B2BBED73F452E496E617408D1CC3,7BB647A62AEEAC88BF257AA522D01FFEA395E0AB45C73F93F65654EC38F25A06
A012646,Certera RSA OV SSL CA 2,Intermediate Certificate,Trusted,2025-08-20,2035-08-19,7662CD07EC09B733CECFDBB0E9D36E23BA81636BE633A3658797C1241DC9CD53,7BB647A62AEEAC88BF257AA522D01FFEA395E0AB45C73F93F65654EC38F25A06
A003763,Certigna Entity CA,Intermediate Certificate,Trusted,2015-11-25,2033-06-03,1CC358A6DFA0A76BB5470660D78F3B25F23CCD6395667E49CCFC8201DA3D192D,D48D3D23EEDB50A459E55197601C27774B9D7B18C94D5A059511A10250B93168
A003764,Certigna Entity Code Signing CA,Intermediate Certificate,Trusted,2016-02-04,2033-08-13,781ACD209D3B873F148F5DB31C680ADADCED40238D8C1BF1A2D553391FA5D0F3,D48D3D23EEDB50A459E55197601C27774B9D7B18C94D5A059511A10250B93168
A003767,Certigna Identity CA,Intermediate Certificate,Trusted,2015-12-31,2033-07-09,B5E4491CF1E0A06C19441FAC295B678226429603FCC414C626E210B2EFC95F00,D48D3D23EEDB50A459E55197601C27774B9D7B18C94D5A059511A10250B93168
A003766,Certigna Identity Plus CA,Intermediate Certificate,Trusted,2015-11-25,2033-06-03,736B996D339684729C43CB397D1BB2B2F3F4A7816A5E3C5D589203F885C5D47C,D48D3D23EEDB50A459E55197601C27774B9D7B18C94D5A059511A10250B93168
A012854,Certigna Root CA,Intermediate Certificate,Trusted,2025-11-28,2027-06-28,99977BF1CA323FA96047E7DA5F93BD6CBF17010D6D8FBCE03091ECE79C857EFA,E3B6A2DB2ED7CE48842F7AC53241C7B71D54144BFB40C11F3F1D0B42F5EEA12D
A003765,Certigna Services CA,Intermediate Certificate,Trusted,2015-11-25,2033-06-03,07F2CE55CA1AA6CB992719B1E423C1D02C1EA759A6E2EAB4E150C88282E22550,D48D3D23EEDB50A459E55197601C27774B9D7B18C94D5A059511A10250B93168
A003768,Certigna Wild CA,Intermediate Certificate,Trusted,2015-11-25,2033-06-03,B8D5D65C23FF9D8C902FFE6BEC1DD2F20693AF20E98AE47751F1ECB298127B6E,D48D3D23EEDB50A459E55197601C27774B9D7B18C94D5A059511A10250B93168
A002751,Certum Class I CA,Intermediate Certificate,Trusted,2013-01-24,2028-01-24,337AC56F39FB8877B9F0524554B755D1835A807FFC9058DFC6DE1B707F696123,B676F2EDDAE8775CD36CB0F63CD1D4603961F49E6265BA013A2F0307B6D0B804
A000714,Certum Class I CA SHA2,Intermediate Certificate,Trusted,2014-09-11,2027-06-09,2AB4DFF69D75BBF9541060B434CE5AD0C4DACB7AF0DBF21D3616AFCB473796DE,5C58468D55F58E497E743982D2B50010B6D165374ACF83A7D4A32DB768C4408E
A011698,Certum DV TLS G2 E39 CA,Intermediate Certificate,Trusted,2024-06-18,2039-06-05,5202D5F0505C69B2F7B6DA2D15D2DD61515C63958A90C05A23D9A8CEAFDEDBFA,6B328085625318AA50D173C98D8BDA09D57E27413D114CF787A0F5D06C030CF6
A011695,Certum DV TLS G2 R39 CA,Intermediate Certificate,Trusted,2024-06-18,2039-06-05,83C0A5A76844C840DFAF820FFD02ADF6573A26823EF6AF758A3384A0AC044083,FE7696573855773E37A95E7AD4D9CC96C30157C15D31765BA9B15704E1AE78FD
A012770,Certum DV TLS G3 E39 CA,Intermediate Certificate,Trusted,2024-04-02,2039-03-20,DF823B3B53109E142D1C8BA5574D5DEC7F1A14AC23168D97CDC6C83081AD2BAB,630CCB83B0180A992495E039D2613C3287A8102F8A8D703DB1330A3E86D4E653
A012767,Certum DV TLS G3 R39 CA,Intermediate Certificate,Trusted,2024-04-02,2039-03-20,2815EDBD52B749EB9FE1C88FA68B85C8559BEE04FF05D1EE17E0AED8B14308B3,ED12A6E9289239D66CA1D244CE90C623AC305AD05602DA352BCFC5FEF2C4458D
A000728,Certum Digital Identification CA SHA2,Intermediate Certificate,Trusted,2015-04-21,2027-06-09,0F672D92A0B06CEE948F03B272502602C6E37D2A2AD694A31D5DE313196E9282,5C58468D55F58E497E743982D2B50010B6D165374ACF83A7D4A32DB768C4408E
A000715,Certum Domain Validation CA SHA2,Intermediate Certificate,Trusted,2014-09-11,2027-06-09,129FB5DE501E24041CD14A81075FD1CDE257408D4A353E636912E38BDDA2D3FB,5C58468D55F58E497E743982D2B50010B6D165374ACF83A7D4A32DB768C4408E
A011251,Certum EC-384 CA,Intermediate Certificate,Trusted,2023-09-19,2028-09-19,B72450ABF5047A8AF63EC9D87E331484850B1849A2550A82A86DB6B41ED38760,5C58468D55F58E497E743982D2B50010B6D165374ACF83A7D4A32DB768C4408E
A011700,Certum EV TLS G2 E39 CA,Intermediate Certificate,Trusted,2024-06-18,2039-06-05,3B28121D8985E2DADF2029C53F232007F0C19EC788654B2C2BAAEBE50419B0D5,6B328085625318AA50D173C98D8BDA09D57E27413D114CF787A0F5D06C030CF6
A011697,Certum EV TLS G2 R39 CA,Intermediate Certificate,Trusted,2024-06-18,2039-06-05,4736F1ECF26A043CB4D8F94DA8302EA9E45F3D311048F3A400D01AEED1E99444,FE7696573855773E37A95E7AD4D9CC96C30157C15D31765BA9B15704E1AE78FD
A012771,Certum EV TLS G3 E39 CA,Intermediate Certificate,Trusted,2024-04-02,2039-03-20,EE2E652AF16790B709041EB9B1430B4A93AA18EC2A2983E6E67137FDE25CD511,630CCB83B0180A992495E039D2613C3287A8102F8A8D703DB1330A3E86D4E653
A012768,Certum EV TLS G3 R39 CA,Intermediate Certificate,Trusted,2024-04-02,2039-03-20,5C1D0DA0785C1D09E02BFD53C3D3D84D141DE00C01AE2BBF93C539CA87A5FF03,ED12A6E9289239D66CA1D244CE90C623AC305AD05602DA352BCFC5FEF2C4458D
A002755,Certum Extended Validation CA,Intermediate Certificate,Trusted,2013-01-24,2028-01-24,7816C7B0566B46783B1C15D8A28D8B0D20CFEB20B3D13F79446E15C4A51C91DF,B676F2EDDAE8775CD36CB0F63CD1D4603961F49E6265BA013A2F0307B6D0B804
A000717,Certum Extended Validation CA SHA2,Intermediate Certificate,Trusted,2014-09-11,2027-06-09,6C47D365C13BC8CC3D6DEF5D8F07AB8DBEA3C8D4945D651AA9854A9C9A3CC71C,5C58468D55F58E497E743982D2B50010B6D165374ACF83A7D4A32DB768C4408E
A007123,Certum Extended Validation ECC CA,Intermediate Certificate,Trusted,2019-10-17,2034-10-17,C7063A8DC668205E66153108FBE3BDBF6EDB6F8CE5F616A369BEF6324DCB6354,6B328085625318AA50D173C98D8BDA09D57E27413D114CF787A0F5D06C030CF6
A007124,Certum Extended Validation RSA CA,Intermediate Certificate,Trusted,2019-10-17,2034-10-17,1C4EEA3A47ABD122568EAB547E06B52111F7F388662C246C8ECBE2660B9F26F1,FE7696573855773E37A95E7AD4D9CC96C30157C15D31765BA9B15704E1AE78FD
A000718,Certum Global Services CA SHA2,Intermediate Certificate,Trusted,2014-09-11,2027-06-09,9E852C59DFC6FD6ABD4E17EA80B5F4E56FC04192D107258D54DA8A92528670D6,5C58468D55F58E497E743982D2B50010B6D165374ACF83A7D4A32DB768C4408E
A011186,Certum Global Services SMIME RSA CA,Intermediate Certificate,Trusted,2023-08-08,2038-07-30,41C7155655F8DC27BA1128248980067D46836B6450CF4E1062C8C2772606773F,FE7696573855773E37A95E7AD4D9CC96C30157C15D31765BA9B15704E1AE78FD
A011699,Certum OV TLS G2 E39 CA,Intermediate Certificate,Trusted,2024-06-18,2039-06-05,A248F04C5529A4CD1DAECA8177B7546530625E3018BCC5A53F647F9F587497B1,6B328085625318AA50D173C98D8BDA09D57E27413D114CF787A0F5D06C030CF6
A011696,Certum OV TLS G2 R39 CA,Intermediate Certificate,Trusted,2024-06-18,2039-06-05,F54CE21EA0F79548F1201A619049CA15F065E49A69F26FB9CF1282C7EECF9C4C,FE7696573855773E37A95E7AD4D9CC96C30157C15D31765BA9B15704E1AE78FD
A012772,Certum OV TLS G3 E39 CA,Intermediate Certificate,Trusted,2024-04-02,2039-03-20,DD9FA363315EAD6D110C94BAFD2AA61929E41B63A5877FFE84F50FBC36422A65,630CCB83B0180A992495E039D2613C3287A8102F8A8D703DB1330A3E86D4E653
A012769,Certum OV TLS G3 R39 CA,Intermediate Certificate,Trusted,2024-04-02,2039-03-20,F447B8DBA8F73A5A2236B73DB6173BBDB3A17626F4F1CC7087092427B5C0F67F,ED12A6E9289239D66CA1D244CE90C623AC305AD05602DA352BCFC5FEF2C4458D
A000716,Certum Organization Validation CA SHA2,Intermediate Certificate,Trusted,2014-09-11,2027-06-09,FD02362244F31266CAFF005818D1004EC4EB08FB239AAFAAAFFF47497D6005D6,5C58468D55F58E497E743982D2B50010B6D165374ACF83A7D4A32DB768C4408E
A011123,Certum SMIME ECC CA,Intermediate Certificate,Trusted,2023-08-01,2038-07-23,1131362B431A474A0BC5F2BFEC5B3CC5B5D5E1BDE9FAE64C50AC8E26CE295B56,6B328085625318AA50D173C98D8BDA09D57E27413D114CF787A0F5D06C030CF6
A013006,Certum SMIME G1 R36 CA,Intermediate Certificate,Trusted,2026-02-18,2036-02-06,61797A30208FA51A11951A7787456E32D7838B9749A00E63971B23D714CD48DF,B676F2EDDAE8775CD36CB0F63CD1D4603961F49E6265BA013A2F0307B6D0B804
A013030,Certum SMIME G1 R36 CA 2,Intermediate Certificate,Trusted,2026-03-05,2036-02-21,11EE35B46FDACBD2EDE0D3543811B400612D029DDEEAB473E25FA3F8B259DD66,B676F2EDDAE8775CD36CB0F63CD1D4603961F49E6265BA013A2F0307B6D0B804
A011122,Certum SMIME RSA CA,Intermediate Certificate,Trusted,2023-08-01,2038-07-23,ABC27367A236EC90F91B6457CBAEF942BF657C9C97E87F4A2CC8302160A67AB8,FE7696573855773E37A95E7AD4D9CC96C30157C15D31765BA9B15704E1AE78FD
A013218,Certum TLS ECC Root CA,Intermediate Certificate,Trusted,2026-06-08,2029-12-30,BC6C7755697594592C22CE1F8C7085D3C49BF41B126A6671FE5EF10F9DE8EFD6,5C58468D55F58E497E743982D2B50010B6D165374ACF83A7D4A32DB768C4408E
A013220,Certum TLS ECC Root CA,Intermediate Certificate,Trusted,2026-06-08,2036-04-15,83C18AF3F7BCE7DC7C5A3A51D001A5AB74C359F7476D5BEED8A30730FC9A6C26,6B328085625318AA50D173C98D8BDA09D57E27413D114CF787A0F5D06C030CF6
A013219,Certum TLS RSA Root CA,Intermediate Certificate,Trusted,2026-06-08,2036-04-15,98D88F84159587EFC830BA17AC8E0C807B7A59D560DE49C8592912251C3EC127,FE7696573855773E37A95E7AD4D9CC96C30157C15D31765BA9B15704E1AE78FD
A013217,Certum TLS RSA Root CA,Intermediate Certificate,Trusted,2026-06-08,2029-12-30,5806D9DEDA84AE858E6F3D1371E2BD65D0978FD24A1A978CA3510F47217355D9,5C58468D55F58E497E743982D2B50010B6D165374ACF83A7D4A32DB768C4408E
A000720,Certum Trusted Network CA,Intermediate Certificate,Trusted,2008-10-22,2027-06-10,949424DC2CCAAB5E9E80D66E0E3F7DEEB3201C607D4315EF4C6F2D93A917279D,D8E0FEBC1DB2E38D00940F37D27D41344D993E734B99D5656D9778D4D8143624
A007780,Certum Trusted Network CA 2,Intermediate Certificate,Trusted,2021-05-31,2029-09-17,08E7EAC998A62C4155CC4CBC5EDA32F5B41A12C012F29AB3433BD366348149F0,5C58468D55F58E497E743982D2B50010B6D165374ACF83A7D4A32DB768C4408E
A011250,Certum Trusted Root CA,Intermediate Certificate,Trusted,2023-09-19,2028-09-19,FB13890C7AB14FF7B94B2714503E31123BFDD340FC4D979743166E0469B47A88,5C58468D55F58E497E743982D2B50010B6D165374ACF83A7D4A32DB768C4408E
A012553,Chunghwa Telecom GCC R46 OV TLS CA 2025,Intermediate Certificate,Trusted,2025-07-16,2030-07-16,DA1EE3B14A2E562BEC2AD5E543548E0BB583296E39FADF69A8A13F30F0AC4DC5,4FA3126D8D3A11D1C4855A4F807CBAD6CF919D3A5A88B03BEA2C6372D93C40C9
A012926,Cisco Meraki CA3,Intermediate Certificate,Trusted,2026-01-28,2031-01-27,D1B28EA0F933D6F1C62F8A2393CCB1E0946D820DA645D26117A4FE8FF84EB968,A0D609A7E3C434E878A9A1C1BD065B8DCF33AA7EFEE1B11BC75CCE5E5A042080
A007448,City of New York Office of the Actuary - G3,Intermediate Certificate,Trusted,2020-10-21,2030-10-20,2431090A8009CA6F9F44DCC9E5FBD3C2F4A3152185BDA08ED313B861D895F7B4,7D05EBB682339F8C9451EE094EEBFEFA7953A114EDB2F44949452FAB7D2FC185
A003795,Class2 e-Szigno SSL CA 2016,Intermediate Certificate,Trusted,2016-08-29,2029-12-29,3912C585E727F2B077888F678F043FD8DDCEE9E91E6628A6245B1B8EBBCC3912,3C5F81FEA5FAB82C64BFA2EAECAFCDE8E077FC8620A7CAE537163DF36EDBF378
A005821,Class3 KET e-Szigno CA 2018,Intermediate Certificate,Trusted,2018-09-06,2029-12-29,7BCF1C8A12EE0B2854A1B41070652B0325E7D0C20B9C44D4ACE9C643387F1431,3C5F81FEA5FAB82C64BFA2EAECAFCDE8E077FC8620A7CAE537163DF36EDBF378
A010738,Clayco Atlas R45 SMIME CA 2022,Intermediate Certificate,Trusted,2022-11-16,2032-11-16,5B92AF30724309D82A1DEDDFB0975A336A7C7A45DDCAB6E0D24A48EBC49575B9,319AF0A7729E6F89269C131EA6A3A16FCD86389FDCAB3C47A4A675C161A3F974
A011618,Clayco Atlas R45 SMIME CA 2022,Intermediate Certificate,Trusted,2024-05-15,2032-11-16,F3794E0BB2EA5D4CD0E9C7818FFB66891A9F6FAE5AE8B9059E68E673FA03ADA7,319AF0A7729E6F89269C131EA6A3A16FCD86389FDCAB3C47A4A675C161A3F974
A011055,Clayco Atlas R45 SMIME CA 2022,Intermediate Certificate,Trusted,2023-06-28,2032-11-16,CDA61B2C3AEDD28FEEC05F6D0AE4102A1BD001CB4ED7F590F4A0B4B1EADD9B02,319AF0A7729E6F89269C131EA6A3A16FCD86389FDCAB3C47A4A675C161A3F974
A006259,Cleverbase ID PKIoverheid Burger CA - G3,Intermediate Certificate,Trusted,2019-04-17,2028-11-12,DE0A92E5435B613208DC435ECC7158BF28F420A93E0A91D5965972053F523549,2E7A0A3B0C527EB20C52253C8D2278CA108136A8CA3A4EA22DA7B59BAC90650A
A011434,CloudSecure RSA Domain Validation Secure Server CA 2,Intermediate Certificate,Trusted,2024-01-31,2034-01-30,EFD0668406130E43382CEADEEBB17E625CD77F528E288E8BEDAEB142E19BCE02,E793C9B02FD8AA13E21C31228ACCB08119643B749C898964B1746D46C3D4CBD2
A012402,CloudSecure RSA Domain Validation Secure Server CA 3,Intermediate Certificate,Trusted,2025-05-14,2035-05-13,A99E289A72124FECD635D8372F55ECC082C130261DE32ACD3F58C78B95FE8BC7,7BB647A62AEEAC88BF257AA522D01FFEA395E0AB45C73F93F65654EC38F25A06
A011433,CloudSecure RSA Extended Validation Secure Server CA 2,Intermediate Certificate,Trusted,2024-01-31,2034-01-30,E9B9980C8A3F593F4D9E7DA3F497AFF8FB66E242C6CBA0D730E206559513FA5D,E793C9B02FD8AA13E21C31228ACCB08119643B749C898964B1746D46C3D4CBD2
A012401,CloudSecure RSA Extended Validation Secure Server CA 3,Intermediate Certificate,Trusted,2025-05-14,2035-05-13,385AF459D7A138845757798B2D1824C4ABD5C278F420EF71CF778194722E2FEA,7BB647A62AEEAC88BF257AA522D01FFEA395E0AB45C73F93F65654EC38F25A06
A011430,CloudSecure RSA Organization Validation Secure Server CA 2,Intermediate Certificate,Trusted,2024-01-31,2034-01-30,7242417DBAAD14A9B37FA9CD60BEA5654F20C3B5EF6DE883E95DDC58D48547A7,E793C9B02FD8AA13E21C31228ACCB08119643B749C898964B1746D46C3D4CBD2
A012400,CloudSecure RSA Organization Validation Secure Server CA 3,Intermediate Certificate,Trusted,2025-05-14,2035-05-13,EB3DE202BBDB7609762880F7CF52FBC85A7EB17CC21805FBB61F8F046DCB7721,7BB647A62AEEAC88BF257AA522D01FFEA395E0AB45C73F93F65654EC38F25A06
A011432,CloudSecure RSA Secure Email CA 2,Intermediate Certificate,Trusted,2024-01-31,2034-01-30,5DC9A4589C91E992B435F5381A293C56DA845944315D063A3921651FA270A3ED,E793C9B02FD8AA13E21C31228ACCB08119643B749C898964B1746D46C3D4CBD2
A012403,CloudSecure RSA Secure Email CA 3,Intermediate Certificate,Trusted,2025-05-14,2035-05-13,981B579C06F1AC49F9D28C7C8993D995EB7F9176D94A5A1B0782DB6BC5E0394B,D5917A7791EB7CF20A2E57EB98284A67B28A57E89182DA53D546678C9FDE2B4F
A011710,Cloudflare Inc ECC CA-4,Intermediate Certificate,Trusted,2024-07-10,2029-07-09,7EB5F4AAAC39B3A7835D76F722A473F9B4911E4A3691DE78B3C2973595764EA2,31AD6648F8104138C738F39EA4320133393E3A18CC02296EF97C2AC9EF6731D0
A011711,Cloudflare Inc RSA CA-3,Intermediate Certificate,Trusted,2024-07-10,2029-07-09,9FB0385317FAB1C00541B274A6C82B7644DE7C7FD4BB5E335DE445FA0A96BFD9,CB3CCBB76031E5E0138F8DD39A23F9DE47FFC35E43C1144CEA27D46A5AB1CB5F
A011301,Cloudflare TLS Issuing ECC CA 1,Intermediate Certificate,Trusted,2023-10-31,2033-10-28,2964FD3210EA68FAA2B4A849B36243D33F74429D1B43CE019E7B154EAC7759BA,5D1BC399274E649E1C72697DE91A54AD725088C5221CB61E17EE9C290BC42A92
A012416,Cloudflare TLS Issuing ECC CA 2,Intermediate Certificate,Trusted,2025-05-29,2035-05-27,B252FE1D3ACAD4CB21ABD2E798120FCA47863C433643751C675B80198E7880D8,5D1BC399274E649E1C72697DE91A54AD725088C5221CB61E17EE9C290BC42A92
A012418,Cloudflare TLS Issuing ECC CA 3,Intermediate Certificate,Trusted,2025-05-29,2035-05-27,F15F29ABEF73AA4DD9AB754BAEAE3685BDD3874B46B525071177628685718026,5D1BC399274E649E1C72697DE91A54AD725088C5221CB61E17EE9C290BC42A92
A012419,Cloudflare TLS Issuing ECC CA 4,Intermediate Certificate,Trusted,2025-05-29,2035-05-27,83D843E7EA9F8CAEF195AFF939AA1B622EEC1DEB1174F879AE223302ADA0F86F,5D1BC399274E649E1C72697DE91A54AD725088C5221CB61E17EE9C290BC42A92
A011302,Cloudflare TLS Issuing RSA CA 1,Intermediate Certificate,Trusted,2023-10-31,2033-10-28,CB89B4B505DD2FF5EDFCE618359FD6E288AD7905C2486103FF56FCD1D5DE1857,FFE930442DFEB69CE29A908B6A639B370BD6BA6075F931AB83561D938B453A21
A012420,Cloudflare TLS Issuing RSA CA 2,Intermediate Certificate,Trusted,2025-05-29,2035-05-27,E60F5416989208F160C0385779B00C3FD875AAF6201073764FCA0FF72886E597,FFE930442DFEB69CE29A908B6A639B370BD6BA6075F931AB83561D938B453A21
A012421,Cloudflare TLS Issuing RSA CA 3,Intermediate Certificate,Trusted,2025-05-29,2035-05-27,F2EC7E0A2CF0E3550FD336CF16BAF09A71B4759DC4D98768021E8498943C7547,FFE930442DFEB69CE29A908B6A639B370BD6BA6075F931AB83561D938B453A21
A012422,Cloudflare TLS Issuing RSA CA 4,Intermediate Certificate,Trusted,2025-05-29,2035-05-27,764FB1B1F09F44E3B103CA06483E0E5A12DCD928230DB515131A1188869293B4,FFE930442DFEB69CE29A908B6A639B370BD6BA6075F931AB83561D938B453A21
A012377,Corporation Service Company ECC DV SSL CA 2,Intermediate Certificate,Trusted,2025-05-14,2035-05-13,D03100BFD449C0C71B7A94CB521EEB157DB704EACD5D4BA196EEE34D20921499,C90F26F0FB1B4018B22227519B5CA2B53E2CA5B3BE5CF18EFE1BEF47380C5383
A012378,Corporation Service Company ECC OV SSL CA 2,Intermediate Certificate,Trusted,2025-05-14,2035-05-13,08DBC1A9C1C03DEB2C70D5F8164566776A6418EDC7699CD8E5C077A74C6A3A21,C90F26F0FB1B4018B22227519B5CA2B53E2CA5B3BE5CF18EFE1BEF47380C5383
A012375,Corporation Service Company RSA DV SSL CA 2,Intermediate Certificate,Trusted,2025-05-14,2035-05-13,F57F733AB23B907C49C96851088E2083C23A754FDE1370F5FCF9E523A2EF2DAF,7BB647A62AEEAC88BF257AA522D01FFEA395E0AB45C73F93F65654EC38F25A06
A011144,Corporation Service Company RSA OV SSL CA,Intermediate Certificate,Trusted,2023-08-02,2033-08-01,D056A5692F2A76DAA0A5AE869E1799149D530142AA8B5E6FEADB21C5B80E1169,E793C9B02FD8AA13E21C31228ACCB08119643B749C898964B1746D46C3D4CBD2
A012376,Corporation Service Company RSA OV SSL CA 2,Intermediate Certificate,Trusted,2025-05-14,2035-05-13,436D2B97853A8D2BFB952DF2699A62AB4A217B7D0445F3A45746862163F571B5,7BB647A62AEEAC88BF257AA522D01FFEA395E0AB45C73F93F65654EC38F25A06
A013185,CrowdStrike Atlas R46 OV TLS CA 2026,Intermediate Certificate,Trusted,2026-05-20,2029-05-19,B461A3FCE3498B3FA12ED9216887F33E3F1E7630C68172C30B440055DFC1C0EF,4FA3126D8D3A11D1C4855A4F807CBAD6CF919D3A5A88B03BEA2C6372D93C40C9
A011198,CrowdStrike Federal EV RSA CA G1,Intermediate Certificate,Trusted,2023-08-15,2033-08-14,EDEDD0053CB844592E673EF2A081C15B38EE3ECBEB5856C9A4FE9B7169FAFFE7,CB3CCBB76031E5E0138F8DD39A23F9DE47FFC35E43C1144CEA27D46A5AB1CB5F
A007309,CrowdStrike GCC R3 TLS OV CA 2020,Intermediate Certificate,Trusted,2020-08-19,2029-03-18,78CB512DE48CEDCD7134DF57C973C1E1A07692B8F542A44ACEBB8BB776D55D59,CBB522D7B7F127AD6A0113865BDF1CD4102E7D0759AF635A7CF4720DC963C53B
A013248,CrowdStrike GCC R46 OV TLS CA 2026,Intermediate Certificate,Trusted,2026-06-24,2029-06-23,C8C070934EC59DE5CFB9FBEF4AA7F28F9EC37E0CBA3D2F230AA01BACD01117F3,4FA3126D8D3A11D1C4855A4F807CBAD6CF919D3A5A88B03BEA2C6372D93C40C9
A011732,CrowdStrike GCC R6 OV TLS CA 2024,Intermediate Certificate,Trusted,2024-07-17,2030-07-17,EEC54317A352B48E50B8D94262D602E0441BDBA58FB2AE28741A56DEBF2336D3,2CABEAFE37D06CA22ABA7391C0033D25982952C453647349763A3AB5AD6CCF69
A012753,CrowdStrike RSA OV SSL CA,Intermediate Certificate,Trusted,2025-09-24,2035-09-23,15A8D0EBD698D187111F5BAA59651EFEA659A303EFF08DCBC6A6A14EC388E658,7BB647A62AEEAC88BF257AA522D01FFEA395E0AB45C73F93F65654EC38F25A06
A012723,CrowdStrike TLS CA 1,Intermediate Certificate,Trusted,2025-09-17,2033-09-15,0CD568E086A4CCBE7D25A0E0FDCB123FA4522FE3A33CD34228C4886000161B91,5D56499BE4D2E08BCFCAD08A3E38723D50503BDE706948E42F55603019E528AE
A011605,CrowdStrike TLS RSA CA G5,Intermediate Certificate,Trusted,2024-05-01,2034-04-30,E5BFCED9D216EBA7DA3634819FB534FB9CEBA1ECF9E6379ED83583D2EB177C1B,371A00DC0533B3721A7EEB40E8419E70799D2B0A0F2C1D80693165F7CEC4AD75
A011863,"Crowdstrike, Inc. OV TLS Issuing ECC CA 1",Intermediate Certificate,Trusted,2024-09-26,2027-09-26,8D2AB0655145C4A7805CC3080D7C23451848C6864DA0BEA9FFCC87ADAB552C61,C32FFD9F46F936D16C3673990959434B9AD60AAFBB9E7CF33654F144CC1BA143
A011864,"Crowdstrike, Inc. OV TLS Issuing RSA CA 1",Intermediate Certificate,Trusted,2024-09-26,2027-09-26,8C393E57F3D03A000D57F6756A15BC7865D185ADB053103FE875562036F44D32,8FAF7D2E2CB4709BB8E0B33666BF75A5DD45B5DE480F8EA8D4BFE6BEBC17F2ED
A004552,Cybertrust Japan ECC EV CA,Intermediate Certificate,Trusted,2017-08-24,2032-08-24,92E3770B1EB44F84C2F2CB0097C2FD7126BD212B41C2610E78DDFD8946761738,31AD6648F8104138C738F39EA4320133393E3A18CC02296EF97C2AC9EF6731D0
A004512,Cybertrust Japan Secure Server ECC CA,Intermediate Certificate,Trusted,2017-07-13,2032-07-13,C3683F7D91754219DADA4E8DC30E4B18BD3928B53D3AB93D07384BC5871CE355,31AD6648F8104138C738F39EA4320133393E3A18CC02296EF97C2AC9EF6731D0
A011118,Cybertrust Japan SureMail CA G4,Intermediate Certificate,Trusted,2023-07-31,2029-05-29,BEA27C18D65948D8C61D582447B3747774609391A7E961CFA82331070BA6E77E,513B2CECB810D4CDE5DD85391ADFC6C2DD60D87BB736D2B521484AA47A0EBEF6
A012001,Cybertrust Japan SureMail CA G5,Intermediate Certificate,Trusted,2024-12-17,2029-05-29,995C3C64F32348142BF1EBEAF7370781A1C30682DE02AD85FB2700CE1395F737,513B2CECB810D4CDE5DD85391ADFC6C2DD60D87BB736D2B521484AA47A0EBEF6
A011772,Cybertrust Japan SureMail CA G9,Intermediate Certificate,Trusted,2024-07-30,2034-07-29,DF722167C475B964E39C2536D87E694A160F65C43F62DAC8764EA051D5783AAA,4C1CCD24F17E950FC18536B33CAFE32293CFC33E8467B41E1C693055D7F513BF
A006577,Cybertrust Japan SureServer CA G4,Intermediate Certificate,Trusted,2019-09-27,2029-05-29,0207056D172C80BDFB6DC45BE9E5808846078D1E6EEF1B6ED70259AB332A64C1,513B2CECB810D4CDE5DD85391ADFC6C2DD60D87BB736D2B521484AA47A0EBEF6
A011336,Cybertrust Japan SureServer CA G4,Intermediate Certificate,Trusted,2023-12-13,2029-05-29,8346922CB8730BB6AE71AB03BFC42462F4160423D9079BE64385621AC5877672,513B2CECB810D4CDE5DD85391ADFC6C2DD60D87BB736D2B521484AA47A0EBEF6
A007109,Cybertrust Japan SureServer CA G8,Intermediate Certificate,Trusted,2020-06-22,2030-06-22,93D931D5F95411998705B148532F4E16FBCF00F3318DFF9B6A0765ED749C8FD0,E778F0F095FE843729CD1A0082179E5314A9C291442805E1FB1D8FB6B8886C3A
A006567,Cybertrust Japan SureServer EV CA G3,Intermediate Certificate,Trusted,2019-09-27,2029-05-29,FECE9ADA7AA49D4FEA9EFF123542095A880C004FD6933F9364B02B2E3574EA38,513B2CECB810D4CDE5DD85391ADFC6C2DD60D87BB736D2B521484AA47A0EBEF6
A011335,Cybertrust Japan SureServer EV CA G3,Intermediate Certificate,Trusted,2023-12-13,2029-05-29,B723273A3506C6BED85F083DA562734BE09F2C47ADE47317831D63AA8BE278A5,513B2CECB810D4CDE5DD85391ADFC6C2DD60D87BB736D2B521484AA47A0EBEF6
A007106,Cybertrust Japan SureServer EV CA G8,Intermediate Certificate,Trusted,2020-06-22,2030-06-22,70C4002E0DF2FF51E691654903BE742D09D5A74A84B15B68FBCDA320FBF3DC6B,E778F0F095FE843729CD1A0082179E5314A9C291442805E1FB1D8FB6B8886C3A
A007107,Cybertrust Japan SureServer EV CA G9,Intermediate Certificate,Trusted,2020-06-22,2030-06-22,93397E182492A7E7C582BADFE04348E6FA985CBA19AFDE16FD740FF03857367C,4B009C1034494F9AB56BBA3BA1D62731FC4D20D8955ADCEC10A925607261E338
A013335,Cybertrust iTrust EV TLS ECCP384 CA 2025 E1,Intermediate Certificate,Trusted,2026-08-05,2029-07-31,39BEB75E89C32B19D7E89D2C23CF3880BC59B26B0459B19BC17D489495F8BBB5,6AB2AB75F51CB4F4F0156203FBF6F646232F514BE059F62833308B82B4D72DB1
A013333,Cybertrust iTrust EV TLS RSA4096 CA 2025 E1,Intermediate Certificate,Trusted,2026-08-05,2029-07-31,DCD585E03684BA69ABFA3B38E8516E430B74825FFAEE37B9625907907B690DA2,1435F225C5D252D7A21948CC3CE62AECFA88001E3DD72D1CC3555100EB372F93
A013334,Cybertrust iTrust OV TLS ECCP384 CA 2025 E1,Intermediate Certificate,Trusted,2026-08-05,2029-07-31,08A79CAC87F2492F9CFDC133B94C43FBE396FCF9E240E68C67F9A09CC061D51A,6AB2AB75F51CB4F4F0156203FBF6F646232F514BE059F62833308B82B4D72DB1
A013332,Cybertrust iTrust OV TLS RSA4096 CA 2025 E1,Intermediate Certificate,Trusted,2026-08-05,2029-07-31,A308AB06E697508B68777C35E1F6B6C573E3200A0E6ABE621781F5AF9CF04862,1435F225C5D252D7A21948CC3CE62AECFA88001E3DD72D1CC3555100EB372F93
A013336,Cybertrust iTrust SMIME RSA4096 CA 2025 E1,Intermediate Certificate,Trusted,2026-08-05,2036-07-31,A5669D66EE5003AC054C0652B73F6C7FF29D874BDEC100C33BA89CB93D309F53,3629E7188E00A7CB3232C4426BC84912F1218B1A9AE676C0B0ABE1DBFE2182B5
A004499,D-TRUST Application Certificates CA 3-1 2013,Intermediate Certificate,Trusted,2013-09-27,2028-09-20,CB0F7B7670EA2B818ABE80587902434B30EF7A8C0273B84884243F89593EA630,A1A86D04121EB87F027C66F53303C28E5739F943FC84B38AD6AF009035DD9457
A011713,D-TRUST Application Certificates CA 3-1 2013,Intermediate Certificate,Trusted,2024-07-11,2028-09-20,3F25BD4C92D59A994931ABA53D81507C9EE6B90640BE275C4FF431D1DAB72396,A1A86D04121EB87F027C66F53303C28E5739F943FC84B38AD6AF009035DD9457
A011624,D-TRUST Application Certificates CA 3-1 2013,Intermediate Certificate,Trusted,2024-05-15,2028-09-20,9441FD6CD383418465ED911E102A40D2AE82F7443940AAA1C7B49918FFE6028E,A1A86D04121EB87F027C66F53303C28E5739F943FC84B38AD6AF009035DD9457
A004500,D-TRUST Application Certificates CA 3-2 2016,Intermediate Certificate,Trusted,2016-11-16,2028-09-20,7890EED59E95743C62826398129BC2F54AD414794AAC075BA67177332802B029,A1A86D04121EB87F027C66F53303C28E5739F943FC84B38AD6AF009035DD9457
A007477,D-TRUST BR CA 1-20-1 2020,Intermediate Certificate,Trusted,2020-11-24,2035-02-11,199AB2AAAFFF40401E0A3B7B87EE9964659EFFA94A1FECBE918AE136E4B4E0A8,E59AAA816009C22BFF5B25BAD37DF306F049797C1F81D85AB089E657BD8F0044
A007478,D-TRUST BR CA 1-20-2 2020,Intermediate Certificate,Trusted,2020-11-24,2035-02-11,B268D16934AB5BA232F179CD9F5C7FC07EA8583A56A9A7C1D6CB58FE0823BF5A,E59AAA816009C22BFF5B25BAD37DF306F049797C1F81D85AB089E657BD8F0044
A010975,D-TRUST BR CA 2-23-1 2023,Intermediate Certificate,Trusted,2023-05-11,2038-05-09,D904A27FD2D271DCFE40A1F471033CE48A4B5E1484753DA66F7166D6EBDC06E6,0552E6F83FDF65E8FA9670E666DF28A4E21340B510CBE52566F97C4FB94B2BD1
A010976,D-TRUST BR CA 2-23-2 2023,Intermediate Certificate,Trusted,2023-05-11,2038-05-09,6685871384605253C264F8D380A8D1DD50A6CA192788FF2D560CAFE541F807B8,0552E6F83FDF65E8FA9670E666DF28A4E21340B510CBE52566F97C4FB94B2BD1
A012773,D-TRUST BR EV CA 1-20-3 2025,Intermediate Certificate,Trusted,2025-10-02,2035-02-11,25DA3256E8C88A7E390D2C91A272F478FC2FE32042EB08C6C031F72B2914CBEA,E59AAA816009C22BFF5B25BAD37DF306F049797C1F81D85AB089E657BD8F0044
A012774,D-TRUST BR EV CA 2-23-3 2025,Intermediate Certificate,Trusted,2025-10-02,2038-05-09,CB2D2DB7CF95F0CA945EEB48570B763B2C7EED86532E2391E2E10A95C43F43AB,0552E6F83FDF65E8FA9670E666DF28A4E21340B510CBE52566F97C4FB94B2BD1
A012536,D-TRUST BR Root CA 1 2020,Intermediate Certificate,Trusted,2025-07-14,2029-11-05,768B6746A28C48CC35024101E58F9786F56B676A3CE94C52F968EB888DD2372E,49E7A442ACF0EA6287050054B52564B650E4F49E42E348D6AA38E039E957B1C1
A012537,D-TRUST BR Root CA 2 2023,Intermediate Certificate,Trusted,2025-07-14,2029-11-05,2D208A4CC0BE4216947D965D3AEFB0E37897D7691DDEB017E53E5C078BCD344C,49E7A442ACF0EA6287050054B52564B650E4F49E42E348D6AA38E039E957B1C1
A004379,D-TRUST CA 2-2 EV 2016,Intermediate Certificate,Trusted,2016-11-16,2029-11-05,2316D05A2E2D347FA141135B98ED09F56E81F1CF5679793D3B39DD6D8E461A48,EEC5496B988CE98625B934092EEC2908BED0B0F316C2D4730C84EAF1F3D34881
A007479,D-TRUST EV CA 1-20-1 2020,Intermediate Certificate,Trusted,2020-11-24,2035-02-11,41C897473B0369FA74B1F4F9D7F89129485C1A305C0719A867DC8714E0870200,08170D1AA36453901A2F959245E347DB0C8D37ABAABC56B81AA100DC958970DB
A010977,D-TRUST EV CA 2-23-1 2023,Intermediate Certificate,Trusted,2023-05-11,2038-05-09,378CF8738654C8A8544812B1FF2632348225553DA80225692D0491C4A1EEAFB9,8E8221B2E7D4007836A1672F0DCC299C33BC07D316F132FA1A206D587150F1CE
A013070,D-TRUST EV Root CA 1 2020,Intermediate Certificate,Trusted,2026-03-25,2029-11-05,2FE915B13575DF6A0A8BEB5018B621207116A91C1DDF7E33B94591FAC3F23626,EEC5496B988CE98625B934092EEC2908BED0B0F316C2D4730C84EAF1F3D34881
A013071,D-TRUST EV Root CA 2 2023,Intermediate Certificate,Trusted,2026-03-25,2029-11-05,263C1848F101C4DC6C1D30FC4744610181B956A4D624C30505FE8B2EBEFEAD0B,EEC5496B988CE98625B934092EEC2908BED0B0F316C2D4730C84EAF1F3D34881
A013199,D-TRUST SCE384 CA 1-20-31 2026,Intermediate Certificate,Trusted,2026-06-02,2035-02-11,6BA41C66AEB28538CAAE6E374ABA28A67224E4AD3FF93DBB4CA23A249D22E681,E59AAA816009C22BFF5B25BAD37DF306F049797C1F81D85AB089E657BD8F0044
A013200,D-TRUST SCR4096 CA 2-23-31 2026,Intermediate Certificate,Trusted,2026-06-02,2038-05-09,2FF83C9B6976CC32CD6A01994CC815BD0610519773B2E2C9F83B502DFBDDB12E,0552E6F83FDF65E8FA9670E666DF28A4E21340B510CBE52566F97C4FB94B2BD1
A007012,D-TRUST SSL CA 2 2020,Intermediate Certificate,Trusted,2020-04-21,2029-11-05,972A181B60294EBA07333B9C1982440D43395ABA91D450EC0EFB485AED49D5A7,49E7A442ACF0EA6287050054B52564B650E4F49E42E348D6AA38E039E957B1C1
A000313,D-TRUST SSL Class 3 CA 1 2009,Intermediate Certificate,Trusted,2009-11-12,2029-11-05,6AC159B4C2BC8E729F3B84642EF1286BCC80D775FE278C740ADA468D59439025,49E7A442ACF0EA6287050054B52564B650E4F49E42E348D6AA38E039E957B1C1
A000312,D-TRUST SSL Class 3 CA 1 EV 2009,Intermediate Certificate,Trusted,2009-11-12,2029-11-05,B0935DC04B4E60C0C42DEF7EC57A1B1D8F958D17988E71CC80A8CF5E635BA5B4,EEC5496B988CE98625B934092EEC2908BED0B0F316C2D4730C84EAF1F3D34881
A013306,D-TRUST WE384 CA 1-20-12 2026,Intermediate Certificate,Trusted,2026-07-17,2029-07-16,498F683D2BA40AC20A43E80C5B7D267F443E15EB896B616B3A50B70BFBE4E440,08170D1AA36453901A2F959245E347DB0C8D37ABAABC56B81AA100DC958970DB
A013307,D-TRUST WE384 CA 1-20-22 2026,Intermediate Certificate,Trusted,2026-07-17,2029-07-16,F67C55BF9341E6C55043AC6B6C784C69C21AB8CF15D538F5372701792B0192FF,08170D1AA36453901A2F959245E347DB0C8D37ABAABC56B81AA100DC958970DB
A013072,D-TRUST WR4096 CA 2-23-11 2026,Intermediate Certificate,Trusted,2026-03-25,2029-03-24,8544BB6E73BC3724ABE0031509F16FBEA48A43B87E61291D4DB4098312E8661A,8E8221B2E7D4007836A1672F0DCC299C33BC07D316F132FA1A206D587150F1CE
A013073,D-TRUST WR4096 CA 2-23-12 2026,Intermediate Certificate,Trusted,2026-03-25,2029-03-24,B411571170E4572B020E7C799B6FA260C21251298D9A0ECAC12D0CADFE5AB467,8E8221B2E7D4007836A1672F0DCC299C33BC07D316F132FA1A206D587150F1CE
A013074,D-TRUST WR4096 CA 2-23-13 2026,Intermediate Certificate,Trusted,2026-03-25,2029-03-24,8FFFB801EF8D22AE389F7C58C550E3D389F7D456EB1B25C0CE7A9FE584A38804,8E8221B2E7D4007836A1672F0DCC299C33BC07D316F132FA1A206D587150F1CE
A013112,D-TRUST WR4096 CA 2-23-21 2026,Intermediate Certificate,Trusted,2026-04-15,2029-04-14,F0BAC64EB900BACCF46F8CF36009984399C02AD02532819F0885236C3F10B7A3,8E8221B2E7D4007836A1672F0DCC299C33BC07D316F132FA1A206D587150F1CE
A013113,D-TRUST WR4096 CA 2-23-22 2026,Intermediate Certificate,Trusted,2026-04-15,2029-04-14,7C467DDCD791AE851008626548E940C251BD59D76BA5013BDF3D3FA2FDCE39E6,8E8221B2E7D4007836A1672F0DCC299C33BC07D316F132FA1A206D587150F1CE
A013114,D-TRUST WR4096 CA 2-23-23 2026,Intermediate Certificate,Trusted,2026-04-15,2029-04-14,AFC555603AC30732A1662ED1872C241409FB17E3720E57892E7FABC95543D09A,8E8221B2E7D4007836A1672F0DCC299C33BC07D316F132FA1A206D587150F1CE
A010387,D-Trust SBR CA 1-22-1 2022,Intermediate Certificate,Trusted,2022-07-06,2037-07-06,31FFA8D3F2439C62F2363FE56F4E245382A6D69D8A828B3539FA3875F8C5235B,D92C171F5CF890BA428019292927FE22F3207FD2B54449CB6F675AF4922146E2
A010388,D-Trust SBR CA 1-22-2 2022,Intermediate Certificate,Trusted,2022-07-06,2037-07-06,200E2C50111A71B07555E921D3BFB7EBDE47F7E41873E06753474362BC017BA2,D92C171F5CF890BA428019292927FE22F3207FD2B54449CB6F675AF4922146E2
A010938,D-Trust SBR CA 1-22-3 2023,Intermediate Certificate,Trusted,2023-05-09,2037-07-06,D087C970CED1BBCE2E9A73AA7A601CC6A8C877BF1FF3B6089AEDEAE585F2FABA,D92C171F5CF890BA428019292927FE22F3207FD2B54449CB6F675AF4922146E2
A011620,D-Trust SBR CA 1-22-4 2024,Intermediate Certificate,Trusted,2024-05-14,2037-07-06,DD69E93713BAE0F4B529A485BAE1FD25B61DDF6DBC25CDE25D0F365CD14CE4DE,D92C171F5CF890BA428019292927FE22F3207FD2B54449CB6F675AF4922146E2
A011621,D-Trust SBR CA 1-22-5 2024,Intermediate Certificate,Trusted,2024-05-14,2037-07-06,087C5E12093A48D3064C3352CF7B1017C57492E1BE02A3B032AC42ED079F9845,D92C171F5CF890BA428019292927FE22F3207FD2B54449CB6F675AF4922146E2
A010389,D-Trust SBR CA 2-22-1 2022,Intermediate Certificate,Trusted,2022-07-07,2037-07-07,CED8E0893E52A1C96AE65D9955A908C45003D7CEADE56B3E4717FD8F00EE0743,DBA84DD7EF622D485463A90137EA4D574DF8550928F6AFA03B4D8B1141E636CC
A010390,D-Trust SBR CA 2-22-2 2022,Intermediate Certificate,Trusted,2022-07-07,2037-07-07,6E87C6E63C8BEE394908B97D1079F8FF88C3930E0EBEC5708C159E2B83247FF0,DBA84DD7EF622D485463A90137EA4D574DF8550928F6AFA03B4D8B1141E636CC
A010939,D-Trust SBR CA 2-22-3 2023,Intermediate Certificate,Trusted,2023-05-09,2037-07-07,ED65312EB2E5F93293CCF370803CD3A66D1670C8D3A4825F5EA428F03F8ACCCC,DBA84DD7EF622D485463A90137EA4D574DF8550928F6AFA03B4D8B1141E636CC
A011622,D-Trust SBR CA 2-22-4 2024,Intermediate Certificate,Trusted,2024-05-14,2037-07-07,5A128127FFEF4C2F7443F6695B5C96B572DCD8092131449F1497728F2EE4C59B,DBA84DD7EF622D485463A90137EA4D574DF8550928F6AFA03B4D8B1141E636CC
A011623,D-Trust SBR CA 2-22-5 2024,Intermediate Certificate,Trusted,2024-05-14,2037-07-07,1B410BA647ADD270CEBF6F6C6CC4BD69533E868D710325383965EC32C5EF8938,DBA84DD7EF622D485463A90137EA4D574DF8550928F6AFA03B4D8B1141E636CC
A012538,D-Trust SBR Root CA 2 2022,Intermediate Certificate,Trusted,2025-07-14,2028-09-20,7B2D0CE123F48B27CD6333B1FB113FF9134BF97793902CFFBF3BE326A5D0101D,A1A86D04121EB87F027C66F53303C28E5739F943FC84B38AD6AF009035DD9457
A004492,DC Government SHA2 Assured ID Intermediate CA,Intermediate Certificate,Trusted,2017-07-13,2027-07-13,FB1147E7AB97A29BB9C1140ABF3DE831F4C5F60D11B90FEC999A0816375D8457,7D05EBB682339F8C9451EE094EEBFEFA7953A114EDB2F44949452FAB7D2FC185
A004511,DC Government SHA2 EV Intermediate CA,Intermediate Certificate,Trusted,2017-07-13,2027-07-13,F12241EE34C03A608D34DBC0EA465E1BD1AA13091554F9D4D086253FF3CE83D4,552F7BDCF1A7AF9E6CE672017F4F12ABF77240C78E761AC203D1D9D20AC89988
A003385,DFN-Verein Certification Authority 2,Intermediate Certificate,Trusted,2016-02-22,2031-02-22,F660B0C256481CB2BFC67661C1EA8FEEE395B7141BCAC36C36E04D08CD9E1582,91E2F5788D5810EBA7BA58737DE1548A8ECACD014598BC0B143E041B17052552
A003511,DFN-Verein Global Issuing CA,Intermediate Certificate,Trusted,2016-05-24,2031-02-22,1257AAC2F4EEAC6CA4942C2C83F0B67B41A3B47120C4D53429929513ACAD468C,F660B0C256481CB2BFC67661C1EA8FEEE395B7141BCAC36C36E04D08CD9E1582
A013329,DHL Global TLS CA I7,Intermediate Certificate,Trusted,2026-08-03,2036-07-30,5D23B269827CCFF1A81F0B0510F9A78E62D280619296D96293D67F87C6574C4B,4FA3126D8D3A11D1C4855A4F807CBAD6CF919D3A5A88B03BEA2C6372D93C40C9
A012209,DHL Secure Mail CA I6,Intermediate Certificate,Trusted,2025-03-19,2035-03-19,333729B23AE4506C32E80C654C66EC7B2D1BBC7A923A216F48A7C62A46B52414,319AF0A7729E6F89269C131EA6A3A16FCD86389FDCAB3C47A4A675C161A3F974
A007593,DIGITALSIGN CA G1,Intermediate Certificate,Trusted,2021-01-22,2033-01-19,951B523C9B7FD59AF6FAE2E054D97F2B9371A41DF752D63295B3BB93F3C5059C,82BD5D851ACF7F6E1BA7BFCBC53030D0E7BC3C21DF772D858CAB41D199BDF595
A007590,DIGITALSIGN CA V1,Intermediate Certificate,Trusted,2021-01-22,2033-01-19,C18C8DE10A7B02AB2A700F3E95EE53501DC015012FAAC197B2D64BF2EE6DFE77,261D7114AE5F8FF2D8C7209A9DE4289E6AFC9D717023D85450909199F1857CFE
A007594,DIGITALSIGN QUALIFIED CA G1,Intermediate Certificate,Trusted,2021-01-22,2033-01-19,27BB49D206B6DEC161EBB8EA739530E90AC68498D2EEA05A7ED9603D1DCE0FD5,82BD5D851ACF7F6E1BA7BFCBC53030D0E7BC3C21DF772D858CAB41D199BDF595
A007588,DIGITALSIGN QUALIFIED CA V1,Intermediate Certificate,Trusted,2021-01-22,2033-01-19,4A2B2B0F8429A77E23BCAB8FFA253F4C21368CB4AA2A78DBC5D417C6D1D0E105,261D7114AE5F8FF2D8C7209A9DE4289E6AFC9D717023D85450909199F1857CFE
A007644,DKB CA 1O1,Intermediate Certificate,Trusted,2021-03-30,2031-03-29,D889A2641F5DF941353817C87A5CD0D9CDACED3886240BFBD937329E94D3A45B,552F7BDCF1A7AF9E6CE672017F4F12ABF77240C78E761AC203D1D9D20AC89988
A007547,DKB CA 1O1,Intermediate Certificate,Trusted,2021-02-04,2031-02-03,0E5B8040B3AB60A50D2D5FB11E19AEB2E45B564B335B79D773D42B81D8219C75,552F7BDCF1A7AF9E6CE672017F4F12ABF77240C78E761AC203D1D9D20AC89988
A006734,DNEncrypt ECC DV SSL/TLS  [Run by the Issuer],Intermediate Certificate,Trusted,2019-12-19,2029-12-18,0371A553E4ACF402459107E8F793379CC569130F2EE03C412FED87B5C1724244,4FF460D54B9C86DABFBCFC5712E0400D2BED3FBC4D4FBDAA86E06ADCD2A9AD7A
A006736,DNEncrypt ECC EV SSL/TLS  [Run by the Issuer],Intermediate Certificate,Trusted,2019-12-19,2029-12-18,E993AD654D458544BB0E4DA7EC7C5FBA60C464579B1B22C65923DDD14A6780AC,4FF460D54B9C86DABFBCFC5712E0400D2BED3FBC4D4FBDAA86E06ADCD2A9AD7A
A006735,DNEncrypt ECC OV SSL/TLS  [Run by the Issuer],Intermediate Certificate,Trusted,2019-12-19,2029-12-18,CA377B18866B238F31A8049DFD13609E549B751390EEFCDB9A9A1353127FFB35,4FF460D54B9C86DABFBCFC5712E0400D2BED3FBC4D4FBDAA86E06ADCD2A9AD7A
A006731,DNEncrypt SHA2 DV SSL/TLS  [Run by the Issuer],Intermediate Certificate,Trusted,2019-12-19,2029-12-18,9D19082E2433BE5501F469129570F573873B2DFE8386B1F8A9DFA98C2FAADCDB,E793C9B02FD8AA13E21C31228ACCB08119643B749C898964B1746D46C3D4CBD2
A006733,DNEncrypt SHA2 EV SSL/TLS  [Run by the Issuer],Intermediate Certificate,Trusted,2019-12-19,2029-12-18,885E8E1DCAD07714F3BA2CAC9ADBF68711FB2E563683FC4E334CF924D97CC245,E793C9B02FD8AA13E21C31228ACCB08119643B749C898964B1746D46C3D4CBD2
A006732,DNEncrypt SHA2 OV SSL/TLS  [Run by the Issuer],Intermediate Certificate,Trusted,2019-12-19,2029-12-18,A8AEE0CA4FBE090878A901CB564125574EC64BA28E9E90296ED3E492B160B4D9,E793C9B02FD8AA13E21C31228ACCB08119643B749C898964B1746D46C3D4CBD2
A012057,DNSPod DV TLS ECC CA 2025,Intermediate Certificate,Trusted,2025-01-08,2035-01-07,F9A12708BF2D2D3C2C5A48549131230641A91C700EE7EA4092C69C1A7995AD6E,31AD6648F8104138C738F39EA4320133393E3A18CC02296EF97C2AC9EF6731D0
A013154,DNSPod DV TLS ECC CA 2026,Intermediate Certificate,Trusted,2026-04-28,2029-04-28,84347140085D4BBBFC42AAAFA211E5B5987E4E8C7490C25103D25EFEFA46CC1D,C0076B9EF0531FB1A656D67C4EBE97CD5DBAA41EF44598ACC2489878C92D8711
A012030,DNSPod DV TLS ECC CA G1,Intermediate Certificate,Trusted,2025-01-05,2035-01-05,AACCD77057271FF5F605DF8CC5A44397E71CCE796EA79B8F1E8658FC9CD52464,9BEA11C976FE014764C1BE56A6F914B5A560317ABD9988393382E5161AA0493C
A012056,DNSPod DV TLS RSA CA 2025,Intermediate Certificate,Trusted,2025-01-08,2035-01-07,A4B61180AB9684BBC0548C6E276FAF65F1BFD13984310D8BE81DE56182B52916,CB3CCBB76031E5E0138F8DD39A23F9DE47FFC35E43C1144CEA27D46A5AB1CB5F
A013152,DNSPod DV TLS RSA CA 2026,Intermediate Certificate,Trusted,2026-04-28,2029-04-28,6B899E85B85932C3BDE04CD2B35365B7BD1950F318B0C32079373EF98B62422E,06C08D7DAFD876971EB1124FE67F847EC0C7A158D3EA53CBE940E2EA9791F4C3
A012024,DNSPod DV TLS RSA CA G1,Intermediate Certificate,Trusted,2025-01-05,2035-01-05,A07A7DEFCD1ED23F36D22AC33421F1D973583B12C96CA2496DE724C4494C0CD2,9BEA11C976FE014764C1BE56A6F914B5A560317ABD9988393382E5161AA0493C
A010196,DNSPod ECC DV,Intermediate Certificate,Trusted,2022-04-14,2032-04-13,165AA432316AA826CBEB1E7A13E5E96EB9277AF0105580A7CEE5210F0425E056,4FF460D54B9C86DABFBCFC5712E0400D2BED3FBC4D4FBDAA86E06ADCD2A9AD7A
A010198,DNSPod ECC EV,Intermediate Certificate,Trusted,2022-04-14,2032-04-13,1A1D59B3CFDB8423A6E2677EF15D9FC3D0DA9DCCFA637F60EAE6E9B7C887C8FD,4FF460D54B9C86DABFBCFC5712E0400D2BED3FBC4D4FBDAA86E06ADCD2A9AD7A
A010197,DNSPod ECC OV,Intermediate Certificate,Trusted,2022-04-14,2032-04-13,BBAF546F28C300D906FAA761415D97129B1D772E498B17EAD67E3AAD4439E3FD,4FF460D54B9C86DABFBCFC5712E0400D2BED3FBC4D4FBDAA86E06ADCD2A9AD7A
A012031,DNSPod OV TLS ECC CA G1,Intermediate Certificate,Trusted,2025-01-05,2035-01-05,8C4BFF9AE3F079E50208F84E4DA658AB441109686861FFCEE50D4A8662C2EEA1,9BEA11C976FE014764C1BE56A6F914B5A560317ABD9988393382E5161AA0493C
A012025,DNSPod OV TLS RSA CA G1,Intermediate Certificate,Trusted,2025-01-05,2035-01-05,F36592E33FD869E917E33BADE683A4EC20809D5C8B493A1427BA6DC066CB5AE3,9BEA11C976FE014764C1BE56A6F914B5A560317ABD9988393382E5161AA0493C
A010193,DNSPod RSA DV,Intermediate Certificate,Trusted,2022-04-14,2032-04-13,26ED3BDE1930D8C53CECD1B3D50B0D7BFD2F4439C9EDC8D708761ED6FE5DA0AB,E793C9B02FD8AA13E21C31228ACCB08119643B749C898964B1746D46C3D4CBD2
A010195,DNSPod RSA EV,Intermediate Certificate,Trusted,2022-04-14,2032-04-13,45580380E4BC0D9728C9F3098AD7B60AB27212D0FF142020C5230891AB8471BE,E793C9B02FD8AA13E21C31228ACCB08119643B749C898964B1746D46C3D4CBD2
A010194,DNSPod RSA OV,Intermediate Certificate,Trusted,2022-04-14,2032-04-13,5266D7165119628F9559A1565060E2CFBF21354E1CB72AC66C755B9EE9F1902D,E793C9B02FD8AA13E21C31228ACCB08119643B749C898964B1746D46C3D4CBD2
A012055,DNSPod TLS ECC CA 2025,Intermediate Certificate,Trusted,2025-01-08,2035-01-07,6AB3235DC28CF3B44EC0620CFD7C5656FE601883B6ACEDF9931CDC220B8A38B5,31AD6648F8104138C738F39EA4320133393E3A18CC02296EF97C2AC9EF6731D0
A013155,DNSPod TLS ECC CA 2026,Intermediate Certificate,Trusted,2026-04-28,2029-04-28,451B60A00619EE05A44CD0B16503E190256D525B61A8DCED14117330EAE6F8DB,C0076B9EF0531FB1A656D67C4EBE97CD5DBAA41EF44598ACC2489878C92D8711
A012054,DNSPod TLS RSA CA 2025,Intermediate Certificate,Trusted,2025-01-08,2035-01-07,14F1F7429378AADA4E7AC360A6C4B481DC245E00A74CDE85E923BD2DDCED2F05,CB3CCBB76031E5E0138F8DD39A23F9DE47FFC35E43C1144CEA27D46A5AB1CB5F
A013153,DNSPod TLS RSA CA 2026,Intermediate Certificate,Trusted,2026-04-28,2029-04-28,FD73D219CF20DA8B236FA8B8F181E584EC17D91DA4FEF6FA0B51ED7B107A666A,06C08D7DAFD876971EB1124FE67F847EC0C7A158D3EA53CBE940E2EA9791F4C3
A007185,DPDHL Global TLS CA - I5,Intermediate Certificate,Trusted,2020-07-11,2029-03-18,32A4E554E363116FE48E22F01DAC1736752A71C720F99F462D565022D3BAD07D,CBB522D7B7F127AD6A0113865BDF1CD4102E7D0759AF635A7CF4720DC963C53B
A011614,DPDHL User CA I5,Intermediate Certificate,Trusted,2024-05-15,2029-03-18,D4422292BB7DA8F8808DFA315D16A3A1380DB929E1E5A0335128FA71419E92BE,CBB522D7B7F127AD6A0113865BDF1CD4102E7D0759AF635A7CF4720DC963C53B
A007249,DPDHL User CA I5,Intermediate Certificate,Trusted,2020-07-28,2029-03-18,163B5F69720164075C16CE760A93C85D5073CD5A0D41C7A3AFB0B5E75B3DC646,CBB522D7B7F127AD6A0113865BDF1CD4102E7D0759AF635A7CF4720DC963C53B
A011047,DPDHL User CA I5,Intermediate Certificate,Trusted,2023-06-28,2029-03-18,487A1BBFE1106CF575F04196CAE3D987D990A29640F4CA5C8994830131541DA1,CBB522D7B7F127AD6A0113865BDF1CD4102E7D0759AF635A7CF4720DC963C53B
A011045,DSigner GCC R3 SMIME CA 2020,Intermediate Certificate,Trusted,2023-06-28,2029-03-18,0E95B3411E3806ECF7C4C6026956F3E5F3EB1EC096C0F982CAD30ECB37AFFC85,CBB522D7B7F127AD6A0113865BDF1CD4102E7D0759AF635A7CF4720DC963C53B
A007451,DSigner GCC R3 SMIME CA 2020,Intermediate Certificate,Trusted,2020-10-21,2029-03-18,3FA4A9B65FDF6876FE668DFECC434932EBC254FD741119FC432A5989A085F320,CBB522D7B7F127AD6A0113865BDF1CD4102E7D0759AF635A7CF4720DC963C53B
A007368,Daiichi Sankyo Europe GmbH Issuing CA,Intermediate Certificate,Trusted,2020-09-25,2030-09-24,A34B4B3BA3B93302804740CFF3F01A9C0FD9CFFEE5A193C997B87C5BE43A9E94,7D05EBB682339F8C9451EE094EEBFEFA7953A114EDB2F44949452FAB7D2FC185
A006956,Democritus University of Thrace TLS RSA SubCA R1,Intermediate Certificate,Trusted,2020-03-24,2028-03-22,220040DDA377C944429E8CE913B7D81B36DE34EBF2DC218D2066393D94863439,A040929A02CE53B4ACF4F2FFC6981CE4496F755E6D45FE0B2A692BCD52523F36
A011978,Deutsche Telekom AG SMIME ECC CA 24,Intermediate Certificate,Trusted,2024-11-26,2034-11-25,5F8CD9D54A0C2F83C86B999F34C448A4608DC75C4377978A4CC3669B5718BF36,3AE6DF7E0D637A65A8C81612EC6F9A142F85A16834C10280D88E707028518755
A011979,Deutsche Telekom AG SMIME RSA CA 24,Intermediate Certificate,Trusted,2024-11-26,2034-11-25,0CE1DAB9D12CD1D587AEF1B7B50B33D682D539F45DF809643A53B6A84935B47B,78A656344F947E9CC0F734D9053D32F6742086B6B9CD2CAE4FAE1A2E4EFDE048
A007184,Deutsche Telekom AG secure email CA E03,Intermediate Certificate,Trusted,2020-07-09,2030-07-09,38CBC81860C904BDF18046CD0FB7754E44D569398DD14FBF09F72AA20FC35CCF,91E2F5788D5810EBA7BA58737DE1548A8ECACD014598BC0B143E041B17052552
A011189,Deutsche Telekom AG secure email CA E05,Intermediate Certificate,Trusted,2023-08-09,2028-08-08,1AB8A68FCBBA644D5C6D2627FE6D943CE4FD3E58619B3B087F3CF4EFA838C46A,91E2F5788D5810EBA7BA58737DE1548A8ECACD014598BC0B143E041B17052552
A012823,Deutsche Telekom SMIME ECC qualified CA 25,Intermediate Certificate,Trusted,2025-10-23,2035-10-22,83C873C88056E810D74A71F665A49E76D24838178A101235329D193558B888CE,3AE6DF7E0D637A65A8C81612EC6F9A142F85A16834C10280D88E707028518755
A012824,Deutsche Telekom SMIME RSA qualified CA 25,Intermediate Certificate,Trusted,2025-10-23,2035-10-22,A7E52B3F5DF5D5122751E167BA343F1B87CCD8E45A9E976D2E0AEE8C7CAEBBD7,78A656344F947E9CC0F734D9053D32F6742086B6B9CD2CAE4FAE1A2E4EFDE048
A012821,Deutsche Telekom SMIME qualified CA 25,Intermediate Certificate,Trusted,2025-10-23,2033-09-30,E84F2DBEA23690D8B850805B335454B0E773AD4C6992C7EF9DD005088CBEF2E1,91E2F5788D5810EBA7BA58737DE1548A8ECACD014598BC0B143E041B17052552
A004137,Deutscher Bundestag CA - G02,Intermediate Certificate,Trusted,2016-11-03,2031-02-22,4C9E0538F985690DE9D5CE1C38F16C24B4C39A1710C0881CDB06E2AFDB757B4D,F660B0C256481CB2BFC67661C1EA8FEEE395B7141BCAC36C36E04D08CD9E1582
A011043,DexKo Global GCC R3 SMIME CA 2020,Intermediate Certificate,Trusted,2023-06-28,2029-03-18,6C450398A321440532FE2FA41B31ABF13ADA8A94274D0397E6F24D18CED77A66,CBB522D7B7F127AD6A0113865BDF1CD4102E7D0759AF635A7CF4720DC963C53B
A007301,DexKo Global GCC R3 SMIME CA 2020,Intermediate Certificate,Trusted,2020-08-19,2029-03-18,D531F24E655D1F28A344BD3E0E9B141CE88A4139C61CB0CF5184EF2E2B9531A7,CBB522D7B7F127AD6A0113865BDF1CD4102E7D0759AF635A7CF4720DC963C53B
A011240,DigiCert Assured G2 EUR SMIME RSA4096 SHA384 2023 CA1,Intermediate Certificate,Trusted,2023-08-30,2033-08-29,8682865D0B127A67FC0F8656CE4DD19846906671FBB97D3F3929A291FA548003,7D05EBB682339F8C9451EE094EEBFEFA7953A114EDB2F44949452FAB7D2FC185
A011243,DigiCert Assured G2 SMIME RSA4096 SHA384 2023 CA1,Intermediate Certificate,Trusted,2023-08-30,2033-08-29,0F18E75571996FD1F75BE6CC6186B045EA2E76FB70A1FDEBFE9CB923A010EB43,7D05EBB682339F8C9451EE094EEBFEFA7953A114EDB2F44949452FAB7D2FC185
A011475,DigiCert Assured G2 SMIME RSA4096 SHA384 2024 CA1,Intermediate Certificate,Trusted,2024-03-13,2034-03-12,CD5729AD30AC925A6B4985972BA93CD0550C6430616EC057D887AE79D00A9D58,7D05EBB682339F8C9451EE094EEBFEFA7953A114EDB2F44949452FAB7D2FC185
A011241,DigiCert Assured G2 mPKI SMIME RSA4096 SHA384 2023 CA1,Intermediate Certificate,Trusted,2023-08-30,2033-08-29,BE1AF7D2FFED61A2140D610482952450E380448F9CAB9D63C6CDE2014A0ADE0A,7D05EBB682339F8C9451EE094EEBFEFA7953A114EDB2F44949452FAB7D2FC185
A000349,DigiCert Assured ID CA G2,Intermediate Certificate,Trusted,2013-08-01,2028-08-01,93C381CB07B353A920C2A7BED6BEBF195C68279DD0527D37F20BDD0D99C330FA,7D05EBB682339F8C9451EE094EEBFEFA7953A114EDB2F44949452FAB7D2FC185
A000350,DigiCert Assured ID CA G3,Intermediate Certificate,Trusted,2013-08-01,2028-08-01,634FDF26C994E76A2918D9EFC4CAB9C6FCB344EF642A79C89192BCDA0ED52F4C,7E37CB8B4C47090CAB36551BA6F45DB840680FBA166A952DB100717F43053FC2
A006561,DigiCert Assured ID Client CA G2,Intermediate Certificate,Trusted,2019-09-23,2034-09-23,9E12D6E13DDD53A890A2B3A37423AE5E457731A7B34A153992F1EF1F5489A45E,7D05EBB682339F8C9451EE094EEBFEFA7953A114EDB2F44949452FAB7D2FC185
A006562,DigiCert Assured ID Client CA G3,Intermediate Certificate,Trusted,2019-09-23,2034-09-23,14FAFCA84BDB8B0EC32719272BE730FE18D6FC29301C5CF789400596EC429AFE,7E37CB8B4C47090CAB36551BA6F45DB840680FBA166A952DB100717F43053FC2
A010844,DigiCert Assured ID G2 DocSigning Europe RSA4096 SHA256 2023 CA1,Intermediate Certificate,Trusted,2023-02-23,2033-02-22,690B373C5A3B09FF56C44EEF01F39CFDA9DCF48AFEE7DD4BC748E8BC1DA66A2F,7D05EBB682339F8C9451EE094EEBFEFA7953A114EDB2F44949452FAB7D2FC185
A010845,DigiCert Assured ID G2 SMIME Europe RSA4096 SHA256 2023 CA1,Intermediate Certificate,Trusted,2023-02-23,2033-02-22,2724D9D7B945BB253E379CEF6CF4156775EE9AC7660E62D1384DD7B4A4E958FA,7D05EBB682339F8C9451EE094EEBFEFA7953A114EDB2F44949452FAB7D2FC185
A010897,DigiCert Assured ID G2 SMIME Europe RSA4096 SHA256 2023 CA2,Intermediate Certificate,Trusted,2023-03-30,2033-03-29,3DED2BDFEAA4F0BEA10C95C4B48EC94BC593470155A723B937B74890049BE0F6,7D05EBB682339F8C9451EE094EEBFEFA7953A114EDB2F44949452FAB7D2FC185
A010153,DigiCert Assured ID G2 TLS RSA4096 SHA256 2022 CA1,Intermediate Certificate,Trusted,2022-03-31,2032-03-30,43A70E3620BC452339D878AA68F2E5358AC4607AC722C4D77D3C4D2C204F7F71,7D05EBB682339F8C9451EE094EEBFEFA7953A114EDB2F44949452FAB7D2FC185
A013351,DigiCert Assured ID G2 TLS RSA4096 SHA256 2026 CA2,Intermediate Certificate,Trusted,2026-08-20,2036-08-20,B2F24C4F1F9E3C778B72DFA9F521C67C64BB358A2981D3B197BF6C78173D804E,7D05EBB682339F8C9451EE094EEBFEFA7953A114EDB2F44949452FAB7D2FC185
A013352,DigiCert Assured ID G2 TLS RSA4096 SHA256 2026 CA2,Intermediate Certificate,Trusted,2026-08-20,2041-08-19,8B48EF8B851DE0A44F44689C61A8F92A6310E059FF2DFF5CA393526F96965597,1BA02FF4A2562BBE6B799563990C88CC50E1182395719A4EAA803976E2F50860
A010077,DigiCert Assured ID G3 TLS ECC384 SHA384 2022 CA1,Intermediate Certificate,Trusted,2022-03-03,2032-03-02,1C8846C406AC6294FAF0D32A5A14E79C841385A57F1159B61E9014605E37E5E9,7E37CB8B4C47090CAB36551BA6F45DB840680FBA166A952DB100717F43053FC2
A010164,DigiCert Assured ID Grid Client RSA2048 SHA256 2022 CA1,Intermediate Certificate,Trusted,2022-04-12,2031-11-09,FC8B43C36CCB521FE0E5BD24B14665DAD350BA2C232006B98933D7878D775718,3E9099B5015E8F486C00BCEA9D111EE721FABA355A89BCF1DF69561E3DC6325C
A011440,DigiCert Assured ID Grid Client RSA2048 SHA256 2024 CA1,Intermediate Certificate,Trusted,2024-02-07,2031-11-09,32D509B92CD803AB88177C62793BAEE4E2E2C4D9CBAF8ECE344357C2B6957D32,3E9099B5015E8F486C00BCEA9D111EE721FABA355A89BCF1DF69561E3DC6325C
A012888,DigiCert Assured ID Root G2,Intermediate Certificate,Trusted,2026-01-12,2031-11-09,D9AE5ED27C9C6485296C89A29D222F4AB2BC7EECA51ECC8D2D7A23FE9C1151DA,7431E5F4C3C1CE4690774F0B61E05440883BA9A01ED00BA6ABD7806ED3B118CF
A007486,DigiCert Assured ID SMIME RSA SHA256 2020 CA1,Intermediate Certificate,Trusted,2020-12-08,2030-12-07,5944AA2A86792A7BF5B748B79144DB7FD91FEEA5A3F3E2129C6B3145A3125B10,3E9099B5015E8F486C00BCEA9D111EE721FABA355A89BCF1DF69561E3DC6325C
A010005,DigiCert Assured ID SMIME RSA2048 SHA256 2021 CA1,Intermediate Certificate,Trusted,2021-12-14,2031-11-09,61E163C56C6100A91463ACCEC29B01A881E3F9C3B3AEF2CCD0B21DB0EAF9F2AE,3E9099B5015E8F486C00BCEA9D111EE721FABA355A89BCF1DF69561E3DC6325C
A006946,DigiCert Assured ID TLS CA G2,Intermediate Certificate,Trusted,2020-03-25,2030-03-25,77CD51784A693D9482E7EA694E4053BCFD9DF65580FBCE14B2A7527C081803E1,7D05EBB682339F8C9451EE094EEBFEFA7953A114EDB2F44949452FAB7D2FC185
A010767,DigiCert Basic EV G2 TLS CN RSA4096 SHA256 2022 CA1,Intermediate Certificate,Trusted,2022-12-15,2032-12-14,8534345E71F5450B6BD2758CEF8495547008A6E302AC8DAC625361CB24DC6BD5,CB3CCBB76031E5E0138F8DD39A23F9DE47FFC35E43C1144CEA27D46A5AB1CB5F
A010783,DigiCert Basic EV G3 TLS CN ECC P-384 SHA384 2022 CA1,Intermediate Certificate,Trusted,2022-12-20,2032-12-19,1CA57EF159812BFBE2D8106F6152E51DDD0A5A4C9489CD097595B797CB37843E,31AD6648F8104138C738F39EA4320133393E3A18CC02296EF97C2AC9EF6731D0
A010808,DigiCert Basic EV G5 TLS CN ECC P-384 SHA384 2022 CA1,Intermediate Certificate,Trusted,2023-01-19,2033-01-18,FDB76E78A450C0F3AF093D5186C3B28A1280567A0EC531CA5977FF4E616B35E3,018E13F0772532CF809BD1B17281867283FC48C6E13BE9C69812854A490C1B05
A010788,DigiCert Basic EV G5 TLS CN RSA4096 SHA384 2022 CA1,Intermediate Certificate,Trusted,2023-01-12,2033-01-11,7BAD1EBDE38C5226B5CE118E386775FAFBC4C8A545598D965CD01E97491DEF8F,371A00DC0533B3721A7EEB40E8419E70799D2B0A0F2C1D80693165F7CEC4AD75
A010768,DigiCert Basic OV G2 TLS CN RSA4096 SHA256 2022 CA1,Intermediate Certificate,Trusted,2022-12-15,2032-12-14,F16C99CDE19ED1ACE8B4FBC700E05E7EFF2116FD6A22427766B251C6E8BB3CE7,CB3CCBB76031E5E0138F8DD39A23F9DE47FFC35E43C1144CEA27D46A5AB1CB5F
A010782,DigiCert Basic OV G3 TLS CN ECC P-384 SHA384 2022 CA1,Intermediate Certificate,Trusted,2022-12-20,2032-12-19,B5528F4A43957E1ABBE08C4EBF2D8ACF4C2C1914D6354117492C8C3FE033FD97,31AD6648F8104138C738F39EA4320133393E3A18CC02296EF97C2AC9EF6731D0
A010809,DigiCert Basic OV G5 TLS CN ECC P-384 SHA384 2022 CA1,Intermediate Certificate,Trusted,2023-01-19,2033-01-18,1D75A0B37B4AE11E883C97D3FF0DC5D84D93FE129C12DD78086C4A78DAF3F709,018E13F0772532CF809BD1B17281867283FC48C6E13BE9C69812854A490C1B05
A010789,DigiCert Basic OV G5 TLS CN RSA4096 SHA384 2022 CA1,Intermediate Certificate,Trusted,2023-01-12,2033-01-11,AFED062E87DF98182AD9BEF7EB13C0E2F2B6698AB4E3F33932A10E286E024E9D,371A00DC0533B3721A7EEB40E8419E70799D2B0A0F2C1D80693165F7CEC4AD75
A000365,DigiCert Cloud Services CA-1,Intermediate Certificate,Trusted,2015-08-04,2030-08-04,2F6889961A7CA7067E8BA103C2CF9B9A924F8CA293F11178E23A1978D2F133D3,4348A0E9444C78CB265E058D5E8944B4D84F9662BD26DB257F8934A443C70161
A000326,DigiCert Document Signing CA,Intermediate Certificate,Trusted,2013-11-05,2028-11-05,B9C3073AAD74B368832F5497958E279B1D2777CAF8841713B28AB10A4BAA0810,3E9099B5015E8F486C00BCEA9D111EE721FABA355A89BCF1DF69561E3DC6325C
A002594,DigiCert ECC Extended Validation Server CA,Intermediate Certificate,Trusted,2016-06-21,2031-06-21,FDC8986CFAC4F35F1ACD517E0F61B879882AE076E2BA80B77BD3F0FE5CEF8862,7431E5F4C3C1CE4690774F0B61E05440883BA9A01ED00BA6ABD7806ED3B118CF
A007126,DigiCert EV RSA CA G2,Intermediate Certificate,Trusted,2020-07-02,2030-07-02,9588EF74199E45ACEFCCCFC0C47010E9F2A37A1DD44C61A4E1C6B334DA5AF614,CB3CCBB76031E5E0138F8DD39A23F9DE47FFC35E43C1144CEA27D46A5AB1CB5F
A004108,DigiCert EV Server CA G4,Intermediate Certificate,Trusted,2017-01-17,2032-01-17,710024B37BD9F0E1537C18A4C20F9A31C4B485D1248C643F20B4C00F3716BA85,552F7BDCF1A7AF9E6CE672017F4F12ABF77240C78E761AC203D1D9D20AC89988
A006676,DigiCert Extended Validation CA-3 G3,Intermediate Certificate,Trusted,2019-11-12,2029-11-12,DA7E5778F62F87655B8FD24A89E651E57329DC9C0765A71158CE56443CA44E95,31AD6648F8104138C738F39EA4320133393E3A18CC02296EF97C2AC9EF6731D0
A012249,DigiCert G1 SMIME RSA4096 SHA384 2025 CA1,Intermediate Certificate,Trusted,2025-04-09,2031-11-09,B997C27A54F8F993FD2AA352DCE1CFFD5FF9DCF997C8728DC65A64BD56B61156,4348A0E9444C78CB265E058D5E8944B4D84F9662BD26DB257F8934A443C70161
A010630,DigiCert G2 TLS EU RSA4096 SHA384 2022 CA1,Intermediate Certificate,Trusted,2022-09-19,2032-09-18,A4ADFC2917BB1451D312371D441ACDB686107FBC0B3156D5570E99E1121974FA,CB3CCBB76031E5E0138F8DD39A23F9DE47FFC35E43C1144CEA27D46A5AB1CB5F
A012248,DigiCert G3 Document Signing EUR RSA4096 SHA256 2025 CA1,Intermediate Certificate,Trusted,2025-04-03,2034-04-01,2B85609208CDFEA782EE1D7619B85C8F229E95A07882926D181E2DF0D73A0B7A,8A866FD1B276B57E578E921C65828A2BED58E9F2F288054134B7F1F4BFC9CC74
A012126,DigiCert G3 Europe RSA4096 SHA256 2025 CA1,Intermediate Certificate,Trusted,2025-02-05,2034-02-03,E3D3F6683B68EE926E8003781B7F2E5BAF260E405052AD7897BA7CDE73709A01,8A866FD1B276B57E578E921C65828A2BED58E9F2F288054134B7F1F4BFC9CC74
A010631,DigiCert G3 TLS EU ECC P-384 SHA384 2022 CA1,Intermediate Certificate,Trusted,2022-09-19,2032-09-18,F0F573763C616F762AA6AB927CBDE789FA8EF4E69AF8A27EC63C62EEF329ECA1,31AD6648F8104138C738F39EA4320133393E3A18CC02296EF97C2AC9EF6731D0
A007848,DigiCert G5 SMIME ECC SHA384 2021 CA1,Intermediate Certificate,Trusted,2021-07-15,2031-07-14,873DD73022087B9179FA060EF3D34381845A37E88A6A2BF20ECBAFDE8C3DB993,E8E8176536A60CC2C4E10187C3BEFCA20EF263497018F566D5BEA0F94D0C111B
A007849,DigiCert G5 SMIME RSA4096 SHA384 2021 CA1,Intermediate Certificate,Trusted,2021-07-15,2031-07-14,58A5988F1BEB2558FB4C168B97AE748E448C974FD51CB521818BBA9FC6CB1B7B,90370D3EFA88BF58C30105BA25104A358460A7FA52DFC2011DF233A0F417912A
A010391,DigiCert G5 TLS CN ECC P-384 SHA384 2022 CA1,Intermediate Certificate,Trusted,2022-07-12,2032-07-11,915EC8DCC237FA932CB0245A996FF3A711550A464214FD7512F225AA608061C8,018E13F0772532CF809BD1B17281867283FC48C6E13BE9C69812854A490C1B05
A010392,DigiCert G5 TLS CN RSA4096 SHA384 2022 CA1,Intermediate Certificate,Trusted,2022-07-12,2032-07-11,AB7EF705B0B8DB2291C2BC8DC9F69AD8345A3CC543DB8CDC49A8B419282DEA22,371A00DC0533B3721A7EEB40E8419E70799D2B0A0F2C1D80693165F7CEC4AD75
A007722,DigiCert G5 TLS ECC SHA384 2021 CA1,Intermediate Certificate,Trusted,2021-02-11,2031-02-10,E5A1C1919E3BEAEE5935A8485DDCE0E3F01A2618DB0F0793B3DB3D9AC2D967C7,018E13F0772532CF809BD1B17281867283FC48C6E13BE9C69812854A490C1B05
A007723,DigiCert G5 TLS ECC SHA384 2021 CA1,Intermediate Certificate,Trusted,2021-04-14,2031-04-13,97A073957C5812725757672F222690655A1407D71011EDFC8B2FADC5128911DA,018E13F0772532CF809BD1B17281867283FC48C6E13BE9C69812854A490C1B05
A010632,DigiCert G5 TLS EU ECC P-384 SHA384 2022 CA1,Intermediate Certificate,Trusted,2022-09-19,2032-09-18,2C171064DBFA280A1F294F72E2A1FC24C86111B23723DB9375D3004B27E7B33B,018E13F0772532CF809BD1B17281867283FC48C6E13BE9C69812854A490C1B05
A010619,DigiCert G5 TLS EU RSA4096 SHA384 2022 CA1,Intermediate Certificate,Trusted,2022-09-15,2032-09-14,4D27EF6357BC929783575C0C8C9340B67FBEFC045FDC263B8C88362E6D3ADB6F,371A00DC0533B3721A7EEB40E8419E70799D2B0A0F2C1D80693165F7CEC4AD75
A007720,DigiCert G5 TLS RSA4096 SHA384 2021 CA1,Intermediate Certificate,Trusted,2021-02-11,2031-02-10,EF9296036A6D7C986C8D59DB936093E78E85C70AEDB4FE7A54DDCAA821031C72,371A00DC0533B3721A7EEB40E8419E70799D2B0A0F2C1D80693165F7CEC4AD75
A007721,DigiCert G5 TLS RSA4096 SHA384 2021 CA1,Intermediate Certificate,Trusted,2021-04-14,2031-04-13,C6270A150691FBE190D831F5139BDFEECF7B298B4FA0CA17306A69D7E91E7BA2,371A00DC0533B3721A7EEB40E8419E70799D2B0A0F2C1D80693165F7CEC4AD75
A006677,DigiCert Global CA-3 G2,Intermediate Certificate,Trusted,2019-11-12,2029-11-12,9B2DD4FBEE941F6510F716C04969B36428892765461701EF47D41B3289475D50,CB3CCBB76031E5E0138F8DD39A23F9DE47FFC35E43C1144CEA27D46A5AB1CB5F
A010191,DigiCert Global G2 TLS EE+ RSA4096 SHA256 2022 CA1,Intermediate Certificate,Trusted,2022-04-28,2032-04-27,B915B806A8B7BE2E3809F2E932996E7C10CC82691864A89606BD50080DC2EAB3,CB3CCBB76031E5E0138F8DD39A23F9DE47FFC35E43C1144CEA27D46A5AB1CB5F
A007359,DigiCert Global G2 TLS RSA SHA256 2020 CA1,Intermediate Certificate,Trusted,2020-09-24,2030-09-23,1F8EB9E9A8E066CC5B3833E06B3129764B622639D5B163F600E1C79120BF3EED,CB3CCBB76031E5E0138F8DD39A23F9DE47FFC35E43C1144CEA27D46A5AB1CB5F
A007639,DigiCert Global G2 TLS RSA SHA256 2020 CA1,Intermediate Certificate,Trusted,2021-03-30,2031-03-29,C8025F9FC65FDFC95B3CA8CC7867B9A587B5277973957917463FC813D0B625A9,CB3CCBB76031E5E0138F8DD39A23F9DE47FFC35E43C1144CEA27D46A5AB1CB5F
A007362,DigiCert Global G3 TLS ECC SHA384 2020 CA1,Intermediate Certificate,Trusted,2020-09-24,2030-09-23,338EDB04FB8BEAF07A10749E7F4E538DE0715DAFB6478D58063FB7C8BDB0C30D,31AD6648F8104138C738F39EA4320133393E3A18CC02296EF97C2AC9EF6731D0
A007713,DigiCert Global G3 TLS ECC SHA384 2020 CA1,Intermediate Certificate,Trusted,2021-04-14,2031-04-13,0587D6BD2819587AB90FB596480A5793BD9F7506A3EACE73F5EAB366017FE259,31AD6648F8104138C738F39EA4320133393E3A18CC02296EF97C2AC9EF6731D0
A007640,DigiCert Global G3 TLS ECC SHA384 2020 CA1,Intermediate Certificate,Trusted,2021-03-30,2031-03-29,699ED65BDD3D5E790776D165EA7A325B7AEAF419647921A92FF28BB0680D72BA,31AD6648F8104138C738F39EA4320133393E3A18CC02296EF97C2AC9EF6731D0
A010192,DigiCert Global G3 TLS EE+ ECC384 SHA384 2022 CA1,Intermediate Certificate,Trusted,2022-04-28,2032-04-27,15E77C59404015659EE26F92561F007AAF53986A27926F0E707585C2A7F301B8,31AD6648F8104138C738F39EA4320133393E3A18CC02296EF97C2AC9EF6731D0
A005565,DigiCert Global Root G2,Intermediate Certificate,Trusted,2018-04-03,2028-04-02,AADADD5A879D2EB8C41A89597291292709D42052F5B6399541C694C3B7353CD1,9ACFAB7E43C8D880D06B262A94DEEEE4B4659989C3D0CAF19BAF6405E41AB7DF
A007599,DigiCert Global Root G2,Intermediate Certificate,Trusted,2021-03-04,2031-03-03,0BA8C0D459B76ABC0825294F565E24F4F169D4A4819D0692D371522D297724B8,2399561127A57125DE8CEFEA610DDF2FA078B5C8067F4E828290BFB860E84B3C
A011921,DigiCert Global Root G2,Intermediate Certificate,Trusted,2024-10-29,2031-11-08,A0D609A7E3C434E878A9A1C1BD065B8DCF33AA7EFEE1B11BC75CCE5E5A042080,7431E5F4C3C1CE4690774F0B61E05440883BA9A01ED00BA6ABD7806ED3B118CF
A011199,DigiCert Global Root G2,Intermediate Certificate,Trusted,2023-08-15,2031-11-09,6523C34F1E879ADD7603CB2048A898A5E2F0C6C4B512C0D22782B85D43AE3371,4348A0E9444C78CB265E058D5E8944B4D84F9662BD26DB257F8934A443C70161
A011421,DigiCert Global Root G2,Intermediate Certificate,Trusted,2024-01-18,2031-11-09,79D57B15DFA65C2870EAFE11B637765909CFE937B49C15CE7F194030CAB395AD,4348A0E9444C78CB265E058D5E8944B4D84F9662BD26DB257F8934A443C70161
A011887,DigiCert Global Root G2,Intermediate Certificate,Trusted,2024-10-16,2031-11-08,CAF8AD697F7BDA712AB127A8AD8B83F74A91A0DE1784A1B483FEF9AC79B67513,7431E5F4C3C1CE4690774F0B61E05440883BA9A01ED00BA6ABD7806ED3B118CF
A000342,DigiCert Grid Trust CA,Intermediate Certificate,Trusted,2011-12-07,2026-12-07,1E0A3AB993157717281D42ABF801EB64DEED500E4168CA706D6A71D8103C73A2,3E9099B5015E8F486C00BCEA9D111EE721FABA355A89BCF1DF69561E3DC6325C
A000341,DigiCert Grid Trust CA G2,Intermediate Certificate,Trusted,2014-01-08,2029-01-08,28CBB4E0D9C4EE6D04AC8F14717605AE3A4BD8CBF8D081B27AF6EDB2F3D76A32,3E9099B5015E8F486C00BCEA9D111EE721FABA355A89BCF1DF69561E3DC6325C
A012927,DigiCert KMS Solutions GCC-H Email CA - G2,Intermediate Certificate,Trusted,2026-01-28,2036-01-27,390EAAA8C02D67E6FDE363618018086F2990A9382680D665B856F8A0A0ABE855,7D05EBB682339F8C9451EE094EEBFEFA7953A114EDB2F44949452FAB7D2FC185
A006379,DigiCert PKI Platform C2 Shared SMIME Individual Subscriber CA,Intermediate Certificate,Trusted,2019-06-04,2029-06-04,55F3A359F0A26D72FF244C2EE396FD51BC2400EA250C91EFC355E2F8103C9939,7D05EBB682339F8C9451EE094EEBFEFA7953A114EDB2F44949452FAB7D2FC185
A006383,DigiCert PKI Platform Class 3 Shared SMIME Organization CA,Intermediate Certificate,Trusted,2019-05-29,2029-05-29,7F755DC2B9EE99EB02D71CB1805059AAABB5EB3E8558DCA8C09A1D0DE258D767,7D05EBB682339F8C9451EE094EEBFEFA7953A114EDB2F44949452FAB7D2FC185
A006911,DigiCert QV EV TLS ICA G1,Intermediate Certificate,Trusted,2020-03-16,2030-03-14,6A7B2AA3414039A663D5D8BBAB8256A3979A84C332BF5E1EE8F6D0E0ADA84668,8FE4FB0AF93A4D0D67DB0BEBB23E37C71BF325DCBCDD240EA04DAF58B47E1840
A012142,DigiCert QV G3 Qualified BE itsme ECC P256 SHA256 2025 CA1,Intermediate Certificate,Trusted,2025-02-13,2034-02-11,3AE19880F151B9A69530722A19B81BC2E30DFA0798DBD678F4FF9D5719F62C2D,8A866FD1B276B57E578E921C65828A2BED58E9F2F288054134B7F1F4BFC9CC74
A012143,DigiCert QV G3 Qualified BE itsme RIV ECC P256 SHA256 2025 CA1,Intermediate Certificate,Trusted,2025-02-13,2034-02-11,48D4A474E5A34BCB4049941BE167BC92AE4AAB785D39947E282DE19B87B098DF,8A866FD1B276B57E578E921C65828A2BED58E9F2F288054134B7F1F4BFC9CC74
A012127,DigiCert QV G3 Qualified CH Reg RSA4096 RSASSA-PSS 2025 CA1,Intermediate Certificate,Trusted,2025-02-05,2034-02-03,F2C414AC333E17377AF00E2C1087BA054A8CE0DB6DA7BD4085A6316E4B0D4330,8A866FD1B276B57E578E921C65828A2BED58E9F2F288054134B7F1F4BFC9CC74
A012128,DigiCert QV G3 Qualified CH Reg RSA4096 SHA256 2025 CA1,Intermediate Certificate,Trusted,2025-02-05,2034-02-03,16089F73AA9E2666284F9F2AA6D8E5414270891F8C8A32971F06587A8455C3B4,8A866FD1B276B57E578E921C65828A2BED58E9F2F288054134B7F1F4BFC9CC74
A012129,DigiCert QV G3 Qualified Europe RSA4096 RSASSA-PSS 2025 CA1,Intermediate Certificate,Trusted,2025-02-05,2034-02-03,FE4461ECA3136936936AFB609C5CB23AB93115704FA1879713003CEAE7D6DD45,8A866FD1B276B57E578E921C65828A2BED58E9F2F288054134B7F1F4BFC9CC74
A012130,DigiCert QV G3 Qualified Europe RSA4096 SHA256 2025 CA1,Intermediate Certificate,Trusted,2025-02-05,2034-02-03,0A87B3628291D5E9F2E2F2B125ACE1D11525A7BEE19422E7EBA9DCFC9C872583,8A866FD1B276B57E578E921C65828A2BED58E9F2F288054134B7F1F4BFC9CC74
A012132,DigiCert QV G3 Qualified TLS RSA4096 RSASSA-PSS 2025 CA1,Intermediate Certificate,Trusted,2025-02-05,2035-02-03,233525D6E906A9B99176204E3C2B4FBF5CEE03F2D126B2E64428BDF97CBC6138,8FE4FB0AF93A4D0D67DB0BEBB23E37C71BF325DCBCDD240EA04DAF58B47E1840
A012125,DigiCert QV G3 Qualified TLS RSA4096 SHA256 2025 CA1,Intermediate Certificate,Trusted,2025-02-05,2035-02-03,AC57DC665F4CDD72830E8441406AB2228368EBF4DCC45067BE8BBEDBAB7402BE,8FE4FB0AF93A4D0D67DB0BEBB23E37C71BF325DCBCDD240EA04DAF58B47E1840
A006910,DigiCert QV TLS ICA G1,Intermediate Certificate,Trusted,2020-03-16,2030-03-14,93E33AF7DA3030530D090C9C55762CADE7EAE943F834349D1057A90EB67F306B,8FE4FB0AF93A4D0D67DB0BEBB23E37C71BF325DCBCDD240EA04DAF58B47E1840
A011285,DigiCert QuoVadis 1G3 ClientAuth RSA4096 SHA256 2023 CA1,Intermediate Certificate,Trusted,2023-10-26,2033-10-23,FF961F3F4738037D4261612ADA93FDFF5ED00D4681C90B099C7F5E9F4B4AFFA3,8A866FD1B276B57E578E921C65828A2BED58E9F2F288054134B7F1F4BFC9CC74
A011337,DigiCert QuoVadis 2G3 TLS RSA4096 SHA384 2023 CA1,Intermediate Certificate,Trusted,2023-12-12,2033-12-11,9163F1910D4944BE32D0D224A79F9FA6B4036E9098795AC81D3DD14CE4FF24D2,8FE4FB0AF93A4D0D67DB0BEBB23E37C71BF325DCBCDD240EA04DAF58B47E1840
A010867,DigiCert QuoVadis G3 Qualified BE RSA4096 SHA256 2023 CA1,Intermediate Certificate,Trusted,2023-03-14,2032-03-11,2CB07880B4E584F366E083791511BB48812FF5164C5BA3BBB3C1688AA456B13C,8A866FD1B276B57E578E921C65828A2BED58E9F2F288054134B7F1F4BFC9CC74
A010869,DigiCert QuoVadis G3 Qualified BE itsme RIV RSA4096 256 2023 CA1,Intermediate Certificate,Trusted,2023-03-14,2032-03-11,A610AD2025ED0AA84259EBB9289E828267D35082430CBFB5562F3066DEBC2E88,8A866FD1B276B57E578E921C65828A2BED58E9F2F288054134B7F1F4BFC9CC74
A010868,DigiCert QuoVadis G3 Qualified BE itsme RSA4096 SHA256 2023 CA1,Intermediate Certificate,Trusted,2023-03-14,2032-03-11,C0EE0CCED463096DF07D27257AF79C986FF92B678F669C109FFF570F32AB433F,8A866FD1B276B57E578E921C65828A2BED58E9F2F288054134B7F1F4BFC9CC74
A010866,DigiCert QuoVadis G3 Qualified CH Reg RSA4096 SHA256 2023 CA1,Intermediate Certificate,Trusted,2023-03-14,2031-03-12,A9462BF3D725EDF669FF392113E5270E3DE79DB820D792581F07AB4B0ED75064,8A866FD1B276B57E578E921C65828A2BED58E9F2F288054134B7F1F4BFC9CC74
A010864,DigiCert QuoVadis G3 Qualified Europe RSA4096 SHA256 2023 CA1,Intermediate Certificate,Trusted,2023-03-14,2032-03-11,B36425F1491B2EE08EC87B69C23EA6A76EBF769C4C34FE3798A4CB9A1990E070,8A866FD1B276B57E578E921C65828A2BED58E9F2F288054134B7F1F4BFC9CC74
A010863,DigiCert QuoVadis G3 Qualified TLS RSA4096 SHA256 2023 CA1,Intermediate Certificate,Trusted,2023-03-14,2033-03-11,FE3CBED838D30BAB900184C1F21A4B27D3211CB5C9257D7E985C2AE43AC6A89F,8FE4FB0AF93A4D0D67DB0BEBB23E37C71BF325DCBCDD240EA04DAF58B47E1840
A011116,DigiCert QuoVadis G3 SMIME RSA4096 SHA384 2023 CA1,Intermediate Certificate,Trusted,2023-07-27,2033-07-24,3C980210C4F0803388C4D9FA9699E19F88FA3B96B3CF68D675808876747A678A,8A866FD1B276B57E578E921C65828A2BED58E9F2F288054134B7F1F4BFC9CC74
A010893,DigiCert QuoVadis PKIoverheid Burger CA - 2023,Intermediate Certificate,Trusted,2023-03-20,2028-11-12,66388EE649CBE920FD949FA9B77E2AA45B5DEC4120B8FFAB371B0C9C5E38C1C1,2E7A0A3B0C527EB20C52253C8D2278CA108136A8CA3A4EA22DA7B59BAC90650A
A010894,DigiCert QuoVadis PKIoverheid Organisatie Persoon CA - 2023,Intermediate Certificate,Trusted,2023-03-20,2028-11-12,C8C77ECF368D73214D50D88384464339E6F8E59F34B47E39E7965F4E5787CF1D,8222BC4FE7A3DDCA9EF0BF0D682AC888799F87822D15332A54C0BFDFC6854F7B
A010902,DigiCert QuoVadis PKIoverheid Organisatie Services CA - 2023,Intermediate Certificate,Trusted,2023-03-20,2028-11-12,6E25C0044C7EBB30D01A4CC3D5733D734D06CD296A6823E63527F4182D528351,D9581DBDE99B39EEFF6CE5C80DE1650DA0C1C8A109705ED286C53BC95E6655E4
A007510,DigiCert QuoVadis TLS ICA QV Root CA 1 G3,Intermediate Certificate,Trusted,2021-01-06,2031-01-04,C42A4D8C0904BB211906F43B441BBBC9B5A003BA3611879FD34AE576F7C2F764,8A866FD1B276B57E578E921C65828A2BED58E9F2F288054134B7F1F4BFC9CC74
A007512,DigiCert QuoVadis TLS ICA QV Root CA 3 G3,Intermediate Certificate,Trusted,2021-01-06,2031-01-04,728E4BD2B399840E9D437AF975B0198910B4129B7AB708CB5C0B445D3B04D999,88EF81DE202EB018452E43F864725CEA5FBD1FC2D9D205730709C5D8B8690F46
A003620,DigiCert SHA-2 RADIUS CA,Intermediate Certificate,Trusted,2016-09-20,2026-09-20,524CF7331C4EE353EEB1ECD74E1F801A0F1F08DFA0322092F42205AFC3A17675,4348A0E9444C78CB265E058D5E8944B4D84F9662BD26DB257F8934A443C70161
A000328,DigiCert SHA2 Assured ID CA,Intermediate Certificate,Trusted,2013-11-05,2028-11-05,A542BCA09C5E4579C619774AE59082BCE0F86D261C5A7A5A0F6217C10279EA7C,3E9099B5015E8F486C00BCEA9D111EE721FABA355A89BCF1DF69561E3DC6325C
A000329,DigiCert Secure Auth CA,Intermediate Certificate,Trusted,2014-04-23,2029-04-23,24E9F20AC167BB8F09DE8A1E9968CC53F0B5F3A4948F51B8647B40B186C75EBE,3E9099B5015E8F486C00BCEA9D111EE721FABA355A89BCF1DF69561E3DC6325C
A010769,DigiCert Secure Site EV G2 TLS CN RSA4096 SHA256 2022 CA1,Intermediate Certificate,Trusted,2022-12-15,2032-12-14,8FC89B7368A29129735677440476908711DA8F3F04C0AB6A61D6DE9D4EB4D1C2,CB3CCBB76031E5E0138F8DD39A23F9DE47FFC35E43C1144CEA27D46A5AB1CB5F
A010781,DigiCert Secure Site EV G3 TLS CN ECC P-384 SHA384 2022 CA1,Intermediate Certificate,Trusted,2022-12-20,2032-12-19,943BC406B0B45ACF88413045227265703F1AC8B21D6FBC2B8CBDE59D7CE51B81,31AD6648F8104138C738F39EA4320133393E3A18CC02296EF97C2AC9EF6731D0
A010810,DigiCert Secure Site EV G5 TLS CN ECC P-384 SHA384 2022 CA1,Intermediate Certificate,Trusted,2023-01-19,2033-01-18,49C1F25A88B5B15A80C1A2DA11589111C5AD8E222104FDC49022FD6AEF1CF54D,018E13F0772532CF809BD1B17281867283FC48C6E13BE9C69812854A490C1B05
A010790,DigiCert Secure Site EV G5 TLS CN RSA4096 SHA384 2022 CA1,Intermediate Certificate,Trusted,2023-01-12,2033-01-11,65248FA866C854908D0DB045F88CDABC9452553B982AECE6B0D845866B426B7F,371A00DC0533B3721A7EEB40E8419E70799D2B0A0F2C1D80693165F7CEC4AD75
A005952,DigiCert Secure Site Japan CA,Intermediate Certificate,Trusted,2018-11-20,2028-11-20,AD14A68BEC949E84F6063419D63465D137C2ADD3E3A85E00E9E3EE82E5B4018F,CB3CCBB76031E5E0138F8DD39A23F9DE47FFC35E43C1144CEA27D46A5AB1CB5F
A005953,DigiCert Secure Site Korea CA,Intermediate Certificate,Trusted,2018-11-20,2028-11-20,6555D661D37F2494A23C2D5F83479E78051B6DE76A147B506D6BEA2882B4D066,CB3CCBB76031E5E0138F8DD39A23F9DE47FFC35E43C1144CEA27D46A5AB1CB5F
A010770,DigiCert Secure Site OV G2 TLS CN RSA4096 SHA256 2022 CA1,Intermediate Certificate,Trusted,2022-12-15,2032-12-14,7CD6CDD25EEE2512AAF1419AFD44C146C43AA1093D5A60D4ED39EFBDDA815AD4,CB3CCBB76031E5E0138F8DD39A23F9DE47FFC35E43C1144CEA27D46A5AB1CB5F
A010780,DigiCert Secure Site OV G3 TLS CN ECC P-384 SHA384 2022 CA1,Intermediate Certificate,Trusted,2022-12-20,2032-12-19,38D530FB170053617E47AA6CEFF21C2DB43C9D96741AF1584566072091474BB3,31AD6648F8104138C738F39EA4320133393E3A18CC02296EF97C2AC9EF6731D0
A010811,DigiCert Secure Site OV G5 TLS CN ECC P-384 SHA384 2022 CA1,Intermediate Certificate,Trusted,2023-01-19,2033-01-18,9E561A4B486076C219F3C95387BF11670D72F6C4F0DCD9BBB47F59F5C142EF88,018E13F0772532CF809BD1B17281867283FC48C6E13BE9C69812854A490C1B05
A010791,DigiCert Secure Site OV G5 TLS CN RSA4096 SHA384 2022 CA1,Intermediate Certificate,Trusted,2023-01-12,2033-01-11,5534127F056498B4CF1C967365B1DC2D44F33109ABCFA6454F25BEE4F2B65481,371A00DC0533B3721A7EEB40E8419E70799D2B0A0F2C1D80693165F7CEC4AD75
A010771,DigiCert Secure Site Pro EV G2 TLS CN RSA4096 SHA256 2022 CA1,Intermediate Certificate,Trusted,2022-12-15,2032-12-14,B480E11A6BD0C2BC538B1C7DB1C63B40694E5DEDD93752D082D9FD422FCB3FBD,CB3CCBB76031E5E0138F8DD39A23F9DE47FFC35E43C1144CEA27D46A5AB1CB5F
A010779,DigiCert Secure Site Pro EV G3 TLS CN ECC P-384 SHA384 2022 CA1,Intermediate Certificate,Trusted,2022-12-20,2032-12-19,95F6B9230F27FB5FC0CB29443DBE7300168B5992C7558F3F63D4352F32B8C9CB,31AD6648F8104138C738F39EA4320133393E3A18CC02296EF97C2AC9EF6731D0
A010812,DigiCert Secure Site Pro EV G5 TLS CN ECC P-384 SHA384 2022 CA1,Intermediate Certificate,Trusted,2023-01-19,2033-01-18,290E698939A24F7B63AB14D0490DE92BEBEF6C1C2D3BE717F3775B71C1AB626D,018E13F0772532CF809BD1B17281867283FC48C6E13BE9C69812854A490C1B05
A010792,DigiCert Secure Site Pro EV G5 TLS CN RSA4096 SHA384 2022 CA1,Intermediate Certificate,Trusted,2023-01-12,2033-01-11,7A3839D4B8790B197440C94DA687DCEB1A5AC07D936F81ACF40B163364B0A951,371A00DC0533B3721A7EEB40E8419E70799D2B0A0F2C1D80693165F7CEC4AD75
A010772,DigiCert Secure Site Pro G2 TLS CN RSA4096 SHA256 2022 CA1,Intermediate Certificate,Trusted,2022-12-15,2032-12-14,826EBD90E946C25D3DF05ABFB911AC0A426C7A9A063B7224464710BEC5A58CE1,CB3CCBB76031E5E0138F8DD39A23F9DE47FFC35E43C1144CEA27D46A5AB1CB5F
A010778,DigiCert Secure Site Pro G3 TLS CN ECC P-384 SHA384 2022 CA1,Intermediate Certificate,Trusted,2022-12-20,2032-12-19,34CDC67D88D25217ADC8A25348E114CBEC63148391CFA475D382874695202D2C,31AD6648F8104138C738F39EA4320133393E3A18CC02296EF97C2AC9EF6731D0
A010813,DigiCert Secure Site Pro G5 TLS CN ECC P-384 SHA384 2022 CA1,Intermediate Certificate,Trusted,2023-01-19,2033-01-18,D43B3FBC2E6715B33D3D7037200FA9D4181F97492C44DBEBA8FBAE9680D64CD0,018E13F0772532CF809BD1B17281867283FC48C6E13BE9C69812854A490C1B05
A010793,DigiCert Secure Site Pro G5 TLS CN RSA4096 SHA384 2022 CA1,Intermediate Certificate,Trusted,2023-01-12,2033-01-11,AAA627EEDAC466DBC4C7750C87D999588AB4B03E74B9BFDCDA2902DD36DAE0F8,371A00DC0533B3721A7EEB40E8419E70799D2B0A0F2C1D80693165F7CEC4AD75
A013216,DigiCert TLS ECC P384 Root G5,Intermediate Certificate,Trusted,2026-06-10,2036-06-09,0AB3D50EF9CB924D65F77BA13E597C7C5B00E73AC165AA17D26B7F613BBACD91,31AD6648F8104138C738F39EA4320133393E3A18CC02296EF97C2AC9EF6731D0
A013078,DigiCert TLS ECC P384 Root G5,Intermediate Certificate,Trusted,2026-03-31,2036-03-30,3142F99D358D9B500E5CDD2DFF8F719A8CCECF589652334848522CCA807D0807,31AD6648F8104138C738F39EA4320133393E3A18CC02296EF97C2AC9EF6731D0
A013214,DigiCert TLS RSA4096 Root G5,Intermediate Certificate,Trusted,2026-06-10,2036-06-09,A464F08ADF91CF49100C6FDAE5D86601AE2917B56F09DC6C2EC79AC2F40B3651,A0D609A7E3C434E878A9A1C1BD065B8DCF33AA7EFEE1B11BC75CCE5E5A042080
A010639,DigiCert TLS RSA4096 Root G5,Intermediate Certificate,Trusted,2022-09-21,2031-11-09,A4BCDA32D49CDF05F0CDD085E73C3A2E67880BD48579FED4DF5940DF76A076D7,4348A0E9444C78CB265E058D5E8944B4D84F9662BD26DB257F8934A443C70161
A010941,DigiCert TLS RSA4096 Root G5,Intermediate Certificate,Trusted,2023-05-10,2031-11-09,B9D53F235C5FA8C92EB31DCFCADF4959B34A32AF36ACA1EA10F07D6551C398A5,7431E5F4C3C1CE4690774F0B61E05440883BA9A01ED00BA6ABD7806ED3B118CF
A013076,DigiCert TLS RSA4096 Root G5,Intermediate Certificate,Trusted,2026-03-31,2036-03-30,60C2666DA5E2332170E1D3BFCD95BF8C9A6D4E63473F3A8BBB8CF42B3F9F038A,A0D609A7E3C434E878A9A1C1BD065B8DCF33AA7EFEE1B11BC75CCE5E5A042080
A013077,DigiCert TLS RSA4096 Root G5,Intermediate Certificate,Trusted,2026-03-31,2036-03-30,720BD4DA21AF8A76B9EF53FD01EAD227601F9513B3338DE06C997CA688492D34,A0D609A7E3C434E878A9A1C1BD065B8DCF33AA7EFEE1B11BC75CCE5E5A042080
A013215,DigiCert TLS RSA4096 Root G5,Intermediate Certificate,Trusted,2026-06-10,2036-06-09,DE99AC42F955D36DED9076462FDEF43A4A8E8FB466AA6C22CC592C863AEF65DE,79D57B15DFA65C2870EAFE11B637765909CFE937B49C15CE7F194030CAB395AD
A011253,DigiCert TLS RSA4096 Root G5,Intermediate Certificate,Trusted,2023-10-03,2031-11-09,1BA02FF4A2562BBE6B799563990C88CC50E1182395719A4EAA803976E2F50860,4348A0E9444C78CB265E058D5E8944B4D84F9662BD26DB257F8934A443C70161
A007643,DigiCert Trusted G4 TLS RSA SHA384 2020 CA1,Intermediate Certificate,Trusted,2021-03-30,2031-03-29,1E29690F957F64BA9C3658A31055751AACD4B440A9589DFA1D780FE07069DB52,552F7BDCF1A7AF9E6CE672017F4F12ABF77240C78E761AC203D1D9D20AC89988
A007361,DigiCert Trusted G4 TLS RSA SHA384 2020 CA1,Intermediate Certificate,Trusted,2020-09-24,2030-09-23,4F35C6B9C100905FF25BB01C0A20EBE335BCEEF249CE9FFA1E11E062ED66FCD1,552F7BDCF1A7AF9E6CE672017F4F12ABF77240C78E761AC203D1D9D20AC89988
A012274,DigiCert Trusted G4 TLS RSA4096 SHA256 2025 CA1,Intermediate Certificate,Trusted,2025-04-29,2035-04-28,01573D7ABE1FE69D73DF11E2469A0849FE75EF4F33D95DD0512AB1DC2C70C0F6,552F7BDCF1A7AF9E6CE672017F4F12ABF77240C78E761AC203D1D9D20AC89988
A012788,DigiCert Trusted G4 TLS RSA4096 SHA384 2025 CA1,Intermediate Certificate,Trusted,2025-10-15,2035-10-14,D1796BB8579505BE91AD24D97D98A39DE486D5BB5040583F40FDB4A61A14F092,552F7BDCF1A7AF9E6CE672017F4F12ABF77240C78E761AC203D1D9D20AC89988
A010438,DigiCert Trusted Root G4,Intermediate Certificate,Trusted,2022-08-01,2031-11-09,33846B545A49C9BE4903C60E01713C1BD4E4EF31EA65CD95D69E62794F30B941,3E9099B5015E8F486C00BCEA9D111EE721FABA355A89BCF1DF69561E3DC6325C
A000399,DigiCert Trusted Server CA G4,Intermediate Certificate,Trusted,2013-08-01,2028-08-01,6E8D952FDBABAD8DE3D61E094393739B5A47371A52BDCB2A3C2F8C43622F640F,552F7BDCF1A7AF9E6CE672017F4F12ABF77240C78E761AC203D1D9D20AC89988
A007605,Digidentity BV PKIoverheid Burger CA - 2021,Intermediate Certificate,Trusted,2021-02-25,2028-11-12,9C64E24D2CAAA8DD45EF99BA62277CEEE6005C663624514B8C770E2D075BB611,2E7A0A3B0C527EB20C52253C8D2278CA108136A8CA3A4EA22DA7B59BAC90650A
A006261,Digidentity BV PKIoverheid Organisatie Persoon CA - G3,Intermediate Certificate,Trusted,2019-04-17,2028-11-12,533FE97EB45FCED24049E41EFE9DB254A5DD9D90DFD53C9512C6207EDB21D82C,8222BC4FE7A3DDCA9EF0BF0D682AC888799F87822D15332A54C0BFDFC6854F7B
A007606,Digidentity BV PKIoverheid Organisatie Services CA - 2021,Intermediate Certificate,Trusted,2021-02-25,2028-11-12,827A6B205D2E73FF379286DD0B2DED5AEC7239EFE6BC8CACB03ABCCD84B95750,D9581DBDE99B39EEFF6CE5C80DE1650DA0C1C8A109705ED286C53BC95E6655E4
A007837,DigitalSign CA - G5,Intermediate Certificate,Trusted,2021-07-07,2031-07-06,7AA50B4EACCB422A19EF8597A71D56CB8E6910CFA4DD9BDDFAB1EFE7BCB7801F,7D05EBB682339F8C9451EE094EEBFEFA7953A114EDB2F44949452FAB7D2FC185
A006754,DigitalTrust Assured CA G3  [Run by the Issuer],Intermediate Certificate,Trusted,2020-01-08,2030-01-07,6F01CE4B96A54F3BF6F3B3F01BC1452902E8066F7EF47A0471D99489CC2F844C,4FF460D54B9C86DABFBCFC5712E0400D2BED3FBC4D4FBDAA86E06ADCD2A9AD7A
A006750,DigitalTrust Assured CA G4  [Run by the Issuer],Intermediate Certificate,Trusted,2020-01-08,2030-01-07,75841695C600040660A3D3725E531D3DCFAFCCD26F588375EAB2D8D129904785,E793C9B02FD8AA13E21C31228ACCB08119643B749C898964B1746D46C3D4CBD2
A006751,DigitalTrust CA G3  [Run by the Issuer],Intermediate Certificate,Trusted,2020-01-08,2030-01-07,BE0D6C9477B982092549ADD3D5C0BD19E8F13C4F4E85E9471297E1C5E19AC768,4FF460D54B9C86DABFBCFC5712E0400D2BED3FBC4D4FBDAA86E06ADCD2A9AD7A
A006747,DigitalTrust CA G4  [Run by the Issuer],Intermediate Certificate,Trusted,2020-01-08,2030-01-07,A9741C3FA44CF9777A49B6F50EED5D0EB87E9481F3A45096C3956A5EE1BB8844,E793C9B02FD8AA13E21C31228ACCB08119643B749C898964B1746D46C3D4CBD2
A006753,DigitalTrust High Assurance CA G3  [Run by the Issuer],Intermediate Certificate,Trusted,2020-01-08,2030-01-07,1652C66DB642D0A524BF89FFDF3EED5A8E94B14A6EB07E7A45EA80C54F9E8593,4FF460D54B9C86DABFBCFC5712E0400D2BED3FBC4D4FBDAA86E06ADCD2A9AD7A
A006749,DigitalTrust High Assurance CA G4  [Run by the Issuer],Intermediate Certificate,Trusted,2020-01-08,2030-01-07,969E3200520EB2C69A9667587E6DD4D0B23F28F510CC1317670A8ED3613EBEAD,E793C9B02FD8AA13E21C31228ACCB08119643B749C898964B1746D46C3D4CBD2
A006752,DigitalTrust Secure CA G3  [Run by the Issuer],Intermediate Certificate,Trusted,2020-01-08,2030-01-07,BDBF57BD10163A771B28D09D4C90188D596072C699BD8274FE4628D1250E49BD,4FF460D54B9C86DABFBCFC5712E0400D2BED3FBC4D4FBDAA86E06ADCD2A9AD7A
A006748,DigitalTrust Secure CA G4  [Run by the Issuer],Intermediate Certificate,Trusted,2020-01-08,2030-01-07,9A069E478CD341449FF28B7C7752C54AECFABAC58E4B5028561649AB482080DB,E793C9B02FD8AA13E21C31228ACCB08119643B749C898964B1746D46C3D4CBD2
A010962,Domain The Net Technologies Ltd CA for EV TLS R3,Intermediate Certificate,Trusted,2023-05-26,2033-05-23,0032295B0B9CB38A775AF5EC01ADBD2D3989200D8B7F5C7333CD1C061F882E32,9B25A6A7BD51BC5F5C4F06E0D1218FD370DD31FAFD5CD3B627C82F202F1B4657
A010961,Domain The Net Technologies Ltd CA for TLS R3,Intermediate Certificate,Trusted,2023-05-26,2033-05-23,75585A11D7551D4EC507B8AA9EC06C06C47E40B7A5CEDD183B3C342EC7EB7A34,EDAC9C45909F4DEC7BB65F0A4FBF6A8A0375E52AEDD66E06888FED7E3EDEC537
A013191,Domain The Net Technologies Ltd TLS Issuing RSA CA 4,Intermediate Certificate,Trusted,2026-05-22,2036-05-19,671BF50EE4F10825D6E24403DD20F7049F777D3FC21F67354AD193405B9B19DD,FFE930442DFEB69CE29A908B6A639B370BD6BA6075F931AB83561D938B453A21
A005512,Don Dominio / MrDomain RSA Client CA,Intermediate Certificate,Trusted,2018-02-16,2028-02-16,CE8E10501CD188D227EF74AD0A342D977643BD2DE3F217161B5ED2FFB05811A7,E793C9B02FD8AA13E21C31228ACCB08119643B749C898964B1746D46C3D4CBD2
A005509,Don Dominio / MrDomain RSA DV CA,Intermediate Certificate,Trusted,2018-02-16,2028-02-16,280BBC34A98CC79606A89690E52AB72FDC5FFF275DC366C4827B1656313E9790,E793C9B02FD8AA13E21C31228ACCB08119643B749C898964B1746D46C3D4CBD2
A005511,Don Dominio / MrDomain RSA EV CA,Intermediate Certificate,Trusted,2018-02-16,2028-02-16,7E9DDE11F7566B0FAC6228A00905A84E6360E9501A701B3E7FC832EA3B9FDA78,E793C9B02FD8AA13E21C31228ACCB08119643B749C898964B1746D46C3D4CBD2
A005510,Don Dominio / MrDomain RSA OV CA,Intermediate Certificate,Trusted,2018-02-16,2028-02-16,65E780DFFCB53870EA4ED9E184BCF9BFCA464848B4D27E5EEDF63918E69B3B87,E793C9B02FD8AA13E21C31228ACCB08119643B749C898964B1746D46C3D4CBD2
A012399,Don Dominio RSA DV SSL CA 2,Intermediate Certificate,Trusted,2025-05-14,2035-05-13,3D6782C7E17CC36B448867567C0B2F5FBD0F68A71079574DA6BAEA467BBDABBE,7BB647A62AEEAC88BF257AA522D01FFEA395E0AB45C73F93F65654EC38F25A06
A012398,Don Dominio RSA EV SSL CA 2,Intermediate Certificate,Trusted,2025-05-14,2035-05-13,E9516F5BEE9E6F049117A4B1DC875E579B33CDC8E8303DF7A500564D6A23C80C,7BB647A62AEEAC88BF257AA522D01FFEA395E0AB45C73F93F65654EC38F25A06
A012397,Don Dominio RSA OV SSL CA 2,Intermediate Certificate,Trusted,2025-05-14,2035-05-13,D755D7E6F10C531BF8604DC9733B6169BAA2132D6B9D35ECE5BD00729E503056,7BB647A62AEEAC88BF257AA522D01FFEA395E0AB45C73F93F65654EC38F25A06
A012938,E-SAFER CYBERSECURITY ECC DV SSL CA 2,Intermediate Certificate,Trusted,2026-02-04,2036-02-03,E0450E95C22D9ACC1F210DF45D3966312201A430E7B4A99E087936562CA1F50C,C90F26F0FB1B4018B22227519B5CA2B53E2CA5B3BE5CF18EFE1BEF47380C5383
A012940,E-SAFER CYBERSECURITY ECC EV SSL CA 2,Intermediate Certificate,Trusted,2026-02-04,2036-02-03,D77E532FCA2E536B3D2006B0AC2EFECB2F129D663D9475F87A258D8DE5E3955D,C90F26F0FB1B4018B22227519B5CA2B53E2CA5B3BE5CF18EFE1BEF47380C5383
A012939,E-SAFER CYBERSECURITY ECC OV SSL CA 2,Intermediate Certificate,Trusted,2026-02-04,2036-02-03,240CEF5D15F5795C06C1D45BE83425BD1384D13ECC236FD6144044D7A219316F,C90F26F0FB1B4018B22227519B5CA2B53E2CA5B3BE5CF18EFE1BEF47380C5383
A012935,E-SAFER CYBERSECURITY RSA DV SSL CA 2,Intermediate Certificate,Trusted,2026-02-04,2036-02-03,56943C19E8EB1968FCFDE214E1033FDB816F76A4859F53D660832500B9D47D2C,7BB647A62AEEAC88BF257AA522D01FFEA395E0AB45C73F93F65654EC38F25A06
A012937,E-SAFER CYBERSECURITY RSA EV SSL CA 2,Intermediate Certificate,Trusted,2026-02-04,2036-02-03,A49D5FD2031289D32DA08AC1236E30297E38AEE185D5FD80EF4DD3C4A249213D,7BB647A62AEEAC88BF257AA522D01FFEA395E0AB45C73F93F65654EC38F25A06
A012936,E-SAFER CYBERSECURITY RSA OV SSL CA 2,Intermediate Certificate,Trusted,2026-02-04,2036-02-03,87B2595FA5723A33519596A19081CBE583686AAEDA8FA0F3E20B655B32172E66,7BB647A62AEEAC88BF257AA522D01FFEA395E0AB45C73F93F65654EC38F25A06
A007954,E-SAFER DOMAIN SSL CA  [Run by the Issuer],Intermediate Certificate,Trusted,2021-10-22,2031-10-21,19098EFF9C0CB46E1F06ADFADD1F3DA5712370F7173334598137D4A555FFF047,E793C9B02FD8AA13E21C31228ACCB08119643B749C898964B1746D46C3D4CBD2
A007958,E-SAFER DOMAIN SSL ECC CA  [Run by the Issuer],Intermediate Certificate,Trusted,2021-10-22,2031-10-21,BD966AD6E8FCC2E16B57093A9FA2B793A4A5C517C3C4F8B03C33D4D8F938FA3F,4FF460D54B9C86DABFBCFC5712E0400D2BED3FBC4D4FBDAA86E06ADCD2A9AD7A
A007956,E-SAFER EXTENDED SSL CA  [Run by the Issuer],Intermediate Certificate,Trusted,2021-10-22,2031-10-21,E20DFF26F3C3963F3700BF2E108F1F9E9DEE259C24F8AFD0DBBB6FCD9A1BC59A,E793C9B02FD8AA13E21C31228ACCB08119643B749C898964B1746D46C3D4CBD2
A007960,E-SAFER EXTENDED SSL ECC CA  [Run by the Issuer],Intermediate Certificate,Trusted,2021-10-22,2031-10-21,28BDDB0239D2D5607E8DE8F223B5F7069CB8D1A278895D4C4C571E7D0B697663,4FF460D54B9C86DABFBCFC5712E0400D2BED3FBC4D4FBDAA86E06ADCD2A9AD7A
A007957,E-SAFER ORGANIZATION SMIME OV CA,Intermediate Certificate,Trusted,2021-10-22,2031-10-21,F24CB28D6FFFBE4C86C8DEF07E07DAB1E586F7FE80E935C4EB182A1524982B68,E793C9B02FD8AA13E21C31228ACCB08119643B749C898964B1746D46C3D4CBD2
A007961,E-SAFER ORGANIZATION SMIME OV ECC CA,Intermediate Certificate,Trusted,2021-10-22,2031-10-21,EF50FAF5410B03444B7C4D988A092A1616DBCF9B145AC0094253D54132C480A6,4FF460D54B9C86DABFBCFC5712E0400D2BED3FBC4D4FBDAA86E06ADCD2A9AD7A
A007955,E-SAFER ORGANIZATION SSL CA  [Run by the Issuer],Intermediate Certificate,Trusted,2021-10-22,2031-10-21,C631CA8B9A1259455A661E2C5388CD069A704BCE54FA5EFA706BF0B0962D8FF3,E793C9B02FD8AA13E21C31228ACCB08119643B749C898964B1746D46C3D4CBD2
A007959,E-SAFER ORGANIZATION SSL ECC CA  [Run by the Issuer],Intermediate Certificate,Trusted,2021-10-22,2031-10-21,3C72E1F5A0A01BCD33B1801EB4044995AE4C9B1BA8B7DB513675DCBF7F82289A,4FF460D54B9C86DABFBCFC5712E0400D2BED3FBC4D4FBDAA86E06ADCD2A9AD7A
A010072,E-Tugra EV TLS ECC CA R1,Intermediate Certificate,Trusted,2022-02-28,2032-02-26,7BA8F0BB49F501E9BB72E3A13708C6A933140FDC65592A37ACDE66AD07DE607E,22A2C1F7BDED704CC1E701B5F408C310880FE956B5DE2A4A44F99C873A25A7C8
A010079,E-Tugra EV TLS ECC SubCA R1,Intermediate Certificate,Trusted,2022-03-04,2032-02-26,A36C1CC623ECF3ED899A9AC14FDD5620919858E621E6877E01EF50DA1DB6A3AB,7BA8F0BB49F501E9BB72E3A13708C6A933140FDC65592A37ACDE66AD07DE607E
A010071,E-Tugra EV TLS RSA CA R1,Intermediate Certificate,Trusted,2022-02-28,2032-02-26,24E7A0475697793ABF3E0DDB04D542FFE7C93CC71D19F6067144ACA89A4CA678,2E7BF16CC22485A7BBE2AA8696750761B0AE39BE3B2FE9D0CC6D4EF73491425C
A010080,E-Tugra EV TLS RSA SubCA R1,Intermediate Certificate,Trusted,2022-03-04,2032-02-26,6762522E4B57AED0960574AB061F79EEA068C5AE3D815F50A971CEC4958A92B8,24E7A0475697793ABF3E0DDB04D542FFE7C93CC71D19F6067144ACA89A4CA678
A013225,E-Tugra TLS ECC CA 2,Intermediate Certificate,Trusted,2026-06-12,2036-06-09,369EC927C0A23C8928841D993E1C25851F7FFFE251D8F7CFEDC58095228BDE7D,C32FFD9F46F936D16C3673990959434B9AD60AAFBB9E7CF33654F144CC1BA143
A010070,E-Tugra TLS ECC CA R1,Intermediate Certificate,Trusted,2022-02-28,2032-02-26,108162F2B35ED71C6EA9502F94B93E9754789DDE871B2AC26CE06D47207A95CC,3417BB06CC6007DA1B961C920B8AB4CE3FAD820E4AA30B9ACBC4A74EBDCEBC65
A013226,E-Tugra TLS ECC SubCA 2,Intermediate Certificate,Trusted,2026-06-12,2036-06-09,320D7344AEF96B2AA62608C6E978BD10D49437A7236A78B4C75F7A9487E27A05,369EC927C0A23C8928841D993E1C25851F7FFFE251D8F7CFEDC58095228BDE7D
A010081,E-Tugra TLS ECC SubCA R1,Intermediate Certificate,Trusted,2022-03-04,2032-02-26,3687AF02C49731CA34FE4FDB9B5E5E0ECACD8A206956F19AFB38203AC5F0A567,108162F2B35ED71C6EA9502F94B93E9754789DDE871B2AC26CE06D47207A95CC
A013228,E-Tugra TLS RSA CA 2,Intermediate Certificate,Trusted,2026-06-12,2036-06-09,9574C647736E1AF3EA347CFE7603B6456E91685E74C52AE590FC4C25AB767F99,8FAF7D2E2CB4709BB8E0B33666BF75A5DD45B5DE480F8EA8D4BFE6BEBC17F2ED
A010069,E-Tugra TLS RSA CA R1,Intermediate Certificate,Trusted,2022-02-28,2032-02-26,586A5C9836D9FB3BE863BA765A7966D940297FEC7BDD488016C7AA1EAE1F1D51,85666A562EE0BE5CE925C1D8890A6F76A87EC16D4D7D5F29EA7419CF20123B69
A013229,E-Tugra TLS RSA SubCA 2,Intermediate Certificate,Trusted,2026-06-12,2036-06-09,F135FFB286FD1951B3C71A4C22D77AEFEAAFF7A4A035628288B9B9E693707F01,9574C647736E1AF3EA347CFE7603B6456E91685E74C52AE590FC4C25AB767F99
A010082,E-Tugra TLS RSA SubCA R1,Intermediate Certificate,Trusted,2022-03-04,2032-02-26,7FD28377C87C898E9094C93EA00BF107ABE11DB80B3D85E2B4A662697681235B,586A5C9836D9FB3BE863BA765A7966D940297FEC7BDD488016C7AA1EAE1F1D51
A004509,E.ON CA 2 2013 XXI,Intermediate Certificate,Trusted,2013-12-17,2028-09-20,8B1698B51BF6EF2C31C553E6FF7A7734901806BCC87704182D2293183348B334,43247EF5A09A0867BA4A7E1716463577AAD6EFA057BFF763B43FD2A979608FE2
A011625,E.ON CA 2 2013 XXI,Intermediate Certificate,Trusted,2024-05-15,2028-09-20,43B3986A9908B9B0D76C78AA877DDC1B8C8E6AC2F441B9767E68DF5ECF096438,43247EF5A09A0867BA4A7E1716463577AAD6EFA057BFF763B43FD2A979608FE2
A011714,E.ON CA 2 2013 XXI,Intermediate Certificate,Trusted,2024-07-11,2028-09-20,41D1CF86CDE9DB5EDDC90A9DE0A4F6014E997DDA271D5B3766E1E3214DCCD9C7,43247EF5A09A0867BA4A7E1716463577AAD6EFA057BFF763B43FD2A979608FE2
A004506,E.ON CA 2 2013 XXII,Intermediate Certificate,Trusted,2013-12-17,2028-09-20,B2B7C755C80FBE20E2134A620157A53B5B0724B6947B4EED1CA9DF7951FC5D44,43247EF5A09A0867BA4A7E1716463577AAD6EFA057BFF763B43FD2A979608FE2
A004507,E.ON CA 2 2013 XXIII,Intermediate Certificate,Trusted,2013-12-17,2028-09-20,99CADFF0B43B45405D471AB7F04817B04925D603007A57CA1BABA48BC8721BF6,43247EF5A09A0867BA4A7E1716463577AAD6EFA057BFF763B43FD2A979608FE2
A011626,E.ON CA 2 2013 XXIII,Intermediate Certificate,Trusted,2024-05-15,2028-09-20,6F4EDF5918B4C2A7B3121333F757FFCB0C83EF8C821A10EF47228EFCEDE168D9,43247EF5A09A0867BA4A7E1716463577AAD6EFA057BFF763B43FD2A979608FE2
A011715,E.ON CA 2 2013 XXIII,Intermediate Certificate,Trusted,2024-07-11,2028-09-20,0AB43E7D481D24B216412DEE945D40D73FA2596404172A8C3039BF5E97FD1EF8,43247EF5A09A0867BA4A7E1716463577AAD6EFA057BFF763B43FD2A979608FE2
A011917,E.ON CA 3 2024 XXI,Intermediate Certificate,Trusted,2024-10-21,2036-10-21,7C14C09B23D7527E60C65B027D7EA994C6C1B70B60A026078BFD1C5B262DD162,DBA84DD7EF622D485463A90137EA4D574DF8550928F6AFA03B4D8B1141E636CC
A011918,E.ON CA 3 2024 XXIII,Intermediate Certificate,Trusted,2024-10-21,2036-10-21,116FAFBFFD3579DE5C4205B2847FD3A47D3DF6F794F1296CDB8D1CFE55AEC8B0,DBA84DD7EF622D485463A90137EA4D574DF8550928F6AFA03B4D8B1141E636CC
A004501,E.ON Group CA 2 2013,Intermediate Certificate,Trusted,2013-12-17,2028-09-20,43247EF5A09A0867BA4A7E1716463577AAD6EFA057BFF763B43FD2A979608FE2,A1A86D04121EB87F027C66F53303C28E5739F943FC84B38AD6AF009035DD9457
A011476,E5,Intermediate Certificate,Trusted,2024-03-13,2027-03-12,E788D14B0436B5120BBEE3F15C15BADF08C1407FE72568A4F16F9151C380E1E3,69729B8E15A86EFC177A57AFB7171DFC64ADD28C2FCA8CF1507E34453CCB1470
A011487,E5,Intermediate Certificate,Trusted,2024-03-13,2027-03-12,5DFDB3CF31B26F23D87C09F3A0CEF642F64069A9FB7CFE29270BB5DC0F1E16BB,96BCEC06264976F37460779ACF28C5A7CFE8A3C0AAE11A8FFCEE05C0BDDF08C6
A011488,E6,Intermediate Certificate,Trusted,2024-03-13,2027-03-12,76E9E288AAFC0E37F4390CBF946AAD997D5C1C901B3CE513D3D8FADBABE2AB85,96BCEC06264976F37460779ACF28C5A7CFE8A3C0AAE11A8FFCEE05C0BDDF08C6
A011478,E6,Intermediate Certificate,Trusted,2024-03-13,2027-03-12,065AB7D2A050F947587121765D8D070C0E1330D5798FAA42C2072749ED293762,69729B8E15A86EFC177A57AFB7171DFC64ADD28C2FCA8CF1507E34453CCB1470
A011479,E7,Intermediate Certificate,Trusted,2024-03-13,2027-03-12,54715420224C5B65BEED018DC3940D7338C577E322D5488F633D8C6A8FED61B2,69729B8E15A86EFC177A57AFB7171DFC64ADD28C2FCA8CF1507E34453CCB1470
A011489,E7,Intermediate Certificate,Trusted,2024-03-13,2027-03-12,AEB1FD7410E83BC96F5DA3C6A7C2C1BB836D1FA5CB86E708515890E428A8770B,96BCEC06264976F37460779ACF28C5A7CFE8A3C0AAE11A8FFCEE05C0BDDF08C6
A011480,E8,Intermediate Certificate,Trusted,2024-03-13,2027-03-12,AC1274542267F17B525535B5563BF731FEBB182533B46A82DC869CB64EB528C0,69729B8E15A86EFC177A57AFB7171DFC64ADD28C2FCA8CF1507E34453CCB1470
A011490,E8,Intermediate Certificate,Trusted,2024-03-13,2027-03-12,83624FD338C8D9B023C18A67CB7A9C0519DA43D11775B4C6CBDAD45C3D997C52,96BCEC06264976F37460779ACF28C5A7CFE8A3C0AAE11A8FFCEE05C0BDDF08C6
A011491,E9,Intermediate Certificate,Trusted,2024-03-13,2027-03-12,FDE88F2D4F8913D3DC1664D5F8DE51E07FE2ABFED93B45ACAD5A29BFEBAA23FB,96BCEC06264976F37460779ACF28C5A7CFE8A3C0AAE11A8FFCEE05C0BDDF08C6
A011481,E9,Intermediate Certificate,Trusted,2024-03-13,2027-03-12,4185DF97806C2BA76F1D79823F112FFA639A49CCDC990908102067AB6412B886,69729B8E15A86EFC177A57AFB7171DFC64ADD28C2FCA8CF1507E34453CCB1470
A000891,EAEko HAetako langileen CA - CA personal de AAPP vascas (2),Intermediate Certificate,Trusted,2010-10-20,2037-12-12,25303CFD0BF1BAA1EF248C29F073FFFC2E7C81582EE23B45C7F1C3B32E341AD8,2530CC8E98321502BAD96F9B1FBA1B099E2D299E0F4548BB914F363BC0D4531F
A000873,EAEko Herri Administrazioen CA - CA AAPP Vascas (2),Intermediate Certificate,Trusted,2010-10-20,2037-12-12,CD6EB937EE17A9FCFF60A790F8BDE0CA9ABCA07B3EF46074DD1978F0BCA4D449,2530CC8E98321502BAD96F9B1FBA1B099E2D299E0F4548BB914F363BC0D4531F
A012423,EM DV TLS CA - G2A-1,Intermediate Certificate,Trusted,2025-05-29,2040-05-28,3F13597D3355D341BD09328AEE567D7F4E002D9919B986F9962DAFF197EA75D1,CEF71E70B7C29ADDF6C30CD19E614B38FD5F02A435A0EEDDD0087E183D101A51
A012301,EM DV TLS CA - G2B,Intermediate Certificate,Trusted,2025-04-30,2040-04-28,829EC444B8BE3DFD2D030A0D9E7A1D0DD2A3C2C325D39589C27AC9A065BAE793,CEF71E70B7C29ADDF6C30CD19E614B38FD5F02A435A0EEDDD0087E183D101A51
A012293,EM DV TLS CA - G2C,Intermediate Certificate,Trusted,2025-04-30,2040-04-28,0427EA3CB4A7B4CB205E77A7B166D332BEDB8E8EF469BC5E883169C8D0AC876D,CEF71E70B7C29ADDF6C30CD19E614B38FD5F02A435A0EEDDD0087E183D101A51
A012424,EM DV TLS CA - G3A-1,Intermediate Certificate,Trusted,2025-05-29,2040-05-28,4896D51F6537A5326272C412BC75990E15D4F5ECDC2946C19776923B8E169E93,7DD78D5F4F13459A83DFF9ABBBA62EDBAF6F2D102BF257FD712F4D9F2746ED8D
A012302,EM DV TLS CA - G3B,Intermediate Certificate,Trusted,2025-04-30,2040-04-28,42C4ACCD12C4F59597925E1A08A7A90102608543809308D50EC427E118BA1493,7DD78D5F4F13459A83DFF9ABBBA62EDBAF6F2D102BF257FD712F4D9F2746ED8D
A012294,EM DV TLS CA - G3C,Intermediate Certificate,Trusted,2025-04-30,2040-04-28,0164D7CEAE5BB909C272AF151FF44B1177AE9B47D9424B94F1D9558C30934D19,7DD78D5F4F13459A83DFF9ABBBA62EDBAF6F2D102BF257FD712F4D9F2746ED8D
A012425,EM EV TLS CA - G2A-1,Intermediate Certificate,Trusted,2025-05-29,2040-05-28,684B11E56AB72502B75DACA1CD009E3DD4BEAB3AC1FE448902D272766CCA797E,CEF71E70B7C29ADDF6C30CD19E614B38FD5F02A435A0EEDDD0087E183D101A51
A012303,EM EV TLS CA - G2B,Intermediate Certificate,Trusted,2025-04-30,2040-04-28,E072B30D7F5B8BCF0080E51D6CC7765767072DB2319E9BB1CD3D02A086898750,CEF71E70B7C29ADDF6C30CD19E614B38FD5F02A435A0EEDDD0087E183D101A51
A012295,EM EV TLS CA - G2C,Intermediate Certificate,Trusted,2025-04-30,2040-04-28,C3BC2B480FB1A1AB4D0BA1ED6C7B53E096447045733620991A32D6798D77AA20,CEF71E70B7C29ADDF6C30CD19E614B38FD5F02A435A0EEDDD0087E183D101A51
A012426,EM EV TLS CA - G3A-1,Intermediate Certificate,Trusted,2025-05-29,2040-05-28,BA0A3DA706F47DAC1A9C33C4EE1E4D86B726EF48E70D4319F3C949EC673A1975,7DD78D5F4F13459A83DFF9ABBBA62EDBAF6F2D102BF257FD712F4D9F2746ED8D
A012304,EM EV TLS CA - G3B,Intermediate Certificate,Trusted,2025-04-30,2040-04-28,E7568FE6E12331F4FD7DE61DA4C7559D0F8EB192A218D4741A3BA75184333838,7DD78D5F4F13459A83DFF9ABBBA62EDBAF6F2D102BF257FD712F4D9F2746ED8D
A012296,EM EV TLS CA - G3C,Intermediate Certificate,Trusted,2025-04-30,2040-04-28,432EC25F0D28DE9006D97BF752F17BBB2CD41F669933FCB072D9A1148D0261F3,7DD78D5F4F13459A83DFF9ABBBA62EDBAF6F2D102BF257FD712F4D9F2746ED8D
A012429,EM OV TLS CA - G2A-1,Intermediate Certificate,Trusted,2025-05-29,2040-05-28,291804EC866837CD5AF5F4D652F1DCC79BEC622D4F9BF4870E5E4D8639DF3AD4,CEF71E70B7C29ADDF6C30CD19E614B38FD5F02A435A0EEDDD0087E183D101A51
A012307,EM OV TLS CA - G2B,Intermediate Certificate,Trusted,2025-04-30,2040-04-28,6A7A93861982B664001710A0EFD04C8A72F6A23E252B280911797E0BF1BD9012,CEF71E70B7C29ADDF6C30CD19E614B38FD5F02A435A0EEDDD0087E183D101A51
A012299,EM OV TLS CA - G2C,Intermediate Certificate,Trusted,2025-04-30,2040-04-28,DE767792E870BD32F331029FC89DC24C53F9DF970DC70F1EA30CF29DB3F94BA9,CEF71E70B7C29ADDF6C30CD19E614B38FD5F02A435A0EEDDD0087E183D101A51
A012430,EM OV TLS CA - G3A-1,Intermediate Certificate,Trusted,2025-05-29,2040-05-28,259FF0963A0665BF40D92E05E95B960CCB423DBD117482AE647BC7FD5F5CE644,7DD78D5F4F13459A83DFF9ABBBA62EDBAF6F2D102BF257FD712F4D9F2746ED8D
A012308,EM OV TLS CA - G3B,Intermediate Certificate,Trusted,2025-04-30,2040-04-28,98B896625C0C230ADEEC3EB2CF6AAD5001ECF9156A68644E82374CE5833BC25B,7DD78D5F4F13459A83DFF9ABBBA62EDBAF6F2D102BF257FD712F4D9F2746ED8D
A012300,EM OV TLS CA - G3C,Intermediate Certificate,Trusted,2025-04-30,2040-04-28,CB6E15165AC802E9B3F993F16C25D41F4E81C21EBDE71AE1B012AC00BF9C7C3F,7DD78D5F4F13459A83DFF9ABBBA62EDBAF6F2D102BF257FD712F4D9F2746ED8D
A011145,EUNETIC RSA Domain Validation Secure Server CA 3,Intermediate Certificate,Trusted,2023-08-02,2033-08-01,435CC6603E9CF50E76E0ED0341AB80BC21538E3B8AF68324DA5AA177EE489537,E793C9B02FD8AA13E21C31228ACCB08119643B749C898964B1746D46C3D4CBD2
A012631,EUNETIC RSA Domain Validation Secure Server CA 4,Intermediate Certificate,Trusted,2025-08-20,2035-08-19,672D1F9F5E54459717EE627D95D85B9A1A82773FE717ACD16AB0DB9AB9E8C0F0,7BB647A62AEEAC88BF257AA522D01FFEA395E0AB45C73F93F65654EC38F25A06
A011146,EUNETIC RSA Extended Validation Secure Server CA 3,Intermediate Certificate,Trusted,2023-08-02,2033-08-01,485475C78CFCFC8E7D1BF4DFF9A6C48A24E487A0FA0016E5C23676998C30DACF,E793C9B02FD8AA13E21C31228ACCB08119643B749C898964B1746D46C3D4CBD2
A012633,EUNETIC RSA Extended Validation Secure Server CA 4,Intermediate Certificate,Trusted,2025-08-20,2035-08-19,97DEFCED21A37D8C185D2A630889D442CFC3966DD8D5BAB5D27FD0095777FA0E,7BB647A62AEEAC88BF257AA522D01FFEA395E0AB45C73F93F65654EC38F25A06
A011147,EUNETIC RSA Organization Validation Secure Server CA 3,Intermediate Certificate,Trusted,2023-08-02,2033-08-01,12EA73BCC09BDB4951131DC7EDCD2A49D2F9031454BA71DF139F3070337B1E9C,E793C9B02FD8AA13E21C31228ACCB08119643B749C898964B1746D46C3D4CBD2
A012632,EUNETIC RSA Organization Validation Secure Server CA 4,Intermediate Certificate,Trusted,2025-08-20,2035-08-19,FE30E23E7F4FFF64593764D6407EA4E34D4FAD8660FC15597B83DEA8DFDCF360,7BB647A62AEEAC88BF257AA522D01FFEA395E0AB45C73F93F65654EC38F25A06
A011148,EUNETIC RSA Secure Email CA 3,Intermediate Certificate,Trusted,2023-08-02,2033-08-01,0B98958EE95A760D28B6955C04EA91FC2802561F15ACD12FF4D91DBA584087AB,E793C9B02FD8AA13E21C31228ACCB08119643B749C898964B1746D46C3D4CBD2
A012635,EUNETIC RSA Secure Email CA 4,Intermediate Certificate,Trusted,2025-08-20,2035-08-19,D577DD16A9CCA4D093ED4B1E315AEA09640C74A522C1B18045C12FC72DC53A53,D5917A7791EB7CF20A2E57EB98284A67B28A57E89182DA53D546678C9FDE2B4F
A011053,EUSPA AR45 SMIME CA 2021,Intermediate Certificate,Trusted,2023-06-28,2028-08-18,9506357B3B18E56BAEEBE95B7B9CB873A7C8AC973239DAA4D0BCEAAFFC527404,319AF0A7729E6F89269C131EA6A3A16FCD86389FDCAB3C47A4A675C161A3F974
A011616,EUSPA AR45 SMIME CA 2021,Intermediate Certificate,Trusted,2024-05-15,2028-08-18,4B2757399C7DDCBFFCD1CEE17390D92958E6D95838105E8FF52205A6CE917F51,319AF0A7729E6F89269C131EA6A3A16FCD86389FDCAB3C47A4A675C161A3F974
A007879,EUSPA AR45 SMIME CA 2021,Intermediate Certificate,Trusted,2021-08-18,2028-08-18,A2F5C0CD7364E1123B21556FB7999BEA8E9F0AEF399A3544CD12EB83C238BA1E,319AF0A7729E6F89269C131EA6A3A16FCD86389FDCAB3C47A4A675C161A3F974
A007306,EY LLP GCC R3 SMIME CA 2020,Intermediate Certificate,Trusted,2020-08-19,2029-03-18,3A093122808FFFA440E19824D0BC7CD6B01D8D8277F7F42FA16E80A0205D4A7A,CBB522D7B7F127AD6A0113865BDF1CD4102E7D0759AF635A7CF4720DC963C53B
A006170,Ecclesiastical Academy of Vella SSL RSA SubCA R2,Intermediate Certificate,Trusted,2019-03-14,2027-03-12,CDFF27AFA3DAF9F706AA7AC530298337E520C8B10A22F6514E00E21FD2873B79,A040929A02CE53B4ACF4F2FFC6981CE4496F755E6D45FE0B2A692BCD52523F36
A004799,Encryption Everywhere DV TLS CA - G2,Intermediate Certificate,Trusted,2017-11-27,2027-11-27,B1AC8CFB181B9C9354E1775FCBDFCFE7898C5CC9A17D76315B57C112EEE55234,CB3CCBB76031E5E0138F8DD39A23F9DE47FFC35E43C1144CEA27D46A5AB1CB5F
A010821,Encryption Everywhere G3 TLS ECC P384 SHA384 2023 CA1,Intermediate Certificate,Trusted,2023-02-02,2033-02-01,DA1F7CBF322E55CC082276F8519147DFA1E80CBAF7D5799FF771358832ED1712,31AD6648F8104138C738F39EA4320133393E3A18CC02296EF97C2AC9EF6731D0
A010728,Encryption Everywhere G5 TLS ECC P-384 SHA384 2022 CA1,Intermediate Certificate,Trusted,2022-11-03,2032-11-02,AD7F57AA3FC5EAF4310224A4750A97CD879DE1989D4B86AB08B7A28373BCB489,018E13F0772532CF809BD1B17281867283FC48C6E13BE9C69812854A490C1B05
A010729,Encryption Everywhere G5 TLS RSA4096 SHA384 2022 CA1,Intermediate Certificate,Trusted,2022-11-03,2032-11-02,654BF73B2639091FA18F296755B704959F52F67FDF7A65AAF1C315441201A09D,371A00DC0533B3721A7EEB40E8419E70799D2B0A0F2C1D80693165F7CEC4AD75
A004594,Ensured Root CA,Intermediate Certificate,Trusted,2015-07-23,2038-01-18,100CF7E1373EBDAE233E5F8B1A5385FDABFEE8A31F752E33219D343DE3AFBC9C,22A066689AC91C797D970146B0BC138E1703B9DAABA48165FD2561792CB70292
A000995,Entrust Certification Authority - L1K,Intermediate Certificate,Trusted,2015-10-05,2030-12-05,13EFB39A2F6654E8C67BD04F4C6D4C90CD6CAB5091BCEDC73787F6B77D3D3FE7,43DF5774B03E7FEF5FE40D931A7BEDF1BB2E6B42738C4E6D3841103D3AA7F339
A006257,Entrust Class 1 Client CA - SHA256,Intermediate Certificate,Trusted,2019-04-16,2030-11-16,C6E9E993C258B72124AAD3C9C068B6EF23576155F310B305733361E20B17C943,43DF5774B03E7FEF5FE40D931A7BEDF1BB2E6B42738C4E6D3841103D3AA7F339
A004444,Entrust Class 2 Client CA,Intermediate Certificate,Trusted,2017-06-20,2028-12-20,95AD94E88F5B8604E40E5FFF36B0D34BE46C1D5BA06C0E735B72AA396735C415,6DC47172E01CBCB0BF62580D895FE2B8AC9AD4F873801E0C10B9C837D21EB177
A007242,Entrust Class 2 Client CA,Intermediate Certificate,Trusted,2020-07-29,2029-06-29,1A20FEF46482A98BAC6F6C7397C017310AC7FB78495438BC7A7DE9035C246679,6DC47172E01CBCB0BF62580D895FE2B8AC9AD4F873801E0C10B9C837D21EB177
A007616,Entrust Class 2 Client CA - C2CA2,Intermediate Certificate,Trusted,2021-03-16,2029-07-16,B14CF550D8F573D93E90963C32A85FB51C983C98164F54D78915F6358C954F0E,6DC47172E01CBCB0BF62580D895FE2B8AC9AD4F873801E0C10B9C837D21EB177
A000984,Entrust Class 3 Client CA - SHA256,Intermediate Certificate,Trusted,2016-02-25,2029-06-25,33857338361ECFC4858DDFF6B9EF6273E3DB856AB9CEA1C0E2C65925D1C87978,6DC47172E01CBCB0BF62580D895FE2B8AC9AD4F873801E0C10B9C837D21EB177
A011803,Entrust DV TLS Issuing ECC CA 1,Intermediate Certificate,Trusted,2024-08-22,2027-08-22,1A7BD13C77A02501E19B12D6E3CA17BE0B09B5D1AF7711C331A8C096D354D705,C32FFD9F46F936D16C3673990959434B9AD60AAFBB9E7CF33654F144CC1BA143
A011998,Entrust DV TLS Issuing ECC CA 2,Intermediate Certificate,Trusted,2024-12-11,2027-12-10,03DA2AF771230F11C4CEAED9278B7688D0305ABBC34CC4D80BC2211AC04BFDC0,C90F26F0FB1B4018B22227519B5CA2B53E2CA5B3BE5CF18EFE1BEF47380C5383
A011800,Entrust DV TLS Issuing RSA CA 1,Intermediate Certificate,Trusted,2024-08-22,2027-08-22,B76136F39DE4C5BF0FDF5531D3B116D2B3E5DD3C1EB7A69EC9DB20E931B4C528,8FAF7D2E2CB4709BB8E0B33666BF75A5DD45B5DE480F8EA8D4BFE6BEBC17F2ED
A011995,Entrust DV TLS Issuing RSA CA 2,Intermediate Certificate,Trusted,2024-12-11,2027-12-10,EC37DF849995A53089C98BD12ECAC77406A2B41478779E5CB82C5F166E7DF83C,7BB647A62AEEAC88BF257AA522D01FFEA395E0AB45C73F93F65654EC38F25A06
A011804,Entrust EV TLS Issuing ECC CA 1,Intermediate Certificate,Trusted,2024-08-22,2027-08-22,90487DF9DA11848B04C9993B92EA7BEFD2EB73C5765A3C9BBAEEC3AB2E0D1440,C32FFD9F46F936D16C3673990959434B9AD60AAFBB9E7CF33654F144CC1BA143
A012000,Entrust EV TLS Issuing ECC CA 2,Intermediate Certificate,Trusted,2024-12-11,2027-12-10,EDA45DA22F86FE260C6F20F9EA5578B53E95A30E0CF9DDE0EECA28722EA06F2F,C90F26F0FB1B4018B22227519B5CA2B53E2CA5B3BE5CF18EFE1BEF47380C5383
A011801,Entrust EV TLS Issuing RSA CA 1,Intermediate Certificate,Trusted,2024-08-22,2027-08-22,D5612C7ED743B64CD8DB432CEDFEA582608D4223F119EFACE7A6753534392AC8,8FAF7D2E2CB4709BB8E0B33666BF75A5DD45B5DE480F8EA8D4BFE6BEBC17F2ED
A011997,Entrust EV TLS Issuing RSA CA 2,Intermediate Certificate,Trusted,2024-12-11,2027-12-10,5AA05DC42338E16DAC330A805747F7EDF296DE46546BDCB607184E98F1637C1A,7BB647A62AEEAC88BF257AA522D01FFEA395E0AB45C73F93F65654EC38F25A06
A011702,Entrust Enterprise Email CA - SMIME2,Intermediate Certificate,Trusted,2024-06-26,2040-12-29,D9F628050929FC422B1FCB73C11496923D7DB0E155769A134313C0E5E81FB2A8,B7A41ED8096D62716BADC7F530942197A9E7E3175CE05D11D01E7AD6C12DCBA7
A007738,Entrust Enterprise Intermediate CA - ICA1,Intermediate Certificate,Trusted,2021-05-07,2029-07-07,C54D8B12C438725C2755B4AD81825F6975CBDA6C258A2BFBB8247A14F03BD22A,6DC47172E01CBCB0BF62580D895FE2B8AC9AD4F873801E0C10B9C837D21EB177
A011802,Entrust OV TLS Issuing ECC CA 1,Intermediate Certificate,Trusted,2024-08-22,2027-08-22,87026A05BC3AD085A8E447C2D2864E2EBEC7D017DC488DE255CF4E5EB0576271,C32FFD9F46F936D16C3673990959434B9AD60AAFBB9E7CF33654F144CC1BA143
A011999,Entrust OV TLS Issuing ECC CA 2,Intermediate Certificate,Trusted,2024-12-11,2027-12-10,CA9AD33C5EFFD39FB72291230BB157B4F805D166D5278245289F4606A4B299D7,C90F26F0FB1B4018B22227519B5CA2B53E2CA5B3BE5CF18EFE1BEF47380C5383
A011799,Entrust OV TLS Issuing RSA CA 1,Intermediate Certificate,Trusted,2024-08-22,2027-08-22,345C0CF70370A56D465B8E6ED531B55CC8EB1DA5B26880775C589A2F43358D83,8FAF7D2E2CB4709BB8E0B33666BF75A5DD45B5DE480F8EA8D4BFE6BEBC17F2ED
A011996,Entrust OV TLS Issuing RSA CA 2,Intermediate Certificate,Trusted,2024-12-11,2027-12-10,1F927F37470306AFC3018AB049E6BE1D3C0A3A45CA207F64F532512BA969EB94,7BB647A62AEEAC88BF257AA522D01FFEA395E0AB45C73F93F65654EC38F25A06
A011029,Entrust Personal Email Certification Authority - SMIME1,Intermediate Certificate,Trusted,2022-12-14,2040-12-29,97E229CD78B38BD7B74AC431FA57E294CBAA35EB238293DEDE04B20B218D92BA,B7A41ED8096D62716BADC7F530942197A9E7E3175CE05D11D01E7AD6C12DCBA7
A004077,Entrust Root Certification Authority - EC1,Intermediate Certificate,Trusted,2016-06-10,2026-11-10,3FDE0D36E026B6E8EBE2C28883607C8651DE10BD6C1FCAD365E560F4EA2F3B03,73C176434F1BC6D5ADF45B0E76E727287C8DE57616C1E6E6141A2B2CBC7D8E4C
A010945,Entrust SMIME Root CA - 2022,Intermediate Certificate,Trusted,2023-05-17,2030-12-07,E8A2BB3BDE5365BE0BE83AAECC646A104B5C1A2CD03D4534F6CFCF4BDA1533E0,43DF5774B03E7FEF5FE40D931A7BEDF1BB2E6B42738C4E6D3841103D3AA7F339
A011205,Ericsson NL Individual CA v4,Intermediate Certificate,Trusted,2023-08-16,2043-11-29,EE0343093DF71E364606100164C62A4FB8C4A0F32B1EB47860FFD6C17E94CA54,242B69742FCB1E5B2ABF98898B94572187544E5B4D9911786573621F6A74B82C
A012476,Ericsson NL Individual CA v5,Intermediate Certificate,Trusted,2025-06-16,2048-05-23,6A1ADE9A5BB8AE0782A2325AF163B2D2305413403734D5DE59977ACA7D3D4882,5B0C502A7D963BA55217396FDA9B3DC78171000AEEFF42CECC3A20A7938163E8
A013088,Euronet TLS Issuing RSA CA 1,Intermediate Certificate,Trusted,2026-04-09,2036-04-06,9A1570E8211DE713FCEB2DC4A7728ABE1994A33A4CA62A4F81D4F7511DE9DB50,FFE930442DFEB69CE29A908B6A639B370BD6BA6075F931AB83561D938B453A21
A007576,European GNSS Agency Atlas R45 SMIME CA 2021,Intermediate Certificate,Trusted,2021-02-24,2028-02-24,F4EFE27C6B037747B3A89E23EE23C1B70A24DEB53B2E02F423BB0F73E1822267,319AF0A7729E6F89269C131EA6A3A16FCD86389FDCAB3C47A4A675C161A3F974
A011884,European Labour Authority Atlas R45 SMIME CA 2024,Intermediate Certificate,Trusted,2024-10-16,2034-10-16,04A63C051A207C4D88CACF0451412204CC759CA0584DE1EA3D5C658D3AF4F03C,319AF0A7729E6F89269C131EA6A3A16FCD86389FDCAB3C47A4A675C161A3F974
A007884,EuropeanSSL S/MIME CA,Intermediate Certificate,Trusted,2021-08-04,2031-08-03,F3D55C767D12070AE8E7B316633FEA54AF05494BF56529A6FADB939A8A2C4D2F,E793C9B02FD8AA13E21C31228ACCB08119643B749C898964B1746D46C3D4CBD2
A012587,Eviden TrustedRoot Client CA SMIME RSA 2025,Intermediate Certificate,Trusted,2025-08-11,2035-08-09,9716C4BC97ED7356C8C3FBF831F9DD995AAFC41527C0A4FD67FCF47255A1E61A,78833A783BB2986C254B9370D3C20E5EBA8FA7840CBF63FE17297A0B0119685E
A013013,Eviden TrustedRoot Client CA SMIME RSA G2 2026,Intermediate Certificate,Trusted,2026-02-19,2036-02-17,F1FA1D257B704533F25ED46D2CFCFE9007FC88535E972FDF8E5A8B5158529517,78833A783BB2986C254B9370D3C20E5EBA8FA7840CBF63FE17297A0B0119685E
A011060,Eviden TrustedRoot Client CA for Atos 2023,Intermediate Certificate,Trusted,2023-06-28,2030-12-31,553C2BBAD2DFC79FDEB5DCEE5293DCA70A102E5D87EDDA806E424634E1FE306E,F356BEA244B7A91EB35D53CA9AD7864ACE018E2D35D5F8F96DDF68A6F41AA474
A013011,Eviden TrustedRoot Client CA for Bull G2 2026,Intermediate Certificate,Trusted,2026-02-19,2030-12-31,D4E8B47B03E37EAE9466D4C91E24C72589B6493DD1DB93D4EE6703E4DED0E74E,F356BEA244B7A91EB35D53CA9AD7864ACE018E2D35D5F8F96DDF68A6F41AA474
A011064,Eviden TrustedRoot Client CA for Elopak 2023,Intermediate Certificate,Trusted,2023-06-28,2030-12-31,AA17963ADF83409C92762A84FF5ECD4A74F39039F0D769173191CE0DE0215A86,F356BEA244B7A91EB35D53CA9AD7864ACE018E2D35D5F8F96DDF68A6F41AA474
A011061,Eviden TrustedRoot Client CA for NordLB 2023,Intermediate Certificate,Trusted,2023-06-28,2030-12-31,F8A990A525EA9925E4967A5442E9721E4B8D414B001758C128427C0E6D3D2A49,F356BEA244B7A91EB35D53CA9AD7864ACE018E2D35D5F8F96DDF68A6F41AA474
A011058,Eviden TrustedRoot Client CA for Paragon G2 2023,Intermediate Certificate,Trusted,2023-06-28,2030-06-26,F2F2ED9E785F1D72B3BFF6DAD1E731FAF1251B0B22E4FB345CEED39FB4B68298,F356BEA244B7A91EB35D53CA9AD7864ACE018E2D35D5F8F96DDF68A6F41AA474
A011040,Eviden TrustedRoot Client CA for Primetals 2023,Intermediate Certificate,Trusted,2023-06-28,2030-12-31,FAA5865F955924828B4984B390086FC944CF359A56DDEF341D66CF88A83F1810,F356BEA244B7A91EB35D53CA9AD7864ACE018E2D35D5F8F96DDF68A6F41AA474
A011062,Eviden TrustedRoot Client CA for SPIE 2023,Intermediate Certificate,Trusted,2023-06-28,2030-12-31,2EAFDB0E7372B59D1C02C86D85B95196AD6B0F50E7814D2B9FDB201F6FA97D7D,F356BEA244B7A91EB35D53CA9AD7864ACE018E2D35D5F8F96DDF68A6F41AA474
A013012,Eviden TrustedRoot Client CA for SPIE G2 2026,Intermediate Certificate,Trusted,2026-02-19,2036-02-17,FA4CBEC7A39681457460CBFDC513DB0B397E55E7CBD68D6C76521B5D99D4B76D,78833A783BB2986C254B9370D3C20E5EBA8FA7840CBF63FE17297A0B0119685E
A011239,Eviden TrustedRoot Client CA for Wintershall Dea G2 2023,Intermediate Certificate,Trusted,2023-08-30,2030-12-31,48C46DA4E9A6490B3067CD79A2483E92777A41DA88C77BE5006D341CF90422A2,F356BEA244B7A91EB35D53CA9AD7864ACE018E2D35D5F8F96DDF68A6F41AA474
A010928,Eviden TrustedRoot Client-CA G2 2023,Intermediate Certificate,Trusted,2023-05-03,2030-05-01,CE8556B2E0E76EF602D44D8187F534E071677C6BF98E76563FE789A87BEBA709,F356BEA244B7A91EB35D53CA9AD7864ACE018E2D35D5F8F96DDF68A6F41AA474
A011070,Eviden TrustedRoot Mailgateway CA G2 2023,Intermediate Certificate,Trusted,2023-07-03,2030-12-31,BA71F25B775BEAA94534142ACB958604D63D29847B038C48575DD41C270F9876,F356BEA244B7A91EB35D53CA9AD7864ACE018E2D35D5F8F96DDF68A6F41AA474
A007267,FIFCO Atlas R45 SMIME CA 2020,Intermediate Certificate,Trusted,2020-07-28,2030-07-28,80642AAC7C782BCDB0C3F6F385488F9BE3BB2DE30B863009E74B29F026C9EAE6,319AF0A7729E6F89269C131EA6A3A16FCD86389FDCAB3C47A4A675C161A3F974
A012091,FJCA ECC OV SSL CA,Intermediate Certificate,Trusted,2025-01-22,2035-01-21,FF9F7CAFE82D271829A8A5ED014BFBD01B2605DE977D6849B8C47DBF5398A26F,C90F26F0FB1B4018B22227519B5CA2B53E2CA5B3BE5CF18EFE1BEF47380C5383
A003769,FR03,Intermediate Certificate,Trusted,2015-02-20,2033-02-15,080E7E36B3C7FA96ECC67DB7F4D41CECE1D194401AF196A4A47B79BDC4970574,D48D3D23EEDB50A459E55197601C27774B9D7B18C94D5A059511A10250B93168
A007378,Fannie Mae Shared Online CA G2,Intermediate Certificate,Trusted,2020-09-25,2030-09-24,28F7CD588FC5B0DF460DD4C678F9DC51077A0E89D38DCCBA09BC1AEEE9D698C1,7D05EBB682339F8C9451EE094EEBFEFA7953A114EDB2F44949452FAB7D2FC185
A007897,Fannie Mae Shared Online CA G3,Intermediate Certificate,Trusted,2021-08-31,2031-08-30,249CB0551F86DB117BD83E72C9B08B7314F78117843EC2A9D9DD89ABE1DF2C5E,7D05EBB682339F8C9451EE094EEBFEFA7953A114EDB2F44949452FAB7D2FC185
A006563,FedEx Public Online CA,Intermediate Certificate,Trusted,2019-09-23,2029-09-23,AA942E512B4287D5BEEC85A1C5A81C2DDD136B3CC7065B6830F0685110530412,7D05EBB682339F8C9451EE094EEBFEFA7953A114EDB2F44949452FAB7D2FC185
A003509,Fraunhofer Service CA - G02,Intermediate Certificate,Trusted,2016-05-24,2031-02-22,ACBFAEBDCBCE1AC84C98CF24140B6061A97318E926215409DC0CF4C7BE506620,F660B0C256481CB2BFC67661C1EA8FEEE395B7141BCAC36C36E04D08CD9E1582
A003510,Fraunhofer User CA - G02,Intermediate Certificate,Trusted,2016-05-24,2031-02-22,562CBBCBDEBEEB3CB55946BDCE248CA4A623D2BA6E77B63B754D3A571F67DFA2,F660B0C256481CB2BFC67661C1EA8FEEE395B7141BCAC36C36E04D08CD9E1582
A012199,Freistaat Bayern ICA,Intermediate Certificate,Trusted,2025-03-12,2035-03-11,FBEBB9D2767421F17BCFBF343340D4278DE08D033D46555613FB1F9D395B29BA,7D05EBB682339F8C9451EE094EEBFEFA7953A114EDB2F44949452FAB7D2FC185
A007365,Fuji Xerox Businessforce CA - G2,Intermediate Certificate,Trusted,2020-09-25,2030-09-24,A12A8446C0E1E5CF4079642B31A0675ECFD1D09FAD2E4884591F380026D9EAEF,7D05EBB682339F8C9451EE094EEBFEFA7953A114EDB2F44949452FAB7D2FC185
A006365,FujiSSL ECC Business Secure Site CA,Intermediate Certificate,Trusted,2019-05-15,2029-05-14,2BDEEFA735FF7005DFE82E66641772D825E7A3619BBCACB13CFE2010660E3D9D,4FF460D54B9C86DABFBCFC5712E0400D2BED3FBC4D4FBDAA86E06ADCD2A9AD7A
A006366,FujiSSL ECC Domain Secure Site CA,Intermediate Certificate,Trusted,2019-05-15,2029-05-14,ADFB5A0F259309122BCD1F030260079882517255F5B38D33F8DAB973CB60E0B6,4FF460D54B9C86DABFBCFC5712E0400D2BED3FBC4D4FBDAA86E06ADCD2A9AD7A
A012382,FujiSSL ECC Domain Validation Secure Server CA 2,Intermediate Certificate,Trusted,2025-05-14,2035-05-13,A2A8342CF2D9C4208664BCEA1E97AD63DB184D8E7DB5E0AED1985A3FA9C42E71,C90F26F0FB1B4018B22227519B5CA2B53E2CA5B3BE5CF18EFE1BEF47380C5383
A012384,FujiSSL ECC Extended Validation Secure Server CA 2,Intermediate Certificate,Trusted,2025-05-14,2035-05-13,3CD008597BEFD6462695C70194BF5EB42F8A42EEE4BC88DCC9ADA6715C1B0DD9,C90F26F0FB1B4018B22227519B5CA2B53E2CA5B3BE5CF18EFE1BEF47380C5383
A006367,FujiSSL ECC Extended Validation Secure Site CA,Intermediate Certificate,Trusted,2019-05-15,2029-05-14,143DFE65832E203E4D28EC30FB60BA73BEE3AEEE308A3F8D194BB61E7D1D9BC0,4FF460D54B9C86DABFBCFC5712E0400D2BED3FBC4D4FBDAA86E06ADCD2A9AD7A
A012383,FujiSSL ECC Organization Validation Secure Server CA 2,Intermediate Certificate,Trusted,2025-05-14,2035-05-13,BC579C1CE5DFFE8FAD0E7732478F39F25899CACEA5D01528833E9E1CF1773B91,C90F26F0FB1B4018B22227519B5CA2B53E2CA5B3BE5CF18EFE1BEF47380C5383
A006364,FujiSSL RSA Client Authentication and Secure Email CA,Intermediate Certificate,Trusted,2019-05-15,2029-05-14,A6199561539C4A8AB019EB136B3FD0D7690175D41AE7F58A3BF48A1F0B132828,E793C9B02FD8AA13E21C31228ACCB08119643B749C898964B1746D46C3D4CBD2
A012381,FujiSSL RSA Domain Validation Secure Server CA 2,Intermediate Certificate,Trusted,2025-05-14,2035-05-13,EBA2C25AA3C3449043A43C57F87DAD7D6892ABF5D38DB5290EAEA228C95241DA,7BB647A62AEEAC88BF257AA522D01FFEA395E0AB45C73F93F65654EC38F25A06
A012380,FujiSSL RSA Extended Validation Secure Server CA 2,Intermediate Certificate,Trusted,2025-05-14,2035-05-13,7E7711F63EB6175767B1D4359021151179A536F9803975602BC4F1327E471482,7BB647A62AEEAC88BF257AA522D01FFEA395E0AB45C73F93F65654EC38F25A06
A012379,FujiSSL RSA Organization Validation Secure Server CA 2,Intermediate Certificate,Trusted,2025-05-14,2035-05-13,0B9842D5912193647268B75A847E8751264F1AF38FA0BD069BA5FCF4516784D6,7BB647A62AEEAC88BF257AA522D01FFEA395E0AB45C73F93F65654EC38F25A06
A011645,FujiSSL RSA Secure Email CA 2,Intermediate Certificate,Trusted,2024-06-05,2034-06-04,CC746668B0B09C30E20B7A1AD1A9A74986E0F45D40893C8417177520668ED08D,D5917A7791EB7CF20A2E57EB98284A67B28A57E89182DA53D546678C9FDE2B4F
A006361,FujiSSL SHA2 Business Secure Site CA,Intermediate Certificate,Trusted,2019-05-15,2029-05-14,1F93666DA57E1EE43B19E7367F7225151D44A96671843AD6262288DB4AA80377,E793C9B02FD8AA13E21C31228ACCB08119643B749C898964B1746D46C3D4CBD2
A006362,FujiSSL SHA2 Domain Secure Site CA,Intermediate Certificate,Trusted,2019-05-15,2029-05-14,5945DC534B0B1F37735D5AED4EB5D664172F285AEE60A9E7B18245AA0E1198F6,E793C9B02FD8AA13E21C31228ACCB08119643B749C898964B1746D46C3D4CBD2
A006363,FujiSSL SHA2 Extended Validation Secure Site CA,Intermediate Certificate,Trusted,2019-05-15,2029-05-14,E7FBD2DA86DE31AE7FE051C643FC45D31E67454B2A5CD8E43C6D656723AE8CEA,E793C9B02FD8AA13E21C31228ACCB08119643B749C898964B1746D46C3D4CBD2
A004910,GDCA TrustAUTH R4 DV SSL CA G2,Intermediate Certificate,Trusted,2018-01-26,2027-05-20,6CDF9DCBF3510A3BB402761D62D0C5E4E7AFC51D9CFF01F02BD53256DC567ADF,9E852C59DFC6FD6ABD4E17EA80B5F4E56FC04192D107258D54DA8A92528670D6
A013022,GDCA TrustAUTH R4 DV SSL CA2,Intermediate Certificate,Trusted,2026-02-25,2036-12-30,2F7D8EEAB71116CDBC574B2D943D22403D3B8B26E3C7ABDB68F2D8CB49C2D0DF,BFFF8FD04433487D6A8AA60C1A29767A9FC2BBB05E420F713A13B992891D3893
A004912,GDCA TrustAUTH R4 EV SSL CA G2,Intermediate Certificate,Trusted,2018-01-26,2027-05-20,6869242CD8AD2AC77BC028947BC7D0C4F6E9CBF0899D65709810D89F94B5D70D,9E852C59DFC6FD6ABD4E17EA80B5F4E56FC04192D107258D54DA8A92528670D6
A013024,GDCA TrustAUTH R4 EV SSL CA2,Intermediate Certificate,Trusted,2026-02-25,2036-12-30,422952C2BC58A4671AF5E8ACB26EFFA55532F4051EE88F3F1AD019FC7F2B8722,BFFF8FD04433487D6A8AA60C1A29767A9FC2BBB05E420F713A13B992891D3893
A004911,GDCA TrustAUTH R4 OV SSL CA G2,Intermediate Certificate,Trusted,2018-01-26,2027-05-20,E81B01F9F5692CF3823C6FD35886542BFAEEFC5EA94F4E246E42C4A9FC5FE8AB,9E852C59DFC6FD6ABD4E17EA80B5F4E56FC04192D107258D54DA8A92528670D6
A013023,GDCA TrustAUTH R4 OV SSL CA2,Intermediate Certificate,Trusted,2026-02-25,2036-12-30,9B69C6ECDA5593C4551613073A1D56563EFA342BADF3E794BD03D5DCFF97057C,BFFF8FD04433487D6A8AA60C1A29767A9FC2BBB05E420F713A13B992891D3893
A011259,GE Aerospace SMIME Issuing CA 1,Intermediate Certificate,Trusted,2023-10-11,2033-10-10,A62553F0504B752EDB55E81973A0CE3D2462AB9F41A1D720716788F3617F78E7,7D05EBB682339F8C9451EE094EEBFEFA7953A114EDB2F44949452FAB7D2FC185
A007370,GE SMIME Issuing CA 3,Intermediate Certificate,Trusted,2020-09-25,2030-09-24,BDE2A6CEC1A1C04C2E423C1457949F180ED086E021BBF090556BE3CE6AD1863F,7D05EBB682339F8C9451EE094EEBFEFA7953A114EDB2F44949452FAB7D2FC185
A011579,GE SMIME Issuing CA 4,Intermediate Certificate,Trusted,2024-04-24,2034-04-23,1D5A72D631E13879A6F6F9F2E04FA94940D6D0AAA8A1542A736FE156BDBDE98E,7D05EBB682339F8C9451EE094EEBFEFA7953A114EDB2F44949452FAB7D2FC185
A011922,GE SMIME Issuing CA 5,Intermediate Certificate,Trusted,2024-10-29,2034-10-28,CEAE3E2D3ED125743CB2F5BEB0E16CD8E06EE2DBE686DC8349D9EAD327433C86,7D05EBB682339F8C9451EE094EEBFEFA7953A114EDB2F44949452FAB7D2FC185
A006828,GEANT EV ECC CA 4,Intermediate Certificate,Trusted,2020-02-18,2033-05-01,860F8E4984FCAAAA78C87F0713F203181B57D7B556FED979CE14DCA01FFA4A54,4FF460D54B9C86DABFBCFC5712E0400D2BED3FBC4D4FBDAA86E06ADCD2A9AD7A
A006822,GEANT EV RSA CA 4,Intermediate Certificate,Trusted,2020-02-18,2033-05-01,DBAC2FAE4F8C949B1A30CF871EAB58957F6420B797A5125506B8CEDD48F5D784,E793C9B02FD8AA13E21C31228ACCB08119643B749C898964B1746D46C3D4CBD2
A006827,GEANT OV ECC CA 4,Intermediate Certificate,Trusted,2020-02-18,2033-05-01,083799E8B2B9016E44702EBF9BF369CE253FE1FBEB650E5DF10EF44D87BF3BAE,4FF460D54B9C86DABFBCFC5712E0400D2BED3FBC4D4FBDAA86E06ADCD2A9AD7A
A006821,GEANT OV RSA CA 4,Intermediate Certificate,Trusted,2020-02-18,2033-05-01,37834FA5EA40FBF7B61196955962E1CA0558872435E4206653D3F620DD8E988E,E793C9B02FD8AA13E21C31228ACCB08119643B749C898964B1746D46C3D4CBD2
A006824,GEANT Personal CA 4,Intermediate Certificate,Trusted,2020-02-18,2033-05-01,16D9DE945A428011FA3A08323DA0E4347438F5AF1CE3E80283223E25A46C2A9E,E793C9B02FD8AA13E21C31228ACCB08119643B749C898964B1746D46C3D4CBD2
A006829,GEANT Personal ECC CA 4,Intermediate Certificate,Trusted,2020-02-18,2033-05-01,B1A8FD40B437DED972F574370622E2BBB2F9B9593BC0504D7E2030F2B24E67FA,4FF460D54B9C86DABFBCFC5712E0400D2BED3FBC4D4FBDAA86E06ADCD2A9AD7A
A012049,GEANT S/MIME ECC 1,Intermediate Certificate,Trusted,2025-01-03,2039-12-31,6EF2FEA64B86A61203FC7D53F2F212A8E3FBE085934D60A5A88ABF46DCC2114A,8DD4B5373CB0DE36769C12339280D82746B3AA6CD426E797A31BABE4279CF00B
A012048,GEANT S/MIME RSA 1,Intermediate Certificate,Trusted,2025-01-03,2039-12-31,149C1FAC7DB7AF8868897D18529E6798DA20C0456439802B4CC8223FA1E476B3,1BE7ABE30686B16348AFD1C61B6866A0EA7F4821E67D5E8AF937CF8011BC750D
A012047,GEANT TLS ECC 1,Intermediate Certificate,Trusted,2025-01-03,2039-12-31,6CDF0BA1711E856D228BA00CA04C5C1C3D79944C037B713B155A4EE4B47EC53C,3F99CC474ACFCE4DFED58794665E478D1547739F2E780F1BB4CA9B133097D401
A012042,GEANT TLS RSA 1,Intermediate Certificate,Trusted,2025-01-03,2039-12-31,5B678DC44095A52895B63B31F27227F4B36C3E347491BF2BFA691837A5FB8C79,D95D0E8EDA79525BF9BEB11B14D2100D3294985F0C62D9FABD9CD999ECCB7B1D
A006825,GEANT eScience Personal CA 4,Intermediate Certificate,Trusted,2020-02-18,2033-05-01,D0382AC5819F95AD10238CBE6E3C4ED3D8241CD954D2653FEA470AC9F390CD4D,E793C9B02FD8AA13E21C31228ACCB08119643B749C898964B1746D46C3D4CBD2
A006830,GEANT eScience Personal ECC CA 4,Intermediate Certificate,Trusted,2020-02-18,2033-05-01,6021D4A3CDEBD98D5298235F5881F4B969D71D43F3EE3DF156BF23630B07AE3B,4FF460D54B9C86DABFBCFC5712E0400D2BED3FBC4D4FBDAA86E06ADCD2A9AD7A
A006820,GEANT eScience SSL CA 4,Intermediate Certificate,Trusted,2020-02-18,2033-05-01,277F0FCA263E12856DBAA4DD0ADF04204F7F98CFD72CE9C93807E377E34C8876,E793C9B02FD8AA13E21C31228ACCB08119643B749C898964B1746D46C3D4CBD2
A006826,GEANT eScience SSL ECC CA 4,Intermediate Certificate,Trusted,2020-02-18,2033-05-01,CAD03A584E58539B89192EC49CEA7A6D8ED7242AD5DCDF83F96D087F09F232DB,4FF460D54B9C86DABFBCFC5712E0400D2BED3FBC4D4FBDAA86E06ADCD2A9AD7A
A006351,GENIOUS ECC Domain Validation Secure Server CA,Intermediate Certificate,Trusted,2019-05-14,2029-05-13,10C3F40E9BBE17B48F0B3C7C229CAB0A20871FCEBECCCCF6A2BB320F0600C55D,4FF460D54B9C86DABFBCFC5712E0400D2BED3FBC4D4FBDAA86E06ADCD2A9AD7A
A006352,GENIOUS ECC Extended Validation Secure Server CA,Intermediate Certificate,Trusted,2019-05-14,2029-05-13,CED406787F36646D897E468B7B8B5DCAE1030C3A75AF1C9B105514B95EC6EA70,4FF460D54B9C86DABFBCFC5712E0400D2BED3FBC4D4FBDAA86E06ADCD2A9AD7A
A006368,GENIOUS ECC Organization Validation Secure Server CA,Intermediate Certificate,Trusted,2019-05-14,2029-05-13,6F587D1BEE2F161C4FC2E662053DF9CFFEFE51144CE927D3143E4A4C348B8567,4FF460D54B9C86DABFBCFC5712E0400D2BED3FBC4D4FBDAA86E06ADCD2A9AD7A
A006348,GENIOUS RSA Domain Validation Secure Server CA,Intermediate Certificate,Trusted,2019-05-14,2029-05-13,6EACB9FEA6CC6BF4595B49C222C26004D89371EB9384AE48EC17B95784948651,E793C9B02FD8AA13E21C31228ACCB08119643B749C898964B1746D46C3D4CBD2
A006349,GENIOUS RSA Extended Validation Secure Server CA,Intermediate Certificate,Trusted,2019-05-14,2029-05-13,D8E18A65AF78454854CAA28FB2F5E79B57EC141F010423BCC8A71ABFC0496C2C,E793C9B02FD8AA13E21C31228ACCB08119643B749C898964B1746D46C3D4CBD2
A006350,GENIOUS RSA Organization Validation Secure Server CA,Intermediate Certificate,Trusted,2019-05-14,2029-05-13,596156BC2A4315EB768C826D7CCA329158CAE3C6F8F760536965BEE7CADAF6ED,E793C9B02FD8AA13E21C31228ACCB08119643B749C898964B1746D46C3D4CBD2
A006673,GRNET TLS RSA SubCA R1,Intermediate Certificate,Trusted,2019-11-07,2027-11-05,88CE49E3A4FA37EAE28E8E35F8FF8CF7568CA845639CEF3B8DFDF4E4693AC14A,A040929A02CE53B4ACF4F2FFC6981CE4496F755E6D45FE0B2A692BCD52523F36
A012207,GROB-WERKE GmbH und Co. KG Atlas R45 SMIME CA 2025,Intermediate Certificate,Trusted,2025-03-19,2035-03-19,C1E6B13C34B8029F8BBCEEACF9F543EBF02A1CC4D56255FCC51BAC3EA794BE4E,319AF0A7729E6F89269C131EA6A3A16FCD86389FDCAB3C47A4A675C161A3F974
A007307,GROB-WERKE GmbH und Co. KG GCC R3 SMIME CA 2020,Intermediate Certificate,Trusted,2020-08-19,2029-03-18,B75840FEA15C545335CD4BA58B707F53524CE984655AEBCC248A57E6F2403A8B,CBB522D7B7F127AD6A0113865BDF1CD4102E7D0759AF635A7CF4720DC963C53B
A011042,GROB-WERKE GmbH und Co. KG GCC R3 SMIME CA 2020,Intermediate Certificate,Trusted,2023-06-28,2029-03-18,6FC0296F355073DD3622150FB496EB455C8C547146191076C5AF76FA9C36C238,CBB522D7B7F127AD6A0113865BDF1CD4102E7D0759AF635A7CF4720DC963C53B
A006167,GRnet SSL RSA SubCA R2,Intermediate Certificate,Trusted,2019-03-14,2027-03-12,C161F5AADE40FBC9723F0892DE963D4D10405561A6BDC69A72798F918BED19CD,A040929A02CE53B4ACF4F2FFC6981CE4496F755E6D45FE0B2A692BCD52523F36
A007087,GTS Root R1,Intermediate Certificate,Trusted,2020-06-19,2028-01-28,3EE0278DF71FA3C125C4CD487F01D774694E6FC57E0CD94C24EFD769133918E5,EBD41040E4BB3EC742C9E381D31EF2A41A48B6685C96E7CEF3C1DF6CD4331C99
A011303,GTS Root R4,Intermediate Certificate,Trusted,2023-11-15,2028-01-28,76B27B80A58027DC3CF1DA68DAC17010ED93997D0B603E2FADBE85012493B5A7,EBD41040E4BB3EC742C9E381D31EF2A41A48B6685C96E7CEF3C1DF6CD4331C99
A010892,GZCA ECC DV SSL CA,Intermediate Certificate,Trusted,2023-03-17,2033-03-16,2925F99B9F776F841D0B4C09A07F0A36C107F0937611E83E007A712E4B7EC735,4FF460D54B9C86DABFBCFC5712E0400D2BED3FBC4D4FBDAA86E06ADCD2A9AD7A
A011844,GZCA ECC EV SSL CA,Intermediate Certificate,Trusted,2024-09-18,2034-09-17,54E1EC76C8134B3BAFB068616513B2AEC1219A6F6A98D995B7DAC057DB6290C5,4FF460D54B9C86DABFBCFC5712E0400D2BED3FBC4D4FBDAA86E06ADCD2A9AD7A
A011843,GZCA ECC OV SSL CA,Intermediate Certificate,Trusted,2024-09-18,2034-09-17,420095BFEC065888FEFC201391A3BD053BB24DB44A51F155B46F3C8C578A8254,4FF460D54B9C86DABFBCFC5712E0400D2BED3FBC4D4FBDAA86E06ADCD2A9AD7A
A011231,Gandi RSA Domain Validation Secure Server CA 3,Intermediate Certificate,Trusted,2023-08-02,2033-08-01,F0104FF17274608F1A18A1E1EABF8E68A51F500A87E2EFA22ECB622763FEF4CF,E793C9B02FD8AA13E21C31228ACCB08119643B749C898964B1746D46C3D4CBD2
A012952,Gandi RSA Domain Validation Secure Server CA 4,Intermediate Certificate,Trusted,2026-02-04,2036-02-03,2D65144D8A8331E8A812ECDF247195615B6BD55B64A3F9399563C8FCB9D67CA6,7BB647A62AEEAC88BF257AA522D01FFEA395E0AB45C73F93F65654EC38F25A06
A011232,Gandi RSA Organization Validation Secure Server CA 3,Intermediate Certificate,Trusted,2023-08-02,2033-08-01,FB128864DAC56F3AB93C371692300DCA345C04FFE5A7F6EB24FE6E449B348950,E793C9B02FD8AA13E21C31228ACCB08119643B749C898964B1746D46C3D4CBD2
A012953,Gandi RSA Organization Validation Secure Server CA 4,Intermediate Certificate,Trusted,2026-02-04,2036-02-03,58D8B3BF98F8C8B66FAC7256AEC82C4A8B98F87BAA90CED20B0A607C180D6D04,7BB647A62AEEAC88BF257AA522D01FFEA395E0AB45C73F93F65654EC38F25A06
A011571,GandiCert,Intermediate Certificate,Trusted,2024-04-17,2034-04-16,3337D4E4B4EF6A94F04915D2E86B1F8F47A3C83667DA2519D9B95AE7270AFFE1,CB3CCBB76031E5E0138F8DD39A23F9DE47FFC35E43C1144CEA27D46A5AB1CB5F
A012395,Gehirn ECC Domain Validation Secure Server CA 2,Intermediate Certificate,Trusted,2025-05-14,2035-05-13,1930AAB16CDCC57895310EDDE41047823EA2B0A686F4E499CCB7A9DE3F619216,C90F26F0FB1B4018B22227519B5CA2B53E2CA5B3BE5CF18EFE1BEF47380C5383
A012396,Gehirn ECC Extended Validation Secure Server CA 2,Intermediate Certificate,Trusted,2025-05-14,2035-05-13,4B4408E9258E64A694E5B7729E4D265E09EC91682E3EF91384AE3019A79F55DB,C90F26F0FB1B4018B22227519B5CA2B53E2CA5B3BE5CF18EFE1BEF47380C5383
A012394,Gehirn ECC Organization Validation Secure Server CA 2,Intermediate Certificate,Trusted,2025-05-14,2035-05-13,D1A30694B32105C667BD8E2D933B1865D80342F32F08FEEA029AD16D9310AE29,C90F26F0FB1B4018B22227519B5CA2B53E2CA5B3BE5CF18EFE1BEF47380C5383
A005538,Gehirn Managed Certification Authority - ECC DV,Intermediate Certificate,Trusted,2018-03-16,2028-03-15,E7F1526EA9D5147B7A5E1AE6ABE31737A4666D1E8F03E633703BD3C3D9B1E376,4FF460D54B9C86DABFBCFC5712E0400D2BED3FBC4D4FBDAA86E06ADCD2A9AD7A
A005540,Gehirn Managed Certification Authority - ECC EV,Intermediate Certificate,Trusted,2018-03-16,2028-03-15,5F18390F21490292A095FFF380F2E8927DD3159223A76113EDE357AA2B311C1F,4FF460D54B9C86DABFBCFC5712E0400D2BED3FBC4D4FBDAA86E06ADCD2A9AD7A
A005539,Gehirn Managed Certification Authority - ECC OV,Intermediate Certificate,Trusted,2018-03-16,2028-03-15,78EE237ABB2354AA67CA8FB5E2BFA9B917A0BF53E2F3B3CAB3DACEC1E2C361E1,4FF460D54B9C86DABFBCFC5712E0400D2BED3FBC4D4FBDAA86E06ADCD2A9AD7A
A005533,Gehirn Managed Certification Authority - RSA DV,Intermediate Certificate,Trusted,2018-03-16,2028-03-15,1752C219D0337019BC8C19347C9F2BBE37081FA6CC1B1B09A03758E60C307E09,E793C9B02FD8AA13E21C31228ACCB08119643B749C898964B1746D46C3D4CBD2
A005537,Gehirn Managed Certification Authority - RSA Digital ID,Intermediate Certificate,Trusted,2018-03-16,2028-03-15,A9BAEB6F3814B4C34310DA84DED3AC382DA012B84D207D4A39B1671CF581F4C1,E793C9B02FD8AA13E21C31228ACCB08119643B749C898964B1746D46C3D4CBD2
A005535,Gehirn Managed Certification Authority - RSA EV,Intermediate Certificate,Trusted,2018-03-16,2028-03-15,96DC615D1F3DD9002EE5E628B2801EED07B91F0E45ACADEDEE76BC613DA06CBD,E793C9B02FD8AA13E21C31228ACCB08119643B749C898964B1746D46C3D4CBD2
A005534,Gehirn Managed Certification Authority - RSA OV,Intermediate Certificate,Trusted,2018-03-16,2028-03-15,B66D28CD70E6D1B321688E1C47E63C43C76AC50312909D4E30D78F08B2ED605A,E793C9B02FD8AA13E21C31228ACCB08119643B749C898964B1746D46C3D4CBD2
A012392,Gehirn RSA Domain Validation Secure Server CA 2,Intermediate Certificate,Trusted,2025-05-14,2035-05-13,A51FAA77FDE2BA01F4E699A64EF3CD96CBB04B8AABEE4F28EF2B22C6EF94DFB5,7BB647A62AEEAC88BF257AA522D01FFEA395E0AB45C73F93F65654EC38F25A06
A012393,Gehirn RSA Extended Validation Secure Server CA 2,Intermediate Certificate,Trusted,2025-05-14,2035-05-13,450D4145605C9A7AE26C18E9E4B9450F2CE047B674F35ACF04E6375A22BE2BD5,7BB647A62AEEAC88BF257AA522D01FFEA395E0AB45C73F93F65654EC38F25A06
A012391,Gehirn RSA Organization Validation Secure Server CA 2,Intermediate Certificate,Trusted,2025-05-14,2035-05-13,CD61541F43DD1C9FAAC4510F4606DF5DEB5CFA7559C7B673BAF2F7341D3A0F32,7BB647A62AEEAC88BF257AA522D01FFEA395E0AB45C73F93F65654EC38F25A06
A012614,Genious Communications ECC DV SSL CA 2,Intermediate Certificate,Trusted,2025-08-20,2035-08-19,80B9048DE4376C33018E85B78D9378CF018340F9FEBA12F3814F0ED049D0442E,C90F26F0FB1B4018B22227519B5CA2B53E2CA5B3BE5CF18EFE1BEF47380C5383
A012616,Genious Communications ECC EV SSL CA 2,Intermediate Certificate,Trusted,2025-08-20,2035-08-19,4BECDD041E8E9772379E8D2C7EEABD494DD94ABEBAE948FFB9664CB5395C3FDB,C90F26F0FB1B4018B22227519B5CA2B53E2CA5B3BE5CF18EFE1BEF47380C5383
A012615,Genious Communications ECC OV SSL CA 2,Intermediate Certificate,Trusted,2025-08-20,2035-08-19,CBC48AD5DBD96B3D91648EB0127E2C9DDB5C45793DFC2590527EFE817D42F789,C90F26F0FB1B4018B22227519B5CA2B53E2CA5B3BE5CF18EFE1BEF47380C5383
A012611,Genious Communications RSA DV SSL CA 2,Intermediate Certificate,Trusted,2025-08-20,2035-08-19,307BFEF19102A0271B2EAD0FD01104A5DDCCE210D5EA22D58C68E0FDF8FB16B7,7BB647A62AEEAC88BF257AA522D01FFEA395E0AB45C73F93F65654EC38F25A06
A012613,Genious Communications RSA EV SSL CA 2,Intermediate Certificate,Trusted,2025-08-20,2035-08-19,883F455366D3328A1881652983619DB254597B706D3A35628AA1DDE215E1C790,7BB647A62AEEAC88BF257AA522D01FFEA395E0AB45C73F93F65654EC38F25A06
A012612,Genious Communications RSA OV SSL CA 2,Intermediate Certificate,Trusted,2025-08-20,2035-08-19,F33C277286C2D15D443F2146373648C3E671D9292DAF43FB9BC9CCBE33C83B66,7BB647A62AEEAC88BF257AA522D01FFEA395E0AB45C73F93F65654EC38F25A06
A012003,GeoSSL DV TLS CA,Intermediate Certificate,Trusted,2024-12-17,2034-12-05,B5C8E05AA6826A4E43ACC5CEBC652AD7A5D5FA158DC1C9211DD5C50184BD7A97,FE7696573855773E37A95E7AD4D9CC96C30157C15D31765BA9B15704E1AE78FD
A010749,GeoSSL ECC Domain Validation Secure Server CA,Intermediate Certificate,Trusted,2022-11-11,2032-11-10,82A58A9E489606C301562FC59DA2B1366038E33C3E73516FAE84B8F17FA5E4F5,4FF460D54B9C86DABFBCFC5712E0400D2BED3FBC4D4FBDAA86E06ADCD2A9AD7A
A010751,GeoSSL ECC Extended Validation Secure Server CA,Intermediate Certificate,Trusted,2022-11-11,2032-11-10,379DE2AA6EF4B17E1E6C0D9626531F792E6595917FB2D28A9E75EAB9ECE9E743,4FF460D54B9C86DABFBCFC5712E0400D2BED3FBC4D4FBDAA86E06ADCD2A9AD7A
A010750,GeoSSL ECC Organization Validation Secure Server CA,Intermediate Certificate,Trusted,2022-11-11,2032-11-10,2529BA3064CA9A4CBDE2E444A1C87D046F6915A1EFE3414DF5BDB6A77DC620A7,4FF460D54B9C86DABFBCFC5712E0400D2BED3FBC4D4FBDAA86E06ADCD2A9AD7A
A010752,GeoSSL ECC Secure Email CA,Intermediate Certificate,Trusted,2022-11-11,2032-11-10,7E545BC65287101D31DAA7C56306E3262221ACC97AB74157D1F2113DFAF10CA8,4FF460D54B9C86DABFBCFC5712E0400D2BED3FBC4D4FBDAA86E06ADCD2A9AD7A
A012004,GeoSSL EV TLS CA,Intermediate Certificate,Trusted,2024-12-17,2034-12-05,9E9A40D4DED044B0E40E8FD2D76C19E46FC5FC7F90BCAEBCFBC050AAF862CE75,FE7696573855773E37A95E7AD4D9CC96C30157C15D31765BA9B15704E1AE78FD
A012005,GeoSSL OV TLS CA,Intermediate Certificate,Trusted,2024-12-17,2034-12-05,45C479E096C7C8BB2CB90E9D3BD6FDE3CA3240308E67D00DD64DF5BA06978800,FE7696573855773E37A95E7AD4D9CC96C30157C15D31765BA9B15704E1AE78FD
A010744,GeoSSL RSA Domain Validation Secure Server CA,Intermediate Certificate,Trusted,2022-11-11,2032-11-10,FDC1E2574F397D8BB0BC436EB02F9CC07EEB08BD90383A9C32173C889BDD8E96,E793C9B02FD8AA13E21C31228ACCB08119643B749C898964B1746D46C3D4CBD2
A010746,GeoSSL RSA Extended Validation Secure Server CA,Intermediate Certificate,Trusted,2022-11-11,2032-11-10,8D53E2A477A52C38D07BAFFDFB7179592A344DCB8ECB75E1AF8963C9A2FE9C83,E793C9B02FD8AA13E21C31228ACCB08119643B749C898964B1746D46C3D4CBD2
A010745,GeoSSL RSA Organization Validation Secure Server CA,Intermediate Certificate,Trusted,2022-11-11,2032-11-10,DA00B546BA7BE22B146B74BC23DACA3960464A84779B0116583BFD8B791D41FD,E793C9B02FD8AA13E21C31228ACCB08119643B749C898964B1746D46C3D4CBD2
A010747,GeoSSL RSA Secure Email CA,Intermediate Certificate,Trusted,2022-11-11,2032-11-10,E9EF6F1255576125BC20733BC1D6C690763EC7B97CD6ECB5689B516A34BB8E86,E793C9B02FD8AA13E21C31228ACCB08119643B749C898964B1746D46C3D4CBD2
A010773,GeoTrust EV G2 TLS CN RSA4096 SHA256 2022 CA1,Intermediate Certificate,Trusted,2022-12-15,2032-12-14,6FE24FBFFBBFFBDC3BE69A472DBF75EF30CACF8AEA319F3893654C91BAB91143,CB3CCBB76031E5E0138F8DD39A23F9DE47FFC35E43C1144CEA27D46A5AB1CB5F
A010777,GeoTrust EV G3 TLS CN ECC P-384 SHA384 2022 CA1,Intermediate Certificate,Trusted,2022-12-20,2032-12-19,02F40238BA372E9DF51D7540E04EDFEDAB5439323F9A02DF5B38C074CA7D406E,31AD6648F8104138C738F39EA4320133393E3A18CC02296EF97C2AC9EF6731D0
A010814,GeoTrust EV G5 TLS CN ECC P-384 SHA384 2022 CA1,Intermediate Certificate,Trusted,2023-01-19,2033-01-18,07F55A105E886D191FBD2253283E77B1FC1CCDCC9F26A3E6C7E69706A7593FEF,018E13F0772532CF809BD1B17281867283FC48C6E13BE9C69812854A490C1B05
A010794,GeoTrust EV G5 TLS CN RSA4096 SHA384 2022 CA1,Intermediate Certificate,Trusted,2023-01-12,2033-01-11,25026FEBE5324EEACA89376B13EDB96991594112C311120D579364E3CC0442F4,371A00DC0533B3721A7EEB40E8419E70799D2B0A0F2C1D80693165F7CEC4AD75
A007127,GeoTrust EV RSA CA G2,Intermediate Certificate,Trusted,2020-07-02,2030-07-02,2D140F20B8A96E2B4D2F1CC5ACA5E5A1E7DC56A7491E510906960F38D2D21AEF,CB3CCBB76031E5E0138F8DD39A23F9DE47FFC35E43C1144CEA27D46A5AB1CB5F
A010774,GeoTrust G2 TLS CN RSA4096 SHA256 2022 CA1,Intermediate Certificate,Trusted,2022-12-15,2032-12-14,05DC9EDC0FDDFA975A1432EF806EC780078B5362AD45AF76DB15C907630DB25D,CB3CCBB76031E5E0138F8DD39A23F9DE47FFC35E43C1144CEA27D46A5AB1CB5F
A010776,GeoTrust G3 TLS CN ECC P-384 SHA384 2022 CA1,Intermediate Certificate,Trusted,2022-12-20,2032-12-19,662871C80F4E0FD219EA69AAFC4D28AD7B41E9381560BEE787848D4EEF1CBF24,31AD6648F8104138C738F39EA4320133393E3A18CC02296EF97C2AC9EF6731D0
A010395,GeoTrust G5 TLS CN ECC P-384 SHA384 2022 CA1,Intermediate Certificate,Trusted,2022-07-12,2032-07-11,E43BAAD78B78F9EEA6903E56F456DEC24BD9648C13AE02E2DE17A1F84F3D0807,018E13F0772532CF809BD1B17281867283FC48C6E13BE9C69812854A490C1B05
A010396,GeoTrust G5 TLS CN RSA4096 SHA384 2022 CA1,Intermediate Certificate,Trusted,2022-07-12,2032-07-11,2B6D199F7E35C8C67E0BBA829F92991CF31466265E11FA30BD19FC5B6C36151C,371A00DC0533B3721A7EEB40E8419E70799D2B0A0F2C1D80693165F7CEC4AD75
A010267,GeoTrust G5 TLS EC P-384 SHA384 2022 CA1,Intermediate Certificate,Trusted,2022-05-26,2032-05-25,72F104084DB7914BD8AFE6E347B9257ED4C1D7FC71D3F1E51F3CF47B739B386A,018E13F0772532CF809BD1B17281867283FC48C6E13BE9C69812854A490C1B05
A010435,GeoTrust G5 TLS ECC P-384 SHA384 2022 CA2,Intermediate Certificate,Trusted,2022-07-28,2032-07-27,66E795550B16497E7CF4566EC63B56660F28DBD551C357C526FBB0D7620A8112,018E13F0772532CF809BD1B17281867283FC48C6E13BE9C69812854A490C1B05
A010268,GeoTrust G5 TLS RSA4096 SHA384 2022 CA1,Intermediate Certificate,Trusted,2022-05-26,2032-05-25,0030C68C53FC05237FCC7AB6017D81FEBBA06315526C57F7E72907C87B982B61,371A00DC0533B3721A7EEB40E8419E70799D2B0A0F2C1D80693165F7CEC4AD75
A010999,GeoTrust Global G2 TLS EUR RSA4096 SHA384 2023 CA1,Intermediate Certificate,Trusted,2023-06-14,2033-06-13,9E7E310303EDA686FCC5F55F7506895B15FF05C780EEEADEAB9D016DB672F3BA,CB3CCBB76031E5E0138F8DD39A23F9DE47FFC35E43C1144CEA27D46A5AB1CB5F
A011000,GeoTrust Global G3 TLS EUR ECC P384 SHA384 2023 CA1,Intermediate Certificate,Trusted,2023-06-14,2033-06-13,57E0B33504DBAF6F29A095CB8A297A4ABEC121CE11640EFAFC17594098F6CAA9,31AD6648F8104138C738F39EA4320133393E3A18CC02296EF97C2AC9EF6731D0
A004733,GeoTrust TLS ECC CA G1,Intermediate Certificate,Trusted,2017-11-02,2027-11-02,A838405EBB03F5DFD8D4A9572AE6E0E3F356EC4EC134375A59DB7B195DC3EC44,31AD6648F8104138C738F39EA4320133393E3A18CC02296EF97C2AC9EF6731D0
A004723,GeoTrust TLS RSA CA G1,Intermediate Certificate,Trusted,2017-11-02,2027-11-02,C06E307F7CFC1D32FA72A4C033C87B90019AF216F0775D64978A2ECA6C8A230E,CB3CCBB76031E5E0138F8DD39A23F9DE47FFC35E43C1144CEA27D46A5AB1CB5F
A007607,Giesecke and Devrient CA,Intermediate Certificate,Trusted,2021-03-11,2031-03-10,0A4FF256B1A0A14BB81F318B64D47D6C36A4C3529F9C39299A47ED51A2B8EE52,7D05EBB682339F8C9451EE094EEBFEFA7953A114EDB2F44949452FAB7D2FC185
A011994,Giesecke and Devrient CA G2,Intermediate Certificate,Trusted,2024-12-12,2034-12-11,6E989B7B1BC0EAA07B6BC6FBB5D41C9DAFF7041F5205E98082EC691DFEB8D83E,7D05EBB682339F8C9451EE094EEBFEFA7953A114EDB2F44949452FAB7D2FC185
A006740,Global Trust CA - Client,Intermediate Certificate,Trusted,2020-01-08,2030-01-07,4C08C2FBA948D4843714B633A18126B2417038D7B745DA41ED15EAA7AAE7C599,E793C9B02FD8AA13E21C31228ACCB08119643B749C898964B1746D46C3D4CBD2
A006741,Global Trust CA - DV (ECC),Intermediate Certificate,Trusted,2020-01-08,2030-01-07,F4D695ADA936362DDFAEDA644C7CCEF24EB74DC438D381A28AFAAA11477AE67F,4FF460D54B9C86DABFBCFC5712E0400D2BED3FBC4D4FBDAA86E06ADCD2A9AD7A
A006737,Global Trust CA - DV (RSA),Intermediate Certificate,Trusted,2020-01-08,2030-01-07,0DA20B3C05386BD975B1DBD37F0EB7689E6A32364396E0653FFA9EEE606794F5,E793C9B02FD8AA13E21C31228ACCB08119643B749C898964B1746D46C3D4CBD2
A006743,Global Trust CA - EV (ECC),Intermediate Certificate,Trusted,2020-01-08,2030-01-07,3ADDC98240E21A72D9C40EB5058905AA40EDFA345ADEDDE5844CCB0F462D84F7,4FF460D54B9C86DABFBCFC5712E0400D2BED3FBC4D4FBDAA86E06ADCD2A9AD7A
A006739,Global Trust CA - EV (RSA),Intermediate Certificate,Trusted,2020-01-08,2030-01-07,EB14470371B092ED20801E21EA396539B4E428C1708AB8C9B7068342399D3C81,E793C9B02FD8AA13E21C31228ACCB08119643B749C898964B1746D46C3D4CBD2
A006742,Global Trust CA - OV (ECC),Intermediate Certificate,Trusted,2020-01-08,2030-01-07,D101062438BFB0AF05ABA79DF00F4DD49E78B8CEFD5ED929565C233611310191,4FF460D54B9C86DABFBCFC5712E0400D2BED3FBC4D4FBDAA86E06ADCD2A9AD7A
A006738,Global Trust CA - OV (RSA),Intermediate Certificate,Trusted,2020-01-08,2030-01-07,1B4F794D770DC6E05DC7A4158450F8259572EB6D59DE667A3C3FBE08DA012481,E793C9B02FD8AA13E21C31228ACCB08119643B749C898964B1746D46C3D4CBD2
A005958,GlobalSign,Intermediate Certificate,Trusted,2018-11-21,2029-03-18,3F319B2AFED4A0F75127BE59925550D0428E68763A09E273EB6A9FF8D18DBB5B,CBB522D7B7F127AD6A0113865BDF1CD4102E7D0759AF635A7CF4720DC963C53B
A006135,GlobalSign,Intermediate Certificate,Trusted,2019-02-20,2029-03-18,DDA8DA736187D76F4F0ED5A5F667B54D99A98AE06091D0E3A01714E9221695AD,CBB522D7B7F127AD6A0113865BDF1CD4102E7D0759AF635A7CF4720DC963C53B
A006429,GlobalSign,Intermediate Certificate,Trusted,2019-06-19,2028-01-28,F349954E8FB6D44011BCB789D97D9A2CB2032BD5F0B598D1FB8A099F5848D523,EBD41040E4BB3EC742C9E381D31EF2A41A48B6685C96E7CEF3C1DF6CD4331C99
A006430,GlobalSign,Intermediate Certificate,Trusted,2019-06-19,2028-01-28,C84E1378B974A991ACDCDD733421E3061E6FA21A0491C8902BAFDE3855E0063E,EBD41040E4BB3EC742C9E381D31EF2A41A48B6685C96E7CEF3C1DF6CD4331C99
A005825,GlobalSign,Intermediate Certificate,Trusted,2018-09-19,2028-01-28,445EEC78BC61215044A0379656AA2D5DB5E42F76CB70B8D14C2077AA943D4EBB,EBD41040E4BB3EC742C9E381D31EF2A41A48B6685C96E7CEF3C1DF6CD4331C99
A012269,GlobalSign Atlas E46 DV TLS CA 2025 Q3,Intermediate Certificate,Trusted,2025-04-16,2027-06-30,DD400AD8AE3545BE8D7C74A27F77AAC2C5CD74C366C4DEA1EA1DB36778381989,CBB9C44D84B8043E1050EA31A69F514955D7BFD2E2C6B49301019AD61D9F5058
A012557,GlobalSign Atlas E46 DV TLS CA 2025 Q4,Intermediate Certificate,Trusted,2025-07-16,2027-07-16,FEDE979C0D16F9FF1C5A824DEDB0AF24E1AF8ECF20227489026B32108CC9C6F3,CBB9C44D84B8043E1050EA31A69F514955D7BFD2E2C6B49301019AD61D9F5058
A012802,GlobalSign Atlas E46 DV TLS CA 2026 Q1,Intermediate Certificate,Trusted,2025-10-15,2027-10-15,035250381A210A3142AB058B5FB4732F8B0EC52B2758A60304FC43A14B57F784,CBB9C44D84B8043E1050EA31A69F514955D7BFD2E2C6B49301019AD61D9F5058
A012914,GlobalSign Atlas E46 DV TLS CA 2026 Q2,Intermediate Certificate,Trusted,2026-01-21,2028-01-21,1F361F27E8CB224ED70498730AE8C8553854EC33EF04F3CA23AE8801F57AB5BB,CBB9C44D84B8043E1050EA31A69F514955D7BFD2E2C6B49301019AD61D9F5058
A013129,GlobalSign Atlas E46 DV TLS CA 2026 Q3,Intermediate Certificate,Trusted,2026-04-22,2028-04-22,761102F1D7AEB9EE364B3EA0464E553B4BAACB74963D46501905D50C0F91B95C,CBB9C44D84B8043E1050EA31A69F514955D7BFD2E2C6B49301019AD61D9F5058
A013311,GlobalSign Atlas E46 DV TLS CA 2026 Q4,Intermediate Certificate,Trusted,2026-07-22,2028-07-21,D709B1E35A1B4D4724C01B3FB88860DFDFCB66AEF1DE05F9A349F4DC358FCEDE,CBB9C44D84B8043E1050EA31A69F514955D7BFD2E2C6B49301019AD61D9F5058
A007264,GlobalSign Atlas E46 EV TLS CA 2020,Intermediate Certificate,Trusted,2020-07-28,2030-07-28,364DF25CC88F6FB0202C02CD9B8EA02DFE8AC02341EFF5A9DFFC5BE159ED5991,CBB9C44D84B8043E1050EA31A69F514955D7BFD2E2C6B49301019AD61D9F5058
A011883,GlobalSign Atlas E46 EV TLS CA 2025 Q1,Intermediate Certificate,Trusted,2024-10-16,2026-10-16,AF52155ACBFAF107DC75E4EF1BDCC0FC141FCCA3DF9CE1875FD224960B7563CC,CBB9C44D84B8043E1050EA31A69F514955D7BFD2E2C6B49301019AD61D9F5058
A012089,GlobalSign Atlas E46 EV TLS CA 2025 Q2,Intermediate Certificate,Trusted,2025-01-22,2027-01-22,1E319D113EA6896D37781CCD63C77C019BB6BD585EEFB995BDFDB0111AFC5775,CBB9C44D84B8043E1050EA31A69F514955D7BFD2E2C6B49301019AD61D9F5058
A012270,GlobalSign Atlas E46 EV TLS CA 2025 Q3,Intermediate Certificate,Trusted,2025-04-16,2027-04-16,0ED6D98FB0E497E43895FD5F8BFE3A36FEF4471275FC83DFE2550ABEF90D88A8,CBB9C44D84B8043E1050EA31A69F514955D7BFD2E2C6B49301019AD61D9F5058
A012559,GlobalSign Atlas E46 EV TLS CA 2025 Q4,Intermediate Certificate,Trusted,2025-07-16,2027-07-16,AB52DD2FBD0AD9C42E8F763996C0A9423995250434BECAED131F947E77D75684,CBB9C44D84B8043E1050EA31A69F514955D7BFD2E2C6B49301019AD61D9F5058
A012803,GlobalSign Atlas E46 EV TLS CA 2026 Q1,Intermediate Certificate,Trusted,2025-10-15,2027-10-15,4AAAD9A0D4B1E2BA8D5C571ECCBF5327664FF22EC131DEBBD1D8767F968F6AFB,CBB9C44D84B8043E1050EA31A69F514955D7BFD2E2C6B49301019AD61D9F5058
A012915,GlobalSign Atlas E46 EV TLS CA 2026 Q2,Intermediate Certificate,Trusted,2026-01-21,2028-01-21,9EF94964B445161A7E69380CBCA0001ACA466818E5019AC8F7F75A9ADA910FF3,CBB9C44D84B8043E1050EA31A69F514955D7BFD2E2C6B49301019AD61D9F5058
A013130,GlobalSign Atlas E46 EV TLS CA 2026 Q3,Intermediate Certificate,Trusted,2026-04-22,2028-04-22,8A793687C20B7076E15D8E77AC73DEDFCC355D31FF1D023F5518B8DD503BEF7E,CBB9C44D84B8043E1050EA31A69F514955D7BFD2E2C6B49301019AD61D9F5058
A013312,GlobalSign Atlas E46 EV TLS CA 2026 Q4,Intermediate Certificate,Trusted,2026-07-22,2028-07-21,83CF7FA823D8A074FE0C5FCAC27C095A234FAAB5F2EBB1E65E898D70F7EB14F5,CBB9C44D84B8043E1050EA31A69F514955D7BFD2E2C6B49301019AD61D9F5058
A012271,GlobalSign Atlas E46 OV TLS CA 2025 Q3,Intermediate Certificate,Trusted,2025-04-16,2027-06-30,47A06D81BAF24C59E2EE4373EDFA00ECDBA9373095001FA74377C9978CB8EB15,CBB9C44D84B8043E1050EA31A69F514955D7BFD2E2C6B49301019AD61D9F5058
A012558,GlobalSign Atlas E46 OV TLS CA 2025 Q4,Intermediate Certificate,Trusted,2025-07-16,2027-07-16,EB6F211BE3FA9891BF41D68A1F6DE5BA92B53889A0149397E9C2229795A8E0F4,CBB9C44D84B8043E1050EA31A69F514955D7BFD2E2C6B49301019AD61D9F5058
A012804,GlobalSign Atlas E46 OV TLS CA 2026 Q1,Intermediate Certificate,Trusted,2025-10-15,2027-10-15,1207B166DA6171A51AEE0E68E4612E747BE7049E85239C8E79003C5FAA95D9A9,CBB9C44D84B8043E1050EA31A69F514955D7BFD2E2C6B49301019AD61D9F5058
A012916,GlobalSign Atlas E46 OV TLS CA 2026 Q2,Intermediate Certificate,Trusted,2026-01-21,2028-01-21,76E7856C3CFB8F37BBE651B42A05CC144ABA59017616E2819D196D7C7E2F83F5,CBB9C44D84B8043E1050EA31A69F514955D7BFD2E2C6B49301019AD61D9F5058
A013131,GlobalSign Atlas E46 OV TLS CA 2026 Q3,Intermediate Certificate,Trusted,2026-04-22,2028-04-22,DDE0B4EAFE7F47C783D7178A420268879A352969057CE8D39DB017CA6AA99B07,CBB9C44D84B8043E1050EA31A69F514955D7BFD2E2C6B49301019AD61D9F5058
A013313,GlobalSign Atlas E46 OV TLS CA 2026 Q4,Intermediate Certificate,Trusted,2026-07-22,2028-07-21,E003E3E66F590A02BC89714C821D03C89E3EA2CBCB39BCC22B0048947CB4E35D,CBB9C44D84B8043E1050EA31A69F514955D7BFD2E2C6B49301019AD61D9F5058
A011877,GlobalSign Atlas ECCR5 DV ACME CA 2025 Q1,Intermediate Certificate,Trusted,2024-10-16,2026-10-16,D6A2012D797591CDE8C7EA0DD06A3803062C66159F52071EF087F06F9CB394FE,179FBC148A3DD00FD24EA13458CC43BFA7F59C8182D783A513F6EBEC100C8924
A012083,GlobalSign Atlas ECCR5 DV ACME CA 2025 Q2,Intermediate Certificate,Trusted,2025-01-22,2027-01-22,F4EDDB1F34C43E83EB01A9E5330218B8E5C16B08B3DCAA884A796E4F4669C079,179FBC148A3DD00FD24EA13458CC43BFA7F59C8182D783A513F6EBEC100C8924
A011879,GlobalSign Atlas ECCR5 DV TLS CA 2025 Q1,Intermediate Certificate,Trusted,2024-10-16,2026-10-16,F0E7B17ECABA37C6029E2ACC032DFCDF2A9A75B19EFA8C220110C37F719F327D,179FBC148A3DD00FD24EA13458CC43BFA7F59C8182D783A513F6EBEC100C8924
A012085,GlobalSign Atlas ECCR5 DV TLS CA 2025 Q2,Intermediate Certificate,Trusted,2025-01-22,2027-01-22,ADFCE41D4E699C1DD778CB5A0F5B41AB8A80016D19584DC94C23AFAF2D6E3866,179FBC148A3DD00FD24EA13458CC43BFA7F59C8182D783A513F6EBEC100C8924
A012262,GlobalSign Atlas ECCR5 DV TLS CA 2025 Q3,Intermediate Certificate,Trusted,2025-04-16,2027-04-16,988B137CDCD3832F98FBDA08D471C71B442FE92502B66B837700D8C4F07CBF34,179FBC148A3DD00FD24EA13458CC43BFA7F59C8182D783A513F6EBEC100C8924
A012554,GlobalSign Atlas ECCR5 DV TLS CA 2025 Q4,Intermediate Certificate,Trusted,2025-07-16,2027-07-16,94EBE958A2443AB50F8E18C59BF7ED64E671E8D1FD6D96C1BCEBF664739E9AF7,179FBC148A3DD00FD24EA13458CC43BFA7F59C8182D783A513F6EBEC100C8924
A013316,GlobalSign Atlas ECCR5 DV TLS CA 2026 LT,Intermediate Certificate,Trusted,2026-07-22,2029-07-21,CD211284C36CA8AD0BB567E6F4EF601F39D4AE90DC25F1C66084C18D3CC2C4F3,179FBC148A3DD00FD24EA13458CC43BFA7F59C8182D783A513F6EBEC100C8924
A012793,GlobalSign Atlas ECCR5 DV TLS CA 2026 Q1,Intermediate Certificate,Trusted,2025-10-15,2027-10-15,DE517C8516F8445DC4F42F702F0B0FA6E68BF3A50AF05898D01F71CCB0CEE7C3,179FBC148A3DD00FD24EA13458CC43BFA7F59C8182D783A513F6EBEC100C8924
A012911,GlobalSign Atlas ECCR5 DV TLS CA 2026 Q2,Intermediate Certificate,Trusted,2026-01-21,2028-01-21,27F076EE106366865F56B43042F735D96B2C5E83C68F9367917639CADFEDCD16,179FBC148A3DD00FD24EA13458CC43BFA7F59C8182D783A513F6EBEC100C8924
A013122,GlobalSign Atlas ECCR5 DV TLS CA 2026 Q3,Intermediate Certificate,Trusted,2026-04-22,2028-04-22,52B73E57665B6586A6515610580DE1ECB1E4C75067FB2B4BE9B5515D606C67F6,179FBC148A3DD00FD24EA13458CC43BFA7F59C8182D783A513F6EBEC100C8924
A011878,GlobalSign Atlas ECCR5 OV ACME CA 2025 Q1,Intermediate Certificate,Trusted,2024-10-16,2026-10-16,7F04D649A44A9ACB2491A9DB01B73C21E7275899311C4501FF3CD7349E09ECC5,179FBC148A3DD00FD24EA13458CC43BFA7F59C8182D783A513F6EBEC100C8924
A012084,GlobalSign Atlas ECCR5 OV ACME CA 2025 Q2,Intermediate Certificate,Trusted,2025-01-22,2027-01-22,CA2F2C4C625B8DF65ABD6F4694B822C81527209A42A5CD7BE48696CCE574C9D5,179FBC148A3DD00FD24EA13458CC43BFA7F59C8182D783A513F6EBEC100C8924
A011880,GlobalSign Atlas ECCR5 OV TLS CA 2025 Q1,Intermediate Certificate,Trusted,2024-10-16,2026-10-16,E69C42BD4F99934B035730B1D3606132AB5C1D81FE7DD07D6D7DD05DC385DDD7,179FBC148A3DD00FD24EA13458CC43BFA7F59C8182D783A513F6EBEC100C8924
A012086,GlobalSign Atlas ECCR5 OV TLS CA 2025 Q2,Intermediate Certificate,Trusted,2025-01-22,2027-01-22,018F50FAC1770E1D74E30F57107D12CA42A0F1748E39538FAE51C9A0D84EAA9C,179FBC148A3DD00FD24EA13458CC43BFA7F59C8182D783A513F6EBEC100C8924
A012263,GlobalSign Atlas ECCR5 OV TLS CA 2025 Q3,Intermediate Certificate,Trusted,2025-04-16,2027-04-16,348E0923AF1DFA6A2F33A559FAEB8E139902A39042CE9AB8E5FA4E48A0EB85EB,179FBC148A3DD00FD24EA13458CC43BFA7F59C8182D783A513F6EBEC100C8924
A012555,GlobalSign Atlas ECCR5 OV TLS CA 2025 Q4,Intermediate Certificate,Trusted,2025-07-16,2027-07-16,1FA2387E823CAD23020CC62785C8F94F15D248EF8CA23E42D43849A08F783A00,179FBC148A3DD00FD24EA13458CC43BFA7F59C8182D783A513F6EBEC100C8924
A013317,GlobalSign Atlas ECCR5 OV TLS CA 2026 LT,Intermediate Certificate,Trusted,2026-07-22,2029-07-21,4165716A67236A64B18B265CAF241E198AFB00C9CD0E29CE618F46871820BB15,179FBC148A3DD00FD24EA13458CC43BFA7F59C8182D783A513F6EBEC100C8924
A012794,GlobalSign Atlas ECCR5 OV TLS CA 2026 Q1,Intermediate Certificate,Trusted,2025-10-15,2027-10-15,203C7A4B46C0264D1CCF40C1603A3982EA4E9ADA09D6EC82CB846393963F1A8B,179FBC148A3DD00FD24EA13458CC43BFA7F59C8182D783A513F6EBEC100C8924
A012912,GlobalSign Atlas ECCR5 OV TLS CA 2026 Q2,Intermediate Certificate,Trusted,2026-01-21,2028-01-21,820A9CA544A0EE39BE67FE6C97E17A0C4FF50F07FF545D41B9C72985C259D7BE,179FBC148A3DD00FD24EA13458CC43BFA7F59C8182D783A513F6EBEC100C8924
A013123,GlobalSign Atlas ECCR5 OV TLS CA 2026 Q3,Intermediate Certificate,Trusted,2026-04-22,2028-04-22,F5C12D6A1783DAAC354BE9CAFD01FEC868E4621B6EF88789B668B736C748354D,179FBC148A3DD00FD24EA13458CC43BFA7F59C8182D783A513F6EBEC100C8924
A011876,GlobalSign Atlas R3 AlphaSSL CA 2025 Q1,Intermediate Certificate,Trusted,2024-10-16,2026-10-16,B80E6635E3DA3142A9DE65DFF8C31DEADF0136BDB609AB526CB3D3B37ABCDC22,CBB522D7B7F127AD6A0113865BDF1CD4102E7D0759AF635A7CF4720DC963C53B
A012082,GlobalSign Atlas R3 AlphaSSL CA 2025 Q2,Intermediate Certificate,Trusted,2025-01-22,2027-01-22,00390AE5DAEB1A08755906AA4E5C455FF7DBC6EB1677C23905B6A063D3BE6B65,CBB522D7B7F127AD6A0113865BDF1CD4102E7D0759AF635A7CF4720DC963C53B
A012259,GlobalSign Atlas R3 AlphaSSL CA 2025 Q3,Intermediate Certificate,Trusted,2025-04-16,2027-04-16,DADEA3CF2CF2539C63672168FAE3C728023E0E5CB0E105DC52456FEB79424344,CBB522D7B7F127AD6A0113865BDF1CD4102E7D0759AF635A7CF4720DC963C53B
A012546,GlobalSign Atlas R3 AlphaSSL CA 2025 Q4,Intermediate Certificate,Trusted,2025-07-16,2027-07-16,3155F05DB3BA8A8E259733CEB15B852A956C1B40F2B94F21D99E82B9B5A60214,CBB522D7B7F127AD6A0113865BDF1CD4102E7D0759AF635A7CF4720DC963C53B
A012790,GlobalSign Atlas R3 AlphaSSL CA 2026 Q1,Intermediate Certificate,Trusted,2025-10-15,2027-10-15,5771BD8366FC677C8E2BF3648E885538A14F358321DD492D6AD186501D138BE3,CBB522D7B7F127AD6A0113865BDF1CD4102E7D0759AF635A7CF4720DC963C53B
A012904,GlobalSign Atlas R3 AlphaSSL CA 2026 Q2,Intermediate Certificate,Trusted,2026-01-21,2028-01-21,BF8662E4FAB218C8249CBC7EA23588495EFBAB5D2857CBE1840734794546D280,CBB522D7B7F127AD6A0113865BDF1CD4102E7D0759AF635A7CF4720DC963C53B
A013119,GlobalSign Atlas R3 AlphaSSL CA 2026 Q3,Intermediate Certificate,Trusted,2026-04-22,2028-04-22,D057CB232F081DCB0C6A66A023E40600CF4CE7DF1E8CF612E5CB1280337C403B,CBB522D7B7F127AD6A0113865BDF1CD4102E7D0759AF635A7CF4720DC963C53B
A011872,GlobalSign Atlas R3 DV ACME CA 2025 Q1,Intermediate Certificate,Trusted,2024-10-16,2026-10-16,0020D198028D12C73A2872376E24FBD73A39E39BF09338AC3B6495DD785DF678,CBB522D7B7F127AD6A0113865BDF1CD4102E7D0759AF635A7CF4720DC963C53B
A012078,GlobalSign Atlas R3 DV ACME CA 2025 Q2,Intermediate Certificate,Trusted,2025-01-22,2027-01-22,4888596B61E698B180535EDDE9CC12FBEC87F4CDDD9074FB68A3FCF1C3F11150,CBB522D7B7F127AD6A0113865BDF1CD4102E7D0759AF635A7CF4720DC963C53B
A007255,GlobalSign Atlas R3 DV TLS CA 2020,Intermediate Certificate,Trusted,2020-07-28,2029-03-18,B65FE6A1BF2D52FF68B7D3E9D0F06B300A1C3F248309B70405CA7BDEC054BDDD,CBB522D7B7F127AD6A0113865BDF1CD4102E7D0759AF635A7CF4720DC963C53B
A011874,GlobalSign Atlas R3 DV TLS CA 2025 Q1,Intermediate Certificate,Trusted,2024-10-16,2026-10-16,0BB2A52840F1DE1040118276872A63F0986E42B15D3A1D7779F1F7757C992ADC,CBB522D7B7F127AD6A0113865BDF1CD4102E7D0759AF635A7CF4720DC963C53B
A012080,GlobalSign Atlas R3 DV TLS CA 2025 Q2,Intermediate Certificate,Trusted,2025-01-22,2027-01-22,45D045616EE8DB33AF7E508D471EC9EAA91239B49F0A0614D8E69EF0B716C168,CBB522D7B7F127AD6A0113865BDF1CD4102E7D0759AF635A7CF4720DC963C53B
A012260,GlobalSign Atlas R3 DV TLS CA 2025 Q3,Intermediate Certificate,Trusted,2025-04-16,2027-04-16,5539F8C9010518345FC21A85F25B39DD6AD8D591C7971CBB900C2CB7081BBF90,CBB522D7B7F127AD6A0113865BDF1CD4102E7D0759AF635A7CF4720DC963C53B
A012544,GlobalSign Atlas R3 DV TLS CA 2025 Q4,Intermediate Certificate,Trusted,2025-07-16,2027-07-16,F5165FC624453361E3A131C6AD90893A8DE40158921A94E8A4B445398EEDF6E0,CBB522D7B7F127AD6A0113865BDF1CD4102E7D0759AF635A7CF4720DC963C53B
A013314,GlobalSign Atlas R3 DV TLS CA 2026 LT,Intermediate Certificate,Trusted,2026-07-22,2029-03-18,34B10603A7012026D3B335D2DF33DC18124946E1151C5972B26DC4F687CA4494,CBB522D7B7F127AD6A0113865BDF1CD4102E7D0759AF635A7CF4720DC963C53B
A012791,GlobalSign Atlas R3 DV TLS CA 2026 Q1,Intermediate Certificate,Trusted,2025-10-15,2027-10-15,1A6E1E3107328747396C74B70193D5C4EF72F75A1BE5706A5289929BFDB163F2,CBB522D7B7F127AD6A0113865BDF1CD4102E7D0759AF635A7CF4720DC963C53B
A012905,GlobalSign Atlas R3 DV TLS CA 2026 Q2,Intermediate Certificate,Trusted,2026-01-21,2028-01-21,516AA665DBD48988E3F0CD9A670F89173E829ADFE38F607A0513C6683C2B9B95,CBB522D7B7F127AD6A0113865BDF1CD4102E7D0759AF635A7CF4720DC963C53B
A013120,GlobalSign Atlas R3 DV TLS CA 2026 Q3,Intermediate Certificate,Trusted,2026-04-22,2028-04-22,5D7B98CAFE69BDAF4DC6B57DA091F6A6F8F9B7C249A2BBA1318409EB347F4E6B,CBB522D7B7F127AD6A0113865BDF1CD4102E7D0759AF635A7CF4720DC963C53B
A011873,GlobalSign Atlas R3 OV ACME CA 2025 Q1,Intermediate Certificate,Trusted,2024-10-16,2026-10-16,2D9B789B586812891683F70CE7008EDB76F5F0273F2BE60D57EB6B055EAAF6D6,CBB522D7B7F127AD6A0113865BDF1CD4102E7D0759AF635A7CF4720DC963C53B
A012079,GlobalSign Atlas R3 OV ACME CA 2025 Q2,Intermediate Certificate,Trusted,2025-01-22,2027-01-22,7D9C0BAF36C0ACFA2D146DC2B35AC8F7EF37DCD0EA29EE00168C00377C640807,CBB522D7B7F127AD6A0113865BDF1CD4102E7D0759AF635A7CF4720DC963C53B
A011875,GlobalSign Atlas R3 OV TLS CA 2025 Q1,Intermediate Certificate,Trusted,2024-10-16,2026-10-16,39821703A653DA1C851372CFD78A77DC095894865C036E9BA3E1164C7654D52C,CBB522D7B7F127AD6A0113865BDF1CD4102E7D0759AF635A7CF4720DC963C53B
A012081,GlobalSign Atlas R3 OV TLS CA 2025 Q2,Intermediate Certificate,Trusted,2025-01-22,2027-01-22,0268A9930EFB3A8BB5CF614CDB3F1CD4605578A78F1BCA0C19680F8020F6A5DD,CBB522D7B7F127AD6A0113865BDF1CD4102E7D0759AF635A7CF4720DC963C53B
A012261,GlobalSign Atlas R3 OV TLS CA 2025 Q3,Intermediate Certificate,Trusted,2025-04-16,2027-04-16,6F9D6055094EFCFCD4E13B953E335334F04445AE4C11B97FF6BBE450D92BB3F3,CBB522D7B7F127AD6A0113865BDF1CD4102E7D0759AF635A7CF4720DC963C53B
A012545,GlobalSign Atlas R3 OV TLS CA 2025 Q4,Intermediate Certificate,Trusted,2025-07-16,2027-07-16,D1B2BAE3FF6E1307E8DFD281EEF5BAFC13AA7B6296C88D878CE42194BCBF3A6D,CBB522D7B7F127AD6A0113865BDF1CD4102E7D0759AF635A7CF4720DC963C53B
A013315,GlobalSign Atlas R3 OV TLS CA 2026 LT,Intermediate Certificate,Trusted,2026-07-22,2029-03-18,2C1B536883E3EA5845C3886F0D534731CC5E9967AFE611F6170049FC41E52DC1,CBB522D7B7F127AD6A0113865BDF1CD4102E7D0759AF635A7CF4720DC963C53B
A012792,GlobalSign Atlas R3 OV TLS CA 2026 Q1,Intermediate Certificate,Trusted,2025-10-15,2027-10-15,7233BB61704F3856AE8E2BBB0A86EED848C6136D78CD319CD6CB5EE4233E19BE,CBB522D7B7F127AD6A0113865BDF1CD4102E7D0759AF635A7CF4720DC963C53B
A012906,GlobalSign Atlas R3 OV TLS CA 2026 Q2,Intermediate Certificate,Trusted,2026-01-21,2028-01-21,8BC47366C0E82A249EE1A8769813B7BFD6718D253DD69A6C4B4BE7693362F1E9,CBB522D7B7F127AD6A0113865BDF1CD4102E7D0759AF635A7CF4720DC963C53B
A013121,GlobalSign Atlas R3 OV TLS CA 2026 Q3,Intermediate Certificate,Trusted,2026-04-22,2028-04-22,E52BAA3918E461B4336F76789B8ABA23972ABCF62461C6A32F3320A38433187A,CBB522D7B7F127AD6A0113865BDF1CD4102E7D0759AF635A7CF4720DC963C53B
A007250,GlobalSign Atlas R3 SMIME CA 2020,Intermediate Certificate,Trusted,2020-07-28,2029-03-18,479D6A0980722966237F06C41842EE796B55D4D00A0D663B785D48433A29156E,CBB522D7B7F127AD6A0113865BDF1CD4102E7D0759AF635A7CF4720DC963C53B
A012652,GlobalSign Atlas R45 SMIME CA 2025,Intermediate Certificate,Trusted,2025-08-20,2032-08-20,E08A15A2C88B55D910E2083443FBEB4781ECBA179B797EF4B7C5D0EA5694EA19,319AF0A7729E6F89269C131EA6A3A16FCD86389FDCAB3C47A4A675C161A3F974
A012265,GlobalSign Atlas R46 AlphaSSL CA 2025 Q3,Intermediate Certificate,Trusted,2025-04-16,2027-06-30,95E75CC493CE26BA23E8EBA2D43E770BC548EFE6C6E77BF4DF1D77D7C23D3F8A,4FA3126D8D3A11D1C4855A4F807CBAD6CF919D3A5A88B03BEA2C6372D93C40C9
A012548,GlobalSign Atlas R46 AlphaSSL CA 2025 Q4,Intermediate Certificate,Trusted,2025-07-16,2027-07-16,FF567D21B6D92876A528B4EDCE0E85E0B9C89246ED263A131A2D63ECABF16554,4FA3126D8D3A11D1C4855A4F807CBAD6CF919D3A5A88B03BEA2C6372D93C40C9
A012797,GlobalSign Atlas R46 AlphaSSL CA 2026 Q1,Intermediate Certificate,Trusted,2025-10-15,2027-10-15,AAA8AF92BB52B61D68246BBFB31FCA5BB1AE96093E0168122EB3EA32233CEBF1,4FA3126D8D3A11D1C4855A4F807CBAD6CF919D3A5A88B03BEA2C6372D93C40C9
A012907,GlobalSign Atlas R46 AlphaSSL CA 2026 Q2,Intermediate Certificate,Trusted,2026-01-21,2028-01-21,BCE36E8F5B181F9177DB5C8C6A9D65AB3A8B0471B0630124CD819DCE2CC5A810,4FA3126D8D3A11D1C4855A4F807CBAD6CF919D3A5A88B03BEA2C6372D93C40C9
A013125,GlobalSign Atlas R46 AlphaSSL CA 2026 Q3,Intermediate Certificate,Trusted,2026-04-22,2028-04-22,33FC73C1C1CDAD21B9307D53BFBD2306FDA206357579D121868CB61AC4D7C86F,4FA3126D8D3A11D1C4855A4F807CBAD6CF919D3A5A88B03BEA2C6372D93C40C9
A012266,GlobalSign Atlas R46 DV TLS CA 2025 Q3,Intermediate Certificate,Trusted,2025-04-16,2027-06-30,2FF834799072A8FF999B1F934D031BDD0E69980FAF3B4384152EEC2378FB753E,4FA3126D8D3A11D1C4855A4F807CBAD6CF919D3A5A88B03BEA2C6372D93C40C9
A012549,GlobalSign Atlas R46 DV TLS CA 2025 Q4,Intermediate Certificate,Trusted,2025-07-16,2027-07-16,3093FABBB963D3F8729DDCA34972F73E560207A06D4A261C45456D3A8591E332,4FA3126D8D3A11D1C4855A4F807CBAD6CF919D3A5A88B03BEA2C6372D93C40C9
A012798,GlobalSign Atlas R46 DV TLS CA 2026 Q1,Intermediate Certificate,Trusted,2025-10-15,2027-10-15,2FE7CC388B51FDD62BD4130D4EEC62582B27550C504D18623D4CDAD9D67DF3D3,4FA3126D8D3A11D1C4855A4F807CBAD6CF919D3A5A88B03BEA2C6372D93C40C9
A012908,GlobalSign Atlas R46 DV TLS CA 2026 Q2,Intermediate Certificate,Trusted,2026-01-21,2028-01-21,C5A84EC914BBFA5A980ECAE7DE3D3E0958C094ABF20FC8DEEAABB1EABE6703D3,4FA3126D8D3A11D1C4855A4F807CBAD6CF919D3A5A88B03BEA2C6372D93C40C9
A013126,GlobalSign Atlas R46 DV TLS CA 2026 Q3,Intermediate Certificate,Trusted,2026-04-22,2028-04-22,99AEC92EEA8FB536F74DFBFB8244E4C8F5AC3B658F7A988619797A4D04AC1036,4FA3126D8D3A11D1C4855A4F807CBAD6CF919D3A5A88B03BEA2C6372D93C40C9
A013308,GlobalSign Atlas R46 DV TLS CA 2026 Q4,Intermediate Certificate,Trusted,2026-07-22,2028-07-21,AE6A9C50C942220C83920A316172ED64711E40AC5820F3861687C5C8A04D107E,4FA3126D8D3A11D1C4855A4F807CBAD6CF919D3A5A88B03BEA2C6372D93C40C9
A007265,GlobalSign Atlas R46 EV TLS CA 2020,Intermediate Certificate,Trusted,2020-07-28,2030-07-28,E1E15D289697AF3285BF34112A3E60BC11C0C8122DD2B9B3420AB2E5E57883CA,4FA3126D8D3A11D1C4855A4F807CBAD6CF919D3A5A88B03BEA2C6372D93C40C9
A011882,GlobalSign Atlas R46 EV TLS CA 2025 Q1,Intermediate Certificate,Trusted,2024-10-16,2026-10-16,248DA0E92BA626B6D8126263A03E09307B444F7770562C1941458BB4D9B16D52,4FA3126D8D3A11D1C4855A4F807CBAD6CF919D3A5A88B03BEA2C6372D93C40C9
A012088,GlobalSign Atlas R46 EV TLS CA 2025 Q2,Intermediate Certificate,Trusted,2025-01-22,2027-01-22,DF4826B20EAA8550A5203A0313C5E1E13B0A389EE584FFD94DDD089329EE0B96,4FA3126D8D3A11D1C4855A4F807CBAD6CF919D3A5A88B03BEA2C6372D93C40C9
A012267,GlobalSign Atlas R46 EV TLS CA 2025 Q3,Intermediate Certificate,Trusted,2025-04-16,2027-04-16,D5BECFA80B916BD98EC673ACC3EC15FA653E94239D43243EDB4A475EFD932517,4FA3126D8D3A11D1C4855A4F807CBAD6CF919D3A5A88B03BEA2C6372D93C40C9
A012552,GlobalSign Atlas R46 EV TLS CA 2025 Q4,Intermediate Certificate,Trusted,2025-07-16,2027-07-16,5AFB7604C3E83F4EC9B2C318353457526A94A4BD076B2AD6AE7BEB64E387C3D0,4FA3126D8D3A11D1C4855A4F807CBAD6CF919D3A5A88B03BEA2C6372D93C40C9
A012799,GlobalSign Atlas R46 EV TLS CA 2026 Q1,Intermediate Certificate,Trusted,2025-10-15,2027-10-15,C4048268C4A7E5F13457D335FDC072801923246E37F9A6B723BE67A13A5E90CD,4FA3126D8D3A11D1C4855A4F807CBAD6CF919D3A5A88B03BEA2C6372D93C40C9
A012909,GlobalSign Atlas R46 EV TLS CA 2026 Q2,Intermediate Certificate,Trusted,2026-01-21,2028-01-21,397D0205B51C4BC8E26FA10FB3B21141B95738A35AA6CD66F47CF7142DE08B23,4FA3126D8D3A11D1C4855A4F807CBAD6CF919D3A5A88B03BEA2C6372D93C40C9
A013127,GlobalSign Atlas R46 EV TLS CA 2026 Q3,Intermediate Certificate,Trusted,2026-04-22,2028-04-22,559E925DBA384609A265DADE646904A95CB547BF2BBEEF2A2DF0EEE7EAF7E35B,4FA3126D8D3A11D1C4855A4F807CBAD6CF919D3A5A88B03BEA2C6372D93C40C9
A013309,GlobalSign Atlas R46 EV TLS CA 2026 Q4,Intermediate Certificate,Trusted,2026-07-22,2028-07-21,492C4F5FD48258EA53FC520246E6D61000514282E5D489852857246B95A88125,4FA3126D8D3A11D1C4855A4F807CBAD6CF919D3A5A88B03BEA2C6372D93C40C9
A012268,GlobalSign Atlas R46 OV TLS CA 2025 Q3,Intermediate Certificate,Trusted,2025-04-16,2027-06-30,34998966ECD3590372583EE14C6DDAFD4A773E842F5224761C1F1113D84056A8,4FA3126D8D3A11D1C4855A4F807CBAD6CF919D3A5A88B03BEA2C6372D93C40C9
A012551,GlobalSign Atlas R46 OV TLS CA 2025 Q4,Intermediate Certificate,Trusted,2025-07-16,2027-07-16,3129A7F1680E439FC9DDCBC3539103FA17CB7236461A5310351DE442D05446BB,4FA3126D8D3A11D1C4855A4F807CBAD6CF919D3A5A88B03BEA2C6372D93C40C9
A012800,GlobalSign Atlas R46 OV TLS CA 2026 Q1,Intermediate Certificate,Trusted,2025-10-15,2027-10-15,76B9CAA3BB48D101980541091F920BDC5CC5F1B7C909C29BF6C31C629E6C1C3A,4FA3126D8D3A11D1C4855A4F807CBAD6CF919D3A5A88B03BEA2C6372D93C40C9
A012910,GlobalSign Atlas R46 OV TLS CA 2026 Q2,Intermediate Certificate,Trusted,2026-01-21,2028-01-21,8A84356F9D4F28BE327B9FF2F0636BDFBE52660D013C4239EDBE7CCD7D79DF71,4FA3126D8D3A11D1C4855A4F807CBAD6CF919D3A5A88B03BEA2C6372D93C40C9
A013128,GlobalSign Atlas R46 OV TLS CA 2026 Q3,Intermediate Certificate,Trusted,2026-04-22,2028-04-22,374919F5BB4634D180E3A9FA4AB849B85912BF4169D4A4610EE5F9DC1C18D960,4FA3126D8D3A11D1C4855A4F807CBAD6CF919D3A5A88B03BEA2C6372D93C40C9
A013310,GlobalSign Atlas R46 OV TLS CA 2026 Q4,Intermediate Certificate,Trusted,2026-07-22,2028-07-21,2F62671994E4E3ABBAA0DCB27DE82582EEE953FF29EE75002EB2B8D34551A53A,4FA3126D8D3A11D1C4855A4F807CBAD6CF919D3A5A88B03BEA2C6372D93C40C9
A007262,GlobalSign Atlas R6 EV TLS CA 2020,Intermediate Certificate,Trusted,2020-07-28,2030-07-28,BCE7091355D2417A37F8CFE2AC8F17C2748888BA0EEA90000FC980ECFC2D041F,2CABEAFE37D06CA22ABA7391C0033D25982952C453647349763A3AB5AD6CCF69
A011881,GlobalSign Atlas R6 EV TLS CA 2025 Q1,Intermediate Certificate,Trusted,2024-10-16,2026-10-16,A57DFD8D12E0334FDC85D2D62066B410FBE49FA241A4CC0B16087E732351B349,2CABEAFE37D06CA22ABA7391C0033D25982952C453647349763A3AB5AD6CCF69
A012087,GlobalSign Atlas R6 EV TLS CA 2025 Q2,Intermediate Certificate,Trusted,2025-01-22,2027-01-22,A1CA27EDDB7B7CB597BF3D82612063474000BB9108C67B3D5F9B7C55C5D6002C,2CABEAFE37D06CA22ABA7391C0033D25982952C453647349763A3AB5AD6CCF69
A012264,GlobalSign Atlas R6 EV TLS CA 2025 Q3,Intermediate Certificate,Trusted,2025-04-16,2027-04-16,D0901497DB8C9FA8D9B84431A8A5B2D3F00E237EA1FE767C3F4F66A8B14302F1,2CABEAFE37D06CA22ABA7391C0033D25982952C453647349763A3AB5AD6CCF69
A012556,GlobalSign Atlas R6 EV TLS CA 2025 Q4,Intermediate Certificate,Trusted,2025-07-16,2027-07-16,4E6B95E7142558AEC2CEAFCC0593321498C899107366F0A89A916FA55BDA8C2E,2CABEAFE37D06CA22ABA7391C0033D25982952C453647349763A3AB5AD6CCF69
A013318,GlobalSign Atlas R6 EV TLS CA 2026 LT,Intermediate Certificate,Trusted,2026-07-22,2029-07-21,1D4B2C5BDB9EF2A743B73D7F455598DC91CF7E12BBC90FB6B49144546E4BEBF8,2CABEAFE37D06CA22ABA7391C0033D25982952C453647349763A3AB5AD6CCF69
A012795,GlobalSign Atlas R6 EV TLS CA 2026 Q1,Intermediate Certificate,Trusted,2025-10-15,2027-10-15,4BBD0ADC43CF8B3EE5F3DA75A1C2373283A30B08D66C22786CE137110B71FFBB,2CABEAFE37D06CA22ABA7391C0033D25982952C453647349763A3AB5AD6CCF69
A012913,GlobalSign Atlas R6 EV TLS CA 2026 Q2,Intermediate Certificate,Trusted,2026-01-21,2028-01-21,7E848DE198F87E3E34AC956F97AF133A0A442776B481A2978F0514FBEBADA511,2CABEAFE37D06CA22ABA7391C0033D25982952C453647349763A3AB5AD6CCF69
A013124,GlobalSign Atlas R6 EV TLS CA 2026 Q3,Intermediate Certificate,Trusted,2026-04-22,2028-04-22,17EA86A6E2FF7BEBEC55411556E9BBBAF9CB76C1CAFC5B89A5831C10743F9B27,2CABEAFE37D06CA22ABA7391C0033D25982952C453647349763A3AB5AD6CCF69
A010916,GlobalSign Atlas R6 SMIME CA 2023,Intermediate Certificate,Trusted,2023-04-19,2032-04-19,4A50CA65DB216AD62D260C5EC1D9CAE225E7BF961329817E0E93B97DEC3D277C,2CABEAFE37D06CA22ABA7391C0033D25982952C453647349763A3AB5AD6CCF69
A000520,GlobalSign CA for AATL - SHA256 - G2,Intermediate Certificate,Trusted,2014-02-20,2029-03-18,AA89C466E9D06882C0DAAF72BE0F0FBCFE7C1EF2AAAD190640C4AD44F5517F34,CBB522D7B7F127AD6A0113865BDF1CD4102E7D0759AF635A7CF4720DC963C53B
A005601,GlobalSign CA for AATL - SHA384 - G4,Intermediate Certificate,Trusted,2018-04-18,2034-12-10,AC0AB963BB5F3DA05FBC8687F98C2B6EA0BB499E6118C1A9136B1BC7C3C71A6B,2CABEAFE37D06CA22ABA7391C0033D25982952C453647349763A3AB5AD6CCF69
A011050,GlobalSign Corporate IT Atlas R45 SMIME CA 2021,Intermediate Certificate,Trusted,2023-06-28,2027-01-20,1E95983E605565A3647135FFF16E28070E037CDB8AF714D06C9CFBD0BB285D35,319AF0A7729E6F89269C131EA6A3A16FCD86389FDCAB3C47A4A675C161A3F974
A007534,GlobalSign Corporate IT Atlas R45 SMIME CA 2021,Intermediate Certificate,Trusted,2020-01-20,2027-01-20,7C4E78C74B4818D17EF8B8AB91E32DB4F7E3CE84A0C5E47AAA62AE39FAB60D01,319AF0A7729E6F89269C131EA6A3A16FCD86389FDCAB3C47A4A675C161A3F974
A011613,GlobalSign Corporate IT Atlas R45 SMIME CA 2024,Intermediate Certificate,Trusted,2024-05-15,2031-05-15,B8829605DD58C892A1D223FCF70D3F8534576E6AC617FA130876AD8B061AB3C1,319AF0A7729E6F89269C131EA6A3A16FCD86389FDCAB3C47A4A675C161A3F974
A004435,GlobalSign ECC CloudSSL CA - SHA384 - G3,Intermediate Certificate,Trusted,2017-06-21,2027-06-21,B0CD6AE7B9E20EC5F830FEE01F666D5D90E6E229D06BC46A30ACCEDFEC889648,CBB522D7B7F127AD6A0113865BDF1CD4102E7D0759AF635A7CF4720DC963C53B
A005962,GlobalSign ECC EV SSL CA 2018,Intermediate Certificate,Trusted,2018-11-21,2028-11-21,8F19FFE02FC795ED70765D1436ADDF772FE0F0773DA436EDBDB42A2E30E2E828,179FBC148A3DD00FD24EA13458CC43BFA7F59C8182D783A513F6EBEC100C8924
A005961,GlobalSign ECC OV SSL CA 2018,Intermediate Certificate,Trusted,2018-11-21,2028-11-21,87C71553445EB3C33C3E0710711B99E9C7773F04D91AC38A9F4C082EE24101EA,CBB522D7B7F127AD6A0113865BDF1CD4102E7D0759AF635A7CF4720DC963C53B
A003617,GlobalSign Extended Validation CA - SHA256 - G3,Intermediate Certificate,Trusted,2016-09-21,2026-09-21,AED5DD9A5339685DFB029F6D89A14335A96512C3CACC52B2994AF8B6B37FA4D2,CBB522D7B7F127AD6A0113865BDF1CD4102E7D0759AF635A7CF4720DC963C53B
A012718,GlobalSign GCC E46 DV TLS CA 2025,Intermediate Certificate,Trusted,2025-09-17,2029-06-23,216D556D2F305606357A52F311CB825ABBB7227571B3522DF0F823600007D2ED,CBB9C44D84B8043E1050EA31A69F514955D7BFD2E2C6B49301019AD61D9F5058
A012720,GlobalSign GCC E46 EV TLS CA 2025,Intermediate Certificate,Trusted,2025-09-17,2029-06-23,D077F277688DD5141029DD84D02F51966E1F337B5CFED88C5BBD61929EB3B748,CBB9C44D84B8043E1050EA31A69F514955D7BFD2E2C6B49301019AD61D9F5058
A012719,GlobalSign GCC E46 OV TLS CA 2025,Intermediate Certificate,Trusted,2025-09-17,2029-06-23,66F815D7925CBB2537BFEAA24A0041F7DDEF90E5D4717B16C21CCC0447A5B6FB,CBB9C44D84B8043E1050EA31A69F514955D7BFD2E2C6B49301019AD61D9F5058
A007254,GlobalSign GCC R3 DV TLS CA 2020,Intermediate Certificate,Trusted,2020-07-28,2029-03-18,762538439509C411C437D3C567563E1378671281FC4A1464ADD031870843676E,CBB522D7B7F127AD6A0113865BDF1CD4102E7D0759AF635A7CF4720DC963C53B
A007256,GlobalSign GCC R3 EV QWAC CA 2020,Intermediate Certificate,Trusted,2020-07-28,2029-03-18,D4A5941C7141ED1949A0C6CE9DD45A0AB94DC337902EB0A1209852738EEBE854,CBB522D7B7F127AD6A0113865BDF1CD4102E7D0759AF635A7CF4720DC963C53B
A012542,GlobalSign GCC R3 EV TLS CA 2025,Intermediate Certificate,Trusted,2025-07-16,2027-07-16,1B2928021A4B89CF0F572A2436E914E25412AD58EDEE221E6C7C3C5437179A26,CBB522D7B7F127AD6A0113865BDF1CD4102E7D0759AF635A7CF4720DC963C53B
A011841,GlobalSign GCC R3 OV TLS CA 2024,Intermediate Certificate,Trusted,2024-09-18,2029-03-18,996BB81F161E1DAC9A3939AB7A42B4131D6DCFBE6E0DA4B5A6E19B5C8701842A,CBB522D7B7F127AD6A0113865BDF1CD4102E7D0759AF635A7CF4720DC963C53B
A007333,GlobalSign GCC R3 PersonalSign 1 CA 2020,Intermediate Certificate,Trusted,2020-09-16,2029-03-18,583C7FC250856B7F947FC7CC076FE216273CA1713D122C2E5D8F6038FD6E3562,CBB522D7B7F127AD6A0113865BDF1CD4102E7D0759AF635A7CF4720DC963C53B
A007332,GlobalSign GCC R3 PersonalSign 2 CA 2020,Intermediate Certificate,Trusted,2020-09-16,2028-09-16,F0DBB9E90E6643CCB23660147E5DE24760440089D96F4AD0D82F66C3E7DA5C20,CBB522D7B7F127AD6A0113865BDF1CD4102E7D0759AF635A7CF4720DC963C53B
A012157,GlobalSign GCC R45 SMIME CA 2025,Intermediate Certificate,Trusted,2025-02-19,2030-02-19,488F465D575607BC7CB7974CA7E6F4F5BCF76D9472719260DF902E73E0B87714,319AF0A7729E6F89269C131EA6A3A16FCD86389FDCAB3C47A4A675C161A3F974
A012714,GlobalSign GCC R46 AlphaSSL CA 2025,Intermediate Certificate,Trusted,2025-09-17,2029-06-23,D2AC9DCC7A255029A5F5180D63F1A9ED60E11412A85C148D4B71F6AE1A36695C,4FA3126D8D3A11D1C4855A4F807CBAD6CF919D3A5A88B03BEA2C6372D93C40C9
A012715,GlobalSign GCC R46 DV TLS CA 2025,Intermediate Certificate,Trusted,2025-09-17,2029-06-23,B59410F367B986E98E53A9789A6580553A74BE515211D9F6ECB6E8A11E83AEAA,4FA3126D8D3A11D1C4855A4F807CBAD6CF919D3A5A88B03BEA2C6372D93C40C9
A012210,GlobalSign GCC R46 EV QWAC CA 2025,Intermediate Certificate,Trusted,2025-03-19,2031-03-19,C12FE52A74D33B88439FEAFBDCE47EAEEB881A3CA42078FDF13C0FF4E39B8161,4FA3126D8D3A11D1C4855A4F807CBAD6CF919D3A5A88B03BEA2C6372D93C40C9
A012717,GlobalSign GCC R46 EV TLS CA 2025,Intermediate Certificate,Trusted,2025-09-17,2029-06-23,73CB0FD1FE764CE7605F77BCE71DFEC49E449ED2BB9CC76B6AE7F75691EA6161,4FA3126D8D3A11D1C4855A4F807CBAD6CF919D3A5A88B03BEA2C6372D93C40C9
A012716,GlobalSign GCC R46 OV TLS CA 2025,Intermediate Certificate,Trusted,2025-09-17,2029-06-23,D160E2DE4E56CB10B66C1CB0ADCB79CF93C78DCD9DB30C2018220262C04063F9,4FA3126D8D3A11D1C4855A4F807CBAD6CF919D3A5A88B03BEA2C6372D93C40C9
A012406,GlobalSign GCC R6 AlphaSSL CA 2025,Intermediate Certificate,Trusted,2025-05-21,2027-05-21,A883559231F8388DAF35CE41C8101040AE8FD9B656434247B9475AF592CC08CA,2CABEAFE37D06CA22ABA7391C0033D25982952C453647349763A3AB5AD6CCF69
A012653,GlobalSign GCC R6 OV TLS CA 2025,Intermediate Certificate,Trusted,2025-08-20,2026-09-30,8E785E7EDB8D8162F3169DB4129C85AB9E4F838A3A92E1914CBED612B2F945EE,2CABEAFE37D06CA22ABA7391C0033D25982952C453647349763A3AB5AD6CCF69
A012796,GlobalSign GCC R6 OV TLS CA 2025 V2,Intermediate Certificate,Trusted,2025-10-15,2027-10-15,96777B062F1A1CA0D6F5CDE31BB0012C303DEF52E4691D8D899F66560BCEA9B9,2CABEAFE37D06CA22ABA7391C0033D25982952C453647349763A3AB5AD6CCF69
A010917,GlobalSign GCC R6 SMIME CA 2023,Intermediate Certificate,Trusted,2023-04-19,2029-04-19,36D7314848ACCB3E4C5792D1B07120B1035BFB8B67E6600952D6745F5D6E22BD,2CABEAFE37D06CA22ABA7391C0033D25982952C453647349763A3AB5AD6CCF69
A011665,GlobalSign GCC R6 SMIME CA 2024,Intermediate Certificate,Trusted,2024-06-19,2034-12-10,12C3BABB3D477F7AF620BE1943570D1CF88362A485E7BE302C5ED58912E76E53,2CABEAFE37D06CA22ABA7391C0033D25982952C453647349763A3AB5AD6CCF69
A005499,GlobalSign Organization Validated CA - SHA256 - G4,Intermediate Certificate,Trusted,2018-02-13,2028-02-13,1E1741A12EB8DA2BD76EA96C04F520359839710F620E80952F48DD0240A12CD8,CBB522D7B7F127AD6A0113865BDF1CD4102E7D0759AF635A7CF4720DC963C53B
A005500,GlobalSign Organization Validated ECC CA - SHA256 - G4,Intermediate Certificate,Trusted,2018-02-13,2028-02-13,65EEC0CC6C970CC1CD73659115DC8D904E6F12E6DC8FD4DDA39D54CB30224780,CBB522D7B7F127AD6A0113865BDF1CD4102E7D0759AF635A7CF4720DC963C53B
A005747,GlobalSign Partners TSA CA for AATL,Intermediate Certificate,Trusted,2018-08-15,2034-12-10,7E8F914119BB1090D6204908E5AE1F40BE24C1491CD7D5CFB6A93618CBC00FD9,AC0AB963BB5F3DA05FBC8687F98C2B6EA0BB499E6118C1A9136B1BC7C3C71A6B
A005746,GlobalSign Partners Timestamping CA - SHA384 - G4,Intermediate Certificate,Trusted,2018-08-15,2034-12-10,2A015531A5F3A4CE589BD853C71DD069587322F574D85C9C9B9F9DF8F86C075E,2CABEAFE37D06CA22ABA7391C0033D25982952C453647349763A3AB5AD6CCF69
A005950,GlobalSign RSA OV SSL CA 2018,Intermediate Certificate,Trusted,2018-11-21,2028-11-21,B676FFA3179E8812093A1B5EAFEE876AE7A6AAF231078DAD1BFB21CD2893764A,CBB522D7B7F127AD6A0113865BDF1CD4102E7D0759AF635A7CF4720DC963C53B
A006685,GlobalSign Root E46,Intermediate Certificate,Trusted,2019-11-20,2038-01-19,0F1554C2FD591B0256A608E1C136A837E7A6E041561EE08A911B2AFDCD3C6C1B,179FBC148A3DD00FD24EA13458CC43BFA7F59C8182D783A513F6EBEC100C8924
A006683,GlobalSign Root E46,Intermediate Certificate,Trusted,2019-11-20,2029-03-18,1DF6054D6641404633641BB5FA3742FDA7D075E2514840AB61E00CCBBB7D341D,CBB522D7B7F127AD6A0113865BDF1CD4102E7D0759AF635A7CF4720DC963C53B
A006681,GlobalSign Root E46,Intermediate Certificate,Trusted,2019-11-20,2028-01-28,33EF151EFB08D1C44FB85CC3F23EC6873014E9F881691BD4938B7F251580B694,EBD41040E4BB3EC742C9E381D31EF2A41A48B6685C96E7CEF3C1DF6CD4331C99
A006759,GlobalSign Root R46,Intermediate Certificate,Trusted,2019-11-20,2028-01-28,A5E33C28E3013A71F5F760AE3B16595090043D2EC5209EC52903C4FBAD258DAD,EBD41040E4BB3EC742C9E381D31EF2A41A48B6685C96E7CEF3C1DF6CD4331C99
A006684,GlobalSign Root R46,Intermediate Certificate,Trusted,2019-11-20,2029-03-18,A63C1398B5F8DD2D432FBE4C2C19142BEA6D5D0221FAE794718AE7597ACCA96D,CBB522D7B7F127AD6A0113865BDF1CD4102E7D0759AF635A7CF4720DC963C53B
A006686,GlobalSign Root R46,Intermediate Certificate,Trusted,2019-11-20,2034-12-10,45CB1D874CB03BD5C5B6E079C8FC29E51521EE5628486301964A41F94BA59F88,2CABEAFE37D06CA22ABA7391C0033D25982952C453647349763A3AB5AD6CCF69
A007258,GlobalSign Secure Mail Root E45,Intermediate Certificate,Trusted,2020-07-28,2037-07-28,5B87841E80AAFE877804E56694473DCA8BB9F1FF4FFCF885A3DAFD24463FCB64,179FBC148A3DD00FD24EA13458CC43BFA7F59C8182D783A513F6EBEC100C8924
A007251,GlobalSign Secure Mail Root R45,Intermediate Certificate,Trusted,2020-07-28,2029-03-18,5268C94573AF66BA5A3DE979F2048DE43BD4B68AF0B73A2D639159FAFE637F69,CBB522D7B7F127AD6A0113865BDF1CD4102E7D0759AF635A7CF4720DC963C53B
A013186,GlobalSign TLS Root E41,Intermediate Certificate,Trusted,2026-05-20,2041-03-31,0FA1FCDC8C3AE03355D7062A025CD08F2EA98238708CD04D5D3CB8509C3B67FB,CBB9C44D84B8043E1050EA31A69F514955D7BFD2E2C6B49301019AD61D9F5058
A013184,GlobalSign TLS Root R41,Intermediate Certificate,Trusted,2026-05-20,2041-03-31,C95379845A31D95E990515126DD9BF77E1ED4D63C34EFCEA416074E6F9FA8643,4FA3126D8D3A11D1C4855A4F807CBAD6CF919D3A5A88B03BEA2C6372D93C40C9
A005604,GlobalSign TSA CA for AATL,Intermediate Certificate,Trusted,2018-04-18,2029-05-18,4D8EB49380EC72AC9FDF21FE1C6DB2E9490C76BEADD1F7B528C3CCD272C8FE28,AC0AB963BB5F3DA05FBC8687F98C2B6EA0BB499E6118C1A9136B1BC7C3C71A6B
A000569,GlobalSign Timestamping CA - R3,Intermediate Certificate,Trusted,2010-04-14,2029-03-10,61C1067083AE044EF1D649CE590BBF09D9D739E025DA8D195F71CFAAD6EBAE69,CBB522D7B7F127AD6A0113865BDF1CD4102E7D0759AF635A7CF4720DC963C53B
A000525,GlobalSign Timestamping CA - SHA256 - G2,Intermediate Certificate,Trusted,2011-08-02,2029-03-29,9BF9496777D14425ED0086C1BB2C0707B62A61C194C5162E4F07637AFF166B76,CBB522D7B7F127AD6A0113865BDF1CD4102E7D0759AF635A7CF4720DC963C53B
A005707,GlobalSign Timestamping CA - SHA384 - G4,Intermediate Certificate,Trusted,2018-06-20,2034-12-10,F642418E4D0C63DEC785C960EFA68BA745F38851744EF81F225CB89305314D50,2CABEAFE37D06CA22ABA7391C0033D25982952C453647349763A3AB5AD6CCF69
A006929,GlobeSSL DV CA,Intermediate Certificate,Trusted,2020-03-05,2030-03-05,1E13239AE04B971BDDE653AFDFC7324438B8E146C5C48A817031226C95764539,E793C9B02FD8AA13E21C31228ACCB08119643B749C898964B1746D46C3D4CBD2
A006931,GlobeSSL EV CA,Intermediate Certificate,Trusted,2020-03-05,2030-03-05,0EE00290C8A71D985E38BEB84ECAC9D029B55967119D47CBCBE347F164DF4B4A,E793C9B02FD8AA13E21C31228ACCB08119643B749C898964B1746D46C3D4CBD2
A006930,GlobeSSL OV CA,Intermediate Certificate,Trusted,2020-03-05,2030-03-05,F1B41392B8B7CD5A456B2D4A91B7BCF6CCEF2294B8B6E62CFF38F9C3A2796F06,E793C9B02FD8AA13E21C31228ACCB08119643B749C898964B1746D46C3D4CBD2
A012932,GlobeSSL RSA DV SSL CA 2,Intermediate Certificate,Trusted,2026-02-04,2036-02-03,EBB15ED57516666035C343C3EB2D49F6B9EF85BC20FC12425759A2FCCBAE2287,7BB647A62AEEAC88BF257AA522D01FFEA395E0AB45C73F93F65654EC38F25A06
A012934,GlobeSSL RSA EV SSL CA 2,Intermediate Certificate,Trusted,2026-02-04,2036-02-03,7BD28801B40E321AA3C46C698FAF0C12ADD3CC098C8386B45F8B2E72E2B13776,7BB647A62AEEAC88BF257AA522D01FFEA395E0AB45C73F93F65654EC38F25A06
A012933,GlobeSSL RSA OV SSL CA 2,Intermediate Certificate,Trusted,2026-02-04,2036-02-03,BDC5164F4D8E2615F130653F7837FA45B07879D03F98870D203A2BCC29C6B406,7BB647A62AEEAC88BF257AA522D01FFEA395E0AB45C73F93F65654EC38F25A06
A000824,Go Daddy Root Certificate Authority - G2,Intermediate Certificate,Trusted,2011-05-03,2031-05-03,9BF58967545996194512DB6177151AFE99706AEA3DA36FEEE7AD9F8B3C0507CB,C3846BF24B9E93CA64274C0EC67C1ECC5E024FFCACD2D74019350E81FE546AE4
A000474,Go Daddy Root Certificate Authority - G2,Intermediate Certificate,Trusted,2014-01-01,2031-05-30,3A2FBE92891E57FE05D57087F48E730F17E5A5F53EF403D618E5B74D7A7E6ECB,C3846BF24B9E93CA64274C0EC67C1ECC5E024FFCACD2D74019350E81FE546AE4
A000476,Go Daddy Secure Certificate Authority - G2,Intermediate Certificate,Trusted,2011-05-03,2031-05-03,973A41276FFD01E027A2AAD49E34C37846D3E976FF6A620B6712E33832041AA6,45140B3247EB9CC8C5B4F0D7B53091F73292089E6E5A63E2749DD3ACA9198EDA
A000472,Go Daddy Secure Certification Authority,Intermediate Certificate,Trusted,2006-11-16,2026-11-16,09ED6E991FC3273D8FEA317D339C02041861973549CFA6E1558F411F11211AA3,C3846BF24B9E93CA64274C0EC67C1ECC5E024FFCACD2D74019350E81FE546AE4
A012670,GoDaddy TLS Intermediate CA DV - R1v1,Intermediate Certificate,Trusted,2025-08-28,2040-08-24,7A43BC7747D0633FBD90FF900C9242417C027DBDCA05AF72DA9A70E3518DBE2E,25CF3DA8E9B97ADDBF92543C2B82527C8A4E2CFF2062A6483040D4B64ACE719F
A012672,GoDaddy TLS Intermediate CA EV - R1v1,Intermediate Certificate,Trusted,2025-08-28,2040-08-24,9B0654F08DF9026CBB43A2C58BFF690D0DF4FAAA2B98A3E5F27416686FEFE365,25CF3DA8E9B97ADDBF92543C2B82527C8A4E2CFF2062A6483040D4B64ACE719F
A012671,GoDaddy TLS Intermediate CA OV - R1v1,Intermediate Certificate,Trusted,2025-08-28,2040-08-24,1655A304F080E05A1CB9B29E91F9A9D1922E271A8645EB7270F463BC3B332063,25CF3DA8E9B97ADDBF92543C2B82527C8A4E2CFF2062A6483040D4B64ACE719F
A012754,GoDaddy TLS Root CA - R1,Intermediate Certificate,Trusted,2025-09-24,2037-12-31,7BCB0F2F2D1031A6AF8D61BAA835D2835A3B8BCC26D94A3B048B1655FB81298C,45140B3247EB9CC8C5B4F0D7B53091F73292089E6E5A63E2749DD3ACA9198EDA
A004914,GoGetSSL Business Validation CA SHA2,Intermediate Certificate,Trusted,2018-01-26,2027-05-20,18958D03AFB409687A1BC263860D0D735A25A004AB60E0F0E45D6333587437AE,9E852C59DFC6FD6ABD4E17EA80B5F4E56FC04192D107258D54DA8A92528670D6
A004913,GoGetSSL Domain Validation CA SHA2,Intermediate Certificate,Trusted,2018-01-26,2027-05-20,B5F62EC38131CD14B1FC95B877F4D210BE4BFACC7E6A6AA1422D89E34B7AC4C1,9E852C59DFC6FD6ABD4E17EA80B5F4E56FC04192D107258D54DA8A92528670D6
A005810,GoGetSSL ECC DV CA,Intermediate Certificate,Trusted,2018-09-06,2028-09-05,84965384498039CC9458610318303F9CCFC452E236780FBDDC4748567F05A0EE,4FF460D54B9C86DABFBCFC5712E0400D2BED3FBC4D4FBDAA86E06ADCD2A9AD7A
A012642,GoGetSSL ECC DV SSL CA 2,Intermediate Certificate,Trusted,2025-08-20,2035-08-19,A03AC62ABBD5416925693C346F3474AF69F2F3139B7094141D900F1205BF7E0D,C90F26F0FB1B4018B22227519B5CA2B53E2CA5B3BE5CF18EFE1BEF47380C5383
A005812,GoGetSSL ECC EV CA,Intermediate Certificate,Trusted,2018-09-06,2028-09-05,BA6B9BFBBF9698AF91EB4C693466414181A0002AD528FF154946D586AA5D9445,4FF460D54B9C86DABFBCFC5712E0400D2BED3FBC4D4FBDAA86E06ADCD2A9AD7A
A012644,GoGetSSL ECC EV SSL CA 2,Intermediate Certificate,Trusted,2025-08-20,2035-08-19,5E75059651E01F06E192004DDEF192CD88B730C55BE2429F419D07A6F1E141C6,C90F26F0FB1B4018B22227519B5CA2B53E2CA5B3BE5CF18EFE1BEF47380C5383
A005811,GoGetSSL ECC OV CA,Intermediate Certificate,Trusted,2018-09-06,2028-09-05,1235E13812B9752170CE9BD3A3B60E66AC8C0CB44F9CCB5C768589FD9F27B9F4,4FF460D54B9C86DABFBCFC5712E0400D2BED3FBC4D4FBDAA86E06ADCD2A9AD7A
A012643,GoGetSSL ECC OV SSL CA 2,Intermediate Certificate,Trusted,2025-08-20,2035-08-19,B7D6FA75C8008D3334A410637269FD71674752ECDA869FADCA393DE68DB89AFE,C90F26F0FB1B4018B22227519B5CA2B53E2CA5B3BE5CF18EFE1BEF47380C5383
A004915,GoGetSSL Extended Validation CA SHA2,Intermediate Certificate,Trusted,2018-01-26,2027-05-20,EEDA15BA000B006EAD49A21BBE769F3BA6CE75C9249F0114D8DD882DFC0F2C1B,9E852C59DFC6FD6ABD4E17EA80B5F4E56FC04192D107258D54DA8A92528670D6
A010304,GoGetSSL G2 TLS RSA4096 SHA256 2022 CA-1,Intermediate Certificate,Trusted,2022-06-23,2032-06-22,8AADF068A1B7C04B3E346F7C97FD9619FFF14ECC6C82C2F15594B9732F3F3E72,CB3CCBB76031E5E0138F8DD39A23F9DE47FFC35E43C1144CEA27D46A5AB1CB5F
A010303,GoGetSSL G3 TLS ECC P-384 SHA384 2022 CA-1,Intermediate Certificate,Trusted,2022-06-23,2032-06-22,7E687FA866802535C3AFC393939376D4BF0FD753D9421719A8AA91A4FF305AD2,31AD6648F8104138C738F39EA4320133393E3A18CC02296EF97C2AC9EF6731D0
A005809,GoGetSSL RSA Client CA,Intermediate Certificate,Trusted,2018-09-06,2028-09-05,42E0C05A00FC2E473D8D076EFB44A7017CEFFBF604062B16ACB644EEAE1EFFFC,E793C9B02FD8AA13E21C31228ACCB08119643B749C898964B1746D46C3D4CBD2
A005805,GoGetSSL RSA DV CA,Intermediate Certificate,Trusted,2018-09-06,2028-09-05,43CAC31EF8E8BA1B4B16B8206E4C0A26C5BADB2FC3AA09E90170E41B66C2FD64,E793C9B02FD8AA13E21C31228ACCB08119643B749C898964B1746D46C3D4CBD2
A012639,GoGetSSL RSA DV SSL CA 2,Intermediate Certificate,Trusted,2025-08-20,2035-08-19,B5286796DADF16521DE41772AB2FDB5818729971B5274721146C6E8172BEFE07,7BB647A62AEEAC88BF257AA522D01FFEA395E0AB45C73F93F65654EC38F25A06
A005807,GoGetSSL RSA EV CA,Intermediate Certificate,Trusted,2018-09-06,2028-09-05,91A321AD7FD3C9781214D76F5E28EB0D31AC86697EDF700E9AF94C7485F5B521,E793C9B02FD8AA13E21C31228ACCB08119643B749C898964B1746D46C3D4CBD2
A012641,GoGetSSL RSA EV SSL CA 2,Intermediate Certificate,Trusted,2025-08-20,2035-08-19,EB5F5EA47B3E5E6E9626F35295F0B28CE25B4108B6066DA6D19B9E8BD86B9D4E,7BB647A62AEEAC88BF257AA522D01FFEA395E0AB45C73F93F65654EC38F25A06
A005806,GoGetSSL RSA OV CA,Intermediate Certificate,Trusted,2018-09-06,2028-09-05,C3AA89A4F9F70C18B0FEA5CDFDB35E487DA02C10AB6D3F60DE79AD4C94AE284C,E793C9B02FD8AA13E21C31228ACCB08119643B749C898964B1746D46C3D4CBD2
A012640,GoGetSSL RSA OV SSL CA 2,Intermediate Certificate,Trusted,2025-08-20,2035-08-19,DAD9BE98F810326F11C3A9C4D8DA7C099D80F20C8CED78ABC5EFD6BBDE2D9ED4,7BB647A62AEEAC88BF257AA522D01FFEA395E0AB45C73F93F65654EC38F25A06
A007168,Greek Federation of Judicial Officers Client RSA SubCA R4,Intermediate Certificate,Trusted,2020-07-08,2028-07-06,8884A7E1A5E7FED19E60E3598E10EF2105ADFF02A0B91DF227069097F9DFDB62,A040929A02CE53B4ACF4F2FFC6981CE4496F755E6D45FE0B2A692BCD52523F36
A006969,Greek School Network TLS RSA SubCA R1,Intermediate Certificate,Trusted,2020-03-24,2028-03-22,CFDFEF037CFDBD6BB0E311E9BB281CA60271C5DAE2695312033806FA4B0E94B7,A040929A02CE53B4ACF4F2FFC6981CE4496F755E6D45FE0B2A692BCD52523F36
A006958,Greek Universities Network TLS RSA SubCA R1,Intermediate Certificate,Trusted,2020-03-24,2028-03-22,DC9993DC33A71FD95808787D19A4B55704E601D57EBCEACC8802C78B5C36F5C7,A040929A02CE53B4ACF4F2FFC6981CE4496F755E6D45FE0B2A692BCD52523F36
A007167,HARICA Administration Client ECC SubCA R3,Intermediate Certificate,Trusted,2020-07-08,2028-07-06,978011D478E7BC4C3BCBB2F2659759278AA41A17F53F0AED132726281CE34BAF,44B545AA8A25E65A73CA15DC27FC36D24C1CB9953A066539B11582DC487B4833
A010151,HARICA Administration SSL ECC SubCA R2,Intermediate Certificate,Trusted,2019-03-07,2027-03-05,3E1479804765A62BB7BD4F0DDEBB55A946A2063CD2882F05461B1754F1B667B1,44B545AA8A25E65A73CA15DC27FC36D24C1CB9953A066539B11582DC487B4833
A007653,HARICA DV TLS ECC,Intermediate Certificate,Trusted,2021-03-19,2036-03-15,392377A719E3E65A40D8651B92361DB95320B39CA361072A3A3CF42C66E00DBC,3F99CC474ACFCE4DFED58794665E478D1547739F2E780F1BB4CA9B133097D401
A007649,HARICA DV TLS RSA,Intermediate Certificate,Trusted,2021-03-19,2036-03-15,28101EE3CD2FF6F225FBF0EDE94AB50D6762AFDBAB964F7C9D3CCF7F02EE9838,D95D0E8EDA79525BF9BEB11B14D2100D3294985F0C62D9FABD9CD999ECCB7B1D
A007656,HARICA EV TLS ECC,Intermediate Certificate,Trusted,2021-03-19,2036-03-15,223ADE0E45CCC4BECB255DB009DF1E239AA5D71B17CF3DB0A582C292C25ECC52,3F99CC474ACFCE4DFED58794665E478D1547739F2E780F1BB4CA9B133097D401
A010063,HARICA EV TLS ECC 2,Intermediate Certificate,Trusted,2022-01-28,2037-01-24,7CFE34378E73069F3A6813BEC89A0E47693C21AE26A3760D50CDF4D05E40D1F3,3F99CC474ACFCE4DFED58794665E478D1547739F2E780F1BB4CA9B133097D401
A006842,HARICA EV TLS ECC SubCA R1,Intermediate Certificate,Trusted,2020-02-27,2035-02-23,701EB23F95564CD5569CD20E5F05C2888900BAE9BA03ABF5ABE57BFE04B54A60,44B545AA8A25E65A73CA15DC27FC36D24C1CB9953A066539B11582DC487B4833
A007652,HARICA EV TLS RSA,Intermediate Certificate,Trusted,2021-03-19,2036-03-15,CA623354A31C7878815E0D901FA47E30D10A61F6945D3CBEFC4757F447FA8AEA,D95D0E8EDA79525BF9BEB11B14D2100D3294985F0C62D9FABD9CD999ECCB7B1D
A010064,HARICA EV TLS RSA 2,Intermediate Certificate,Trusted,2022-01-28,2037-01-24,75E328643BFE7642DD840E3169F942C66BF04919D8A7FB0AF96602612003C3E3,D95D0E8EDA79525BF9BEB11B14D2100D3294985F0C62D9FABD9CD999ECCB7B1D
A006840,HARICA EV TLS RSA SubCA R1,Intermediate Certificate,Trusted,2020-02-27,2035-02-23,F628264C79DBFBDFCFDEC643171BDCBD4DE7483F9C80EA59068887AE449A2E48,A040929A02CE53B4ACF4F2FFC6981CE4496F755E6D45FE0B2A692BCD52523F36
A007655,HARICA IV TLS ECC,Intermediate Certificate,Trusted,2021-03-19,2036-03-15,2D923F67980DA53AAD5E5E6A61BAAD9FC645DD208D76C51C8EDA5C73870A8F95,3F99CC474ACFCE4DFED58794665E478D1547739F2E780F1BB4CA9B133097D401
A007651,HARICA IV TLS RSA,Intermediate Certificate,Trusted,2021-03-19,2036-03-15,1DF929D90B3AD4EF94D36402F483462E8CB678495C687022423545B19E2F0615,D95D0E8EDA79525BF9BEB11B14D2100D3294985F0C62D9FABD9CD999ECCB7B1D
A007461,HARICA Institutional Client SubCA R1,Intermediate Certificate,Trusted,2020-07-08,2035-07-05,FEE2CD981C00C5CF3B0A47F3F4BC5DB1E6F4307AD45CE78F998F9BCBD82478EA,A040929A02CE53B4ACF4F2FFC6981CE4496F755E6D45FE0B2A692BCD52523F36
A010066,HARICA Institutional TLS ECC,Intermediate Certificate,Trusted,2022-01-28,2037-01-24,B67E4E92286E168A916F3DBCADC3F0B83DBC0ADBE43F995C1FAAD316DDEC75D8,44B545AA8A25E65A73CA15DC27FC36D24C1CB9953A066539B11582DC487B4833
A010377,HARICA Institutional TLS ECC 2,Intermediate Certificate,Trusted,2022-06-29,2037-06-25,94802F1B0DB27426293B12C8775880EFF0345E6620079F714A7513E1946579C3,3F99CC474ACFCE4DFED58794665E478D1547739F2E780F1BB4CA9B133097D401
A010065,HARICA Institutional TLS RSA,Intermediate Certificate,Trusted,2022-01-28,2037-01-24,C5B4ABBD3BAE38114A3A823A8AC4CD31C45465B7C1CEBD84F36D72054AFBE8BB,A040929A02CE53B4ACF4F2FFC6981CE4496F755E6D45FE0B2A692BCD52523F36
A010376,HARICA Institutional TLS RSA 2,Intermediate Certificate,Trusted,2022-06-29,2037-06-25,3DC08077F76064634D6EDE29B438D1287A797D9276DA1B7147D1EB80E235EB47,D95D0E8EDA79525BF9BEB11B14D2100D3294985F0C62D9FABD9CD999ECCB7B1D
A007654,HARICA OV TLS ECC,Intermediate Certificate,Trusted,2021-03-19,2036-03-15,3293500CAA507B1E920A441F277BADCBB75002CAEC6282D23A3578F7817D2380,3F99CC474ACFCE4DFED58794665E478D1547739F2E780F1BB4CA9B133097D401
A007650,HARICA OV TLS RSA,Intermediate Certificate,Trusted,2021-03-19,2036-03-15,9FBD886945FB6CB63EEBF11077DAC980E45368D2458BA5EF0A8D727046FCD292,D95D0E8EDA79525BF9BEB11B14D2100D3294985F0C62D9FABD9CD999ECCB7B1D
A006843,HARICA QWAC ECC SubCA R1,Intermediate Certificate,Trusted,2020-02-27,2035-02-23,BA0312F7B72F6B64B4CCEE34B5F628CF65A1F3B9F16B8DFE7ADA90C54E475A1C,44B545AA8A25E65A73CA15DC27FC36D24C1CB9953A066539B11582DC487B4833
A006841,HARICA QWAC RSA SubCA R1,Intermediate Certificate,Trusted,2020-02-27,2035-02-23,DAB3FA0D6E821006FE709AE12176ABA2F397706CC9C71F5C1C0D098044DAEBDC,A040929A02CE53B4ACF4F2FFC6981CE4496F755E6D45FE0B2A692BCD52523F36
A006153,HARICA Qualified Legal Entities ECC SubCA R2,Intermediate Certificate,Trusted,2019-03-06,2034-03-02,DD5BAC4F1BB5356AE98D3F0C8E24C59DF84199A56F78F1C161196AAD70283094,44B545AA8A25E65A73CA15DC27FC36D24C1CB9953A066539B11582DC487B4833
A006128,HARICA Qualified Legal Entities SubCA R2,Intermediate Certificate,Trusted,2019-02-20,2034-02-16,CDF27EEA0C3A5512369108FD74635D2D4CF50E94D6CA199BED7DE81B0D09A336,A040929A02CE53B4ACF4F2FFC6981CE4496F755E6D45FE0B2A692BCD52523F36
A007060,HARICA Qualified Legal Entities SubCA R3,Intermediate Certificate,Trusted,2019-03-14,2034-03-10,C6CB08B5D6DFE461AECE9AA3CF03AF7FED1341C9E6EE0052129C27CA754933F2,A040929A02CE53B4ACF4F2FFC6981CE4496F755E6D45FE0B2A692BCD52523F36
A006152,HARICA Qualified Natural Entities ECC SubCA R2,Intermediate Certificate,Trusted,2019-03-06,2034-03-02,4D961AEE0D2DD0ADF433B4AAC261CE5871665CF39FCA1B4838AE6620DA685046,44B545AA8A25E65A73CA15DC27FC36D24C1CB9953A066539B11582DC487B4833
A006129,HARICA Qualified Natural Entities SubCA R2,Intermediate Certificate,Trusted,2019-02-20,2034-02-16,094F78C53EC5D8082BC5D5AAD1B11D5DF952BE56933358DBF5963542913A50CD,A040929A02CE53B4ACF4F2FFC6981CE4496F755E6D45FE0B2A692BCD52523F36
A007059,HARICA Qualified Natural Entities SubCA R3,Intermediate Certificate,Trusted,2019-03-14,2034-03-10,ADDBE88B468154CF8F7773288C8C50F760879E490892AA9272815B814E721E7D,A040929A02CE53B4ACF4F2FFC6981CE4496F755E6D45FE0B2A692BCD52523F36
A011091,HARICA Qualified Web Authentication Certificates ECC,Intermediate Certificate,Trusted,2023-07-18,2038-07-14,27417A09FA7410B9198A1B0645CDFEC28079EF5E8143AF2BDB697731045027CE,3F99CC474ACFCE4DFED58794665E478D1547739F2E780F1BB4CA9B133097D401
A011092,HARICA Qualified Web Authentication Certificates RSA,Intermediate Certificate,Trusted,2023-07-18,2038-07-14,3485C3DFE98C5D5428653479BB90627580EE892890A62DA0D9ABCE3A2002E8E4,D95D0E8EDA79525BF9BEB11B14D2100D3294985F0C62D9FABD9CD999ECCB7B1D
A007658,HARICA S/MIME ECC,Intermediate Certificate,Trusted,2021-03-19,2036-03-15,E5CBD6659190C6188897D09E1AD62A4FB73CE11D8727A4476D3C579F0E1599F9,8DD4B5373CB0DE36769C12339280D82746B3AA6CD426E797A31BABE4279CF00B
A006151,HARICA S/MIME ECC SubCA R2,Intermediate Certificate,Trusted,2019-03-06,2034-03-02,9CD07290E8BEDD99CF7397F94CB012B22EEC13DA52ED94F3017A2EA4146EA98D,44B545AA8A25E65A73CA15DC27FC36D24C1CB9953A066539B11582DC487B4833
A007657,HARICA S/MIME RSA,Intermediate Certificate,Trusted,2021-03-19,2036-03-15,B13EC301E7BFE1DDB9C5BFC071DC29C55E82EE933273A23134946FBDFD3ACE63,1BE7ABE30686B16348AFD1C61B6866A0EA7F4821E67D5E8AF937CF8011BC750D
A005711,HARICA S/MIME RSA SubCA R2,Intermediate Certificate,Trusted,2018-06-27,2033-06-23,5C97E0FD1EBD6E136A71626F860AB5D65B797E7ED3C1C1BF4E653822375A4644,A040929A02CE53B4ACF4F2FFC6981CE4496F755E6D45FE0B2A692BCD52523F36
A006166,HARICA S/MIME RSA SubCA R3,Intermediate Certificate,Trusted,2019-03-14,2034-03-10,593C4AB6066CDF6185067F562677FDDFF533656DB4BD2D577735301704150218,A040929A02CE53B4ACF4F2FFC6981CE4496F755E6D45FE0B2A692BCD52523F36
A006150,HARICA SSL ECC SubCA R2,Intermediate Certificate,Trusted,2019-03-06,2034-03-02,11D5EF460DAB3582B742123127127D54040FB1C206E26F025CB58458F225111A,44B545AA8A25E65A73CA15DC27FC36D24C1CB9953A066539B11582DC487B4833
A006165,HARICA SSL RSA SubCA R3,Intermediate Certificate,Trusted,2019-03-14,2034-03-10,70B6A10C0CA76DECE7ADBE970B76A37D8A02857B134C7505B184EBD5FCA4F3EA,A040929A02CE53B4ACF4F2FFC6981CE4496F755E6D45FE0B2A692BCD52523F36
A007907,HARICA TLS ECC Root CA 2021,Intermediate Certificate,Trusted,2021-09-02,2029-08-31,50E27F90EB6AF495B0E6EEB655CC89444C27D3C95B6823FA02ABDC95F1636AE1,44B545AA8A25E65A73CA15DC27FC36D24C1CB9953A066539B11582DC487B4833
A007908,HARICA TLS RSA Root CA 2021,Intermediate Certificate,Trusted,2021-09-02,2029-08-31,4ACD8DC6020A545A858943A553B5E0F3FC5B859AEA1746650D69CF1210F956D8,A040929A02CE53B4ACF4F2FFC6981CE4496F755E6D45FE0B2A692BCD52523F36
A006960,HEAL-LINK Hellenic Academic Libraries Link TLS RSA SubCA R1,Intermediate Certificate,Trusted,2020-03-24,2028-03-22,8C0994B2AED0085FE542813EE03C4B2D732ECDCC257AE6453114C6C875933BD4,A040929A02CE53B4ACF4F2FFC6981CE4496F755E6D45FE0B2A692BCD52523F36
A007269,HERTZ GCC R45 SMIME CA 2020,Intermediate Certificate,Trusted,2020-07-28,2030-07-28,013C13426B92F703BA573D9E16C2E35AECA26C60F606B88D3CE2150C94D56C14,319AF0A7729E6F89269C131EA6A3A16FCD86389FDCAB3C47A4A675C161A3F974
A012023,HTTPS Automation Research RSA DV SSL CA G1,Intermediate Certificate,Trusted,2025-01-05,2035-01-05,1E426FF0F51EB4C285788B4418D2DAB21097230CED81119BA178A20AB1AABF67,9BEA11C976FE014764C1BE56A6F914B5A560317ABD9988393382E5161AA0493C
A013171,HUAWEI DV TLS ECC CA 2026,Intermediate Certificate,Trusted,2026-04-26,2029-04-22,8577470BEBF1D26E4C254AE9B93A06F984EB3778B5FFFA3239F366A274A64D55,9BEA11C976FE014764C1BE56A6F914B5A560317ABD9988393382E5161AA0493C
A013170,HUAWEI DV TLS RSA CA 2026,Intermediate Certificate,Trusted,2026-04-26,2029-04-22,A0B472CBA2F1C2AFB4A162526E3D14A6475981E84C8E16051B45F43D329C9DE5,9BEA11C976FE014764C1BE56A6F914B5A560317ABD9988393382E5161AA0493C
A013169,HUAWEI OV TLS ECC CA 2026,Intermediate Certificate,Trusted,2026-04-26,2029-04-22,6DDEF9228F189B6EEC284AFAC3204B77F0AC9B655BD56571C108E9B70D82385A,9BEA11C976FE014764C1BE56A6F914B5A560317ABD9988393382E5161AA0493C
A013168,HUAWEI OV TLS RSA CA 2026,Intermediate Certificate,Trusted,2026-04-26,2029-04-22,070E55A0FCFB5F882D30921125C3B5C3B15DC890E3B08577A69FF264B7B3C4E7,9BEA11C976FE014764C1BE56A6F914B5A560317ABD9988393382E5161AA0493C
A006962,Harokopio University TLS RSA SubCA R1,Intermediate Certificate,Trusted,2020-03-24,2028-03-22,BA425122F31D9BAE7CBE1E7FA2FF437ADF283E014333485F7691CB856AEC776A,A040929A02CE53B4ACF4F2FFC6981CE4496F755E6D45FE0B2A692BCD52523F36
A010942,Henkel Secure E-mail CA G2,Intermediate Certificate,Trusted,2023-05-10,2033-05-09,0872E14A4E2B7B1BA0DE0B785493E0F4B25E2E584A3F3462F0A1901CB7BBE5F0,552F7BDCF1A7AF9E6CE672017F4F12ABF77240C78E761AC203D1D9D20AC89988
A011635,Henkel Secure E-mail CA G3,Intermediate Certificate,Trusted,2024-05-23,2034-05-22,CA365E4C288118297CDC78B4DC01734E2B7A3CAB2CDFED6A2DB7788D3AA39A7C,552F7BDCF1A7AF9E6CE672017F4F12ABF77240C78E761AC203D1D9D20AC89988
A002094,Herritar eta Erakundeen CA - CA de Ciudadanos y Entidades (3),Intermediate Certificate,Trusted,2010-10-20,2037-12-12,5A49B15AE60FF627DA272A8743D67162BACA1096168203213ACF8227AF4C4942,2530CC8E98321502BAD96F9B1FBA1B099E2D299E0F4548BB914F363BC0D4531F
A000890,Herritar eta Erakundeen CA - CA de Ciudadanos y Entidades (4),Intermediate Certificate,Trusted,2010-10-20,2037-12-12,7ED19361AD734D703FBADF029F52EC3B6648D8DD56BABA0884ED4F859B5B9375,2530CC8E98321502BAD96F9B1FBA1B099E2D299E0F4548BB914F363BC0D4531F
A006221,Hewlett Packard Enterprise Collaboration CA G21,Intermediate Certificate,Trusted,2019-04-01,2029-04-01,B6E4C8D9D575A61404DE568E27BD6F3048D7B0F803065E2F6526260BDCA3D211,7D05EBB682339F8C9451EE094EEBFEFA7953A114EDB2F44949452FAB7D2FC185
A011822,Hewlett Packard Enterprise Collaboration CA G3,Intermediate Certificate,Trusted,2024-09-11,2034-09-10,D5E2AAA678A3EC0D88415D9B6E2CB1B0D0CD5960C562B20913625EBDCB3A3F0C,7D05EBB682339F8C9451EE094EEBFEFA7953A114EDB2F44949452FAB7D2FC185
A010946,HiPKI OV TLS CA - G1,Intermediate Certificate,Trusted,2023-05-18,2037-12-31,D34A5B981A85CA075DB62CBAC415EF659D95339040CA476868625D4AA23A9849,F015CE3CC239BFEF064BE9F1D2C417E1A0264A0A94BE1F0C8D121864EB6949CC
A007912,Hitachi Energy Assured ID CA,Intermediate Certificate,Trusted,2021-09-14,2026-09-13,8EAEC34A01A9E7017FD4BCE8BA432A350A2A16561ABE0617CCE1A0D4B1E09EEC,7D05EBB682339F8C9451EE094EEBFEFA7953A114EDB2F44949452FAB7D2FC185
A011651,Hitachi Energy User ID CA,Intermediate Certificate,Trusted,2024-06-05,2034-06-04,C92F438C530C39FFCA70F05B9AAFF45118D2C076DE44CF52DCEA755049B8100C,7D05EBB682339F8C9451EE094EEBFEFA7953A114EDB2F44949452FAB7D2FC185
A007380,Honeywell International Co-branded CA - G2,Intermediate Certificate,Trusted,2020-09-25,2030-09-24,B78DFC942032C042CD45490E3B32433CA167067B330B52CB1453EA3AD5819080,7D05EBB682339F8C9451EE094EEBFEFA7953A114EDB2F44949452FAB7D2FC185
A007449,Honeywell International Co-branded QA CA - G2,Intermediate Certificate,Trusted,2020-10-21,2030-10-20,55F064E2983EEB9AAA54229F8E35023ED10AC6BA19188B05C247BC0E79F85ACB,7D05EBB682339F8C9451EE094EEBFEFA7953A114EDB2F44949452FAB7D2FC185
A010737,Hongkong Post Root CA 3,Intermediate Certificate,Trusted,2022-11-16,2029-03-18,00482341B104A0DE6E0F1D508DB84CB514F7494FE04982133A5C750136C55DC8,CBB522D7B7F127AD6A0113865BDF1CD4102E7D0759AF635A7CF4720DC963C53B
A010432,Hongkong Post Root CA 3,Intermediate Certificate,Trusted,2022-07-27,2029-05-15,5544A24FEB21F681F1987D30E0AF5C49E9F9FFFD5550A889B40B1EC9CC81E667,F9E67D336C51002AC054C632022D66DDA2E7E3FFF10AD061ED31D8BBB410CFB2
A012215,Hongkong Post e-Cert EV SSL CA 3 - 17,Intermediate Certificate,Trusted,2025-03-20,2032-06-03,7ADADC0DBA5B9A97BEB1580947B0738537C9239934E88C67512B5D22D9D47FF7,5A2FC03F0C83B090BBFA40604B0988446C7636183DF9846E17101A447FB8EFD6
A012217,Hongkong Post e-Cert SSL CA 3 - 17,Intermediate Certificate,Trusted,2025-03-20,2032-06-03,CB730C3A5FE958B8BDC5B363892C9F530B33F98A43CE3C2578FCE096B4AE233C,5A2FC03F0C83B090BBFA40604B0988446C7636183DF9846E17101A447FB8EFD6
A004732,Hostpoint TLS RSA CA,Intermediate Certificate,Trusted,2017-11-02,2027-11-02,F7FBDEB82BE99D41CDCA419FC91859D3E5286C076204E0E903D678BB213ED89B,CB3CCBB76031E5E0138F8DD39A23F9DE47FFC35E43C1144CEA27D46A5AB1CB5F
A006722,HydrantID Server CA O1,Intermediate Certificate,Trusted,2019-12-12,2029-12-12,8BB2F6883FED289A521BA27C478482950874E143CACCEC6FC025990C0C46813E,5D56499BE4D2E08BCFCAD08A3E38723D50503BDE706948E42F55603019E528AE
A013196,HydrantID TLS ECC CA 1,Intermediate Certificate,Trusted,2026-05-27,2036-05-24,90EB56A4A90DC5EC9E7C0C7B064FF5DE141834C13B2744C0BE153912BEC45CCE,5D1BC399274E649E1C72697DE91A54AD725088C5221CB61E17EE9C290BC42A92
A006565,IBM Certification Authority G4,Intermediate Certificate,Trusted,2019-09-23,2029-09-23,60F53E603B0EFA71C6CC34B6E87C1145F70DC942C89F71763D90FE18E7AC589E,7D05EBB682339F8C9451EE094EEBFEFA7953A114EDB2F44949452FAB7D2FC185
A011636,IBM Certification Authority G6,Intermediate Certificate,Trusted,2024-05-23,2034-05-22,C6CB9291A32B4937A19FCC72FD3A0B7F6EAF7397E45EA0B2D0FD27393E132B73,7D05EBB682339F8C9451EE094EEBFEFA7953A114EDB2F44949452FAB7D2FC185
A011775,IBM Certification Authority G7,Intermediate Certificate,Trusted,2024-08-08,2034-08-07,81CB1E6BE7220B9DD7676E7A665B6B8FAFAC2C5725919A0654EDD5C0FFAE5A59,7D05EBB682339F8C9451EE094EEBFEFA7953A114EDB2F44949452FAB7D2FC185
A011187,IKARUS mail.security,Intermediate Certificate,Trusted,2023-08-08,2028-08-01,8006BF194B9856EAC36A0A1A4B88EAEB54018F06F8CED90E7669D5F373D71D59,41C7155655F8DC27BA1128248980067D46836B6450CF4E1062C8C2772606773F
A011001,IKARUS mail.security,Intermediate Certificate,Trusted,2023-06-13,2027-05-20,002E6D642C2EE639B40FBED1020EE7BEEDF2E521F9B2BDE46C958D32E6353E9D,9E852C59DFC6FD6ABD4E17EA80B5F4E56FC04192D107258D54DA8A92528670D6
A013173,IKARUS mail.security SMIME G1 R36 CA,Intermediate Certificate,Trusted,2026-05-06,2036-04-23,4CE86EC569454765D871D05E6D8C5B0B2102B4D02B0AA132F348A5F54A73D46B,B676F2EDDAE8775CD36CB0F63CD1D4603961F49E6265BA013A2F0307B6D0B804
A013181,ISRG Root X2,Intermediate Certificate,Trusted,2026-05-13,2032-09-02,EE5F7ABD6981BB0255632CD8F49283451B4B18844D12040B44EE00F07B8FE2C6,96BCEC06264976F37460779ACF28C5A7CFE8A3C0AAE11A8FFCEE05C0BDDF08C6
A007395,ISSAuth ECC DV CA,Intermediate Certificate,Trusted,2020-09-25,2030-09-25,7CEB9458442756F40A485C30F2BAF00107C1E9EE85DB02FA00F41BA5844364E5,4FF460D54B9C86DABFBCFC5712E0400D2BED3FBC4D4FBDAA86E06ADCD2A9AD7A
A007393,ISSAuth ECC EV CA,Intermediate Certificate,Trusted,2020-09-25,2030-09-25,4687344F4713ABD03DAD9199428C6AD6A5614462AC3BD79FB0F0C1A56F4A2065,4FF460D54B9C86DABFBCFC5712E0400D2BED3FBC4D4FBDAA86E06ADCD2A9AD7A
A007394,ISSAuth ECC OV CA,Intermediate Certificate,Trusted,2020-09-25,2030-09-25,D9D81C01505DB193710210D9B427B65329EFFF256135F6FB2FEDBE53E593BF02,4FF460D54B9C86DABFBCFC5712E0400D2BED3FBC4D4FBDAA86E06ADCD2A9AD7A
A007392,ISSAuth RSA Client Authentication and Secure Email CA,Intermediate Certificate,Trusted,2020-09-25,2030-09-25,BC26C6D439E39005659A239F57CA715AA0DF27F6D1ADDBB8D5DDF9BA6224B185,E793C9B02FD8AA13E21C31228ACCB08119643B749C898964B1746D46C3D4CBD2
A007391,ISSAuth RSA DV CA,Intermediate Certificate,Trusted,2020-09-25,2030-09-25,624BA4272C896CFBE55128FEBE6E4D6D248C23A1C8DB32D1789C811872F6FC3C,E793C9B02FD8AA13E21C31228ACCB08119643B749C898964B1746D46C3D4CBD2
A007389,ISSAuth RSA EV CA,Intermediate Certificate,Trusted,2020-09-25,2030-09-25,0E34CC35F66DE0C06E1D901E2580961542EC2E2FAB1757837D09CFE36547966C,E793C9B02FD8AA13E21C31228ACCB08119643B749C898964B1746D46C3D4CBD2
A007390,ISSAuth RSA OV CA,Intermediate Certificate,Trusted,2020-09-25,2030-09-25,93709B5BDB0C768FC969FB4965868218D6DE86A6A26F813B726FF46976607C64,E793C9B02FD8AA13E21C31228ACCB08119643B749C898964B1746D46C3D4CBD2
A006482,ITSO Ltd RSA DV,Intermediate Certificate,Trusted,2019-06-26,2029-06-25,855DCA68F8194D6D5BC94A51CF364CDCFFC83825A122D8A62E47A118484D374B,E793C9B02FD8AA13E21C31228ACCB08119643B749C898964B1746D46C3D4CBD2
A006514,ITsMine Document Signing CA,Intermediate Certificate,Trusted,2019-08-05,2029-08-05,965BD258388DDDD4EA7BAAFB7754DF49F896CF02E15BE0925DE33B0038E9925F,7D05EBB682339F8C9451EE094EEBFEFA7953A114EDB2F44949452FAB7D2FC185
A013239,IdenTrust Commercial Root SMIME ECC CA 2,Intermediate Certificate,Trusted,2026-06-11,2029-06-10,6C2AAFC16F94C3F8C1B3E6325028F203CCA5CE6679DADAD91E5047FB9F59C849,30D0895A9A448A262091635522D1F52010B5867ACAE12C78EF958FD4F4389F2F
A013240,IdenTrust Commercial Root SMIME RSA CA 2,Intermediate Certificate,Trusted,2026-06-11,2029-06-10,82578FCC5643F5E630E6FCE4675A3ED26209B2D373417E41CBF12B3052B1098F,30D0895A9A448A262091635522D1F52010B5867ACAE12C78EF958FD4F4389F2F
A013330,IdenTrust Commercial Root TLS RSA CA 2,Intermediate Certificate,Trusted,2026-07-31,2029-07-29,30DCF2598D8A910FA027A75B3F0DF6284A7B5B73152BF54FC5A95D01FFF0FDE2,5D56499BE4D2E08BCFCAD08A3E38723D50503BDE706948E42F55603019E528AE
A007287,IdenTrust Public Sector Server CA 1,Intermediate Certificate,Trusted,2020-08-12,2028-08-12,288B35466FB8E228B98832019E1A7956AC3E9F154280CC97486ECC8E2C9CABC1,30D0895A9A448A262091635522D1F52010B5867ACAE12C78EF958FD4F4389F2F
A012833,InCommon ECC OV SSL CA 3,Intermediate Certificate,Trusted,2025-11-06,2035-11-05,227B61E53F131CEFCB81E8899ED9829F7E780586647F3F98DF2ABEC2167F405B,C90F26F0FB1B4018B22227519B5CA2B53E2CA5B3BE5CF18EFE1BEF47380C5383
A011647,InCommon ECC Secure Email CA 3,Intermediate Certificate,Trusted,2024-06-05,2034-06-04,86872ADCEBB9F15338B21DD064F969B75998372F9D7353CB5F467B4CAA8F7B24,22D9599234D60F1D4BC7C7E96F43FA555B07301FD475175089DAFB8C25E477B3
A010758,InCommon ECC Server CA 2,Intermediate Certificate,Trusted,2022-11-16,2032-11-15,B78D8EB347F8A6777EBF9FD23B83800ABC88CDB3CF1B40706B11B05F1FA06FBC,4FF460D54B9C86DABFBCFC5712E0400D2BED3FBC4D4FBDAA86E06ADCD2A9AD7A
A010760,InCommon ECC Standard Assurance Client CA 2,Intermediate Certificate,Trusted,2022-11-16,2032-11-15,9D5CE3B704A1143130BC8E7AE62C69FEC11BFBE829493955BF5865FB54FD9131,4FF460D54B9C86DABFBCFC5712E0400D2BED3FBC4D4FBDAA86E06ADCD2A9AD7A
A013094,InCommon Intermediate CA - DVG2C,Intermediate Certificate,Trusted,2026-04-08,2029-04-07,830905812307DF14C3D9D71B9A5A83247940857DD20BF6D67F6493D2070DA649,CEF71E70B7C29ADDF6C30CD19E614B38FD5F02A435A0EEDDD0087E183D101A51
A013098,InCommon Intermediate CA - DVG3C,Intermediate Certificate,Trusted,2026-04-08,2029-04-07,3460C02F0B4B06C2739CB0DE17B41062B94515D837652AEBFF77AE87E0930CFF,7DD78D5F4F13459A83DFF9ABBBA62EDBAF6F2D102BF257FD712F4D9F2746ED8D
A013096,InCommon Intermediate CA - EVG2C,Intermediate Certificate,Trusted,2026-04-08,2029-04-07,A83559D892F4692DA9A088A1B759773015D7AA6FB2B50B18C5F9F89CC27631E1,CEF71E70B7C29ADDF6C30CD19E614B38FD5F02A435A0EEDDD0087E183D101A51
A013100,InCommon Intermediate CA - EVG3C,Intermediate Certificate,Trusted,2026-04-08,2029-04-07,5F2F050F9CDD928FE50102244733CBA7EA72204D9A7686949CE59E402AD1AAB9,7DD78D5F4F13459A83DFF9ABBBA62EDBAF6F2D102BF257FD712F4D9F2746ED8D
A013095,InCommon Intermediate CA - OVG2C,Intermediate Certificate,Trusted,2026-04-08,2029-04-07,BA02F2F97BA481D19ED4906BAB5602A9CE1CCE5D1F362EB5EC4F9D828EF09FFC,CEF71E70B7C29ADDF6C30CD19E614B38FD5F02A435A0EEDDD0087E183D101A51
A013099,InCommon Intermediate CA - OVG3C,Intermediate Certificate,Trusted,2026-04-08,2029-04-07,566B3AF3CB6663A9F9E21EEF820889C2D1A4EA2F7DF0B7BB0D5060249870FA08,7DD78D5F4F13459A83DFF9ABBBA62EDBAF6F2D102BF257FD712F4D9F2746ED8D
A010755,InCommon RSA IGTF Server CA 2,Intermediate Certificate,Trusted,2022-11-16,2032-11-15,AFF8F4775B215CC5F354B87B000DEF768B18DA8F8F312D3D7FE01C79EC8820A5,E793C9B02FD8AA13E21C31228ACCB08119643B749C898964B1746D46C3D4CBD2
A010947,InCommon RSA IGTF Server CA 3,Intermediate Certificate,Trusted,2023-05-20,2033-05-19,FE79D9491B40BDE3F32FFCB652823C85E478AC5CE63A2027D39955BA7F6AC23B,E793C9B02FD8AA13E21C31228ACCB08119643B749C898964B1746D46C3D4CBD2
A013097,InCommon RSA IGTF Server CA 4,Intermediate Certificate,Trusted,2026-04-08,2029-04-07,F1A78E13D7AB31072E223918D257B541010AD93AE6D39F3D74A0D8B2EE4C3E7D,CEF71E70B7C29ADDF6C30CD19E614B38FD5F02A435A0EEDDD0087E183D101A51
A012832,InCommon RSA OV SSL CA 3,Intermediate Certificate,Trusted,2025-11-06,2035-11-05,9C0F288EAABB71405701020C972F8159446296078D38591C68499B12CE379444,7BB647A62AEEAC88BF257AA522D01FFEA395E0AB45C73F93F65654EC38F25A06
A011646,InCommon RSA Secure Email CA 3,Intermediate Certificate,Trusted,2024-06-05,2034-06-04,94A3CF64537134D8253645099C892F42EFA9E238F40FE0EF0DC4E521E09D5756,D5917A7791EB7CF20A2E57EB98284A67B28A57E89182DA53D546678C9FDE2B4F
A010754,InCommon RSA Server CA 2,Intermediate Certificate,Trusted,2022-11-16,2032-11-15,87E01CC4DD0C9D92A3DBD49092FF13F9CD387445CDC57E5B984E1B7721B5B029,E793C9B02FD8AA13E21C31228ACCB08119643B749C898964B1746D46C3D4CBD2
A010757,InCommon RSA Standard Assurance Client CA 2,Intermediate Certificate,Trusted,2022-11-16,2032-11-15,AE0F9632B069A41094F10FFFF9DA6DE76865A55B68DC964E7C90FC7493EFFE5E,E793C9B02FD8AA13E21C31228ACCB08119643B749C898964B1746D46C3D4CBD2
A006964,Inst. of Accelerating Systems and Applications TLS RSA SubCA R1,Intermediate Certificate,Trusted,2020-03-24,2028-03-22,146C1CF9BB7D231060D0FABD986E9850F00501F5A3B7B6AC42C51B38C8E22A23,A040929A02CE53B4ACF4F2FFC6981CE4496F755E6D45FE0B2A692BCD52523F36
A006762,International Hellenic University TLS RSA SubCA R1,Intermediate Certificate,Trusted,2020-01-21,2028-01-19,9C782F6B0558ADCB1CC9EF845320D14592C9220FCF0030C0980D9D753B06624F,A040929A02CE53B4ACF4F2FFC6981CE4496F755E6D45FE0B2A692BCD52523F36
A006965,Ionian University TLS RSA SubCA R1,Intermediate Certificate,Trusted,2020-03-24,2028-03-22,DA0C4981F6336E06C129F7E8143B2A54AA85A14A63CA44FCE2CDDC69EEE788C9,A040929A02CE53B4ACF4F2FFC6981CE4496F755E6D45FE0B2A692BCD52523F36
A012835,Izenpe ECC DV SSL CA,Intermediate Certificate,Trusted,2025-11-06,2035-11-05,E725CEBCF04DDC8F97F5CDFC9AF927058FF47FDF82A0330AAD7231E80EB9C10A,C90F26F0FB1B4018B22227519B5CA2B53E2CA5B3BE5CF18EFE1BEF47380C5383
A012838,Izenpe ECC EV SSL CA,Intermediate Certificate,Trusted,2025-11-06,2035-11-05,2AB52ACE98142350F6A2302F09F5377AC5837B716CADE9C5A262B3B467EA2992,C90F26F0FB1B4018B22227519B5CA2B53E2CA5B3BE5CF18EFE1BEF47380C5383
A012836,Izenpe ECC OV SSL CA,Intermediate Certificate,Trusted,2025-11-06,2035-11-05,38DEC4DB606B4EDC7EF2F4542460336C406A5B5670774DA05F49F97EBD20071A,C90F26F0FB1B4018B22227519B5CA2B53E2CA5B3BE5CF18EFE1BEF47380C5383
A012837,Izenpe RSA DV SSL CA,Intermediate Certificate,Trusted,2025-11-06,2035-11-05,0DA7A955092371F517D8A8DB0508109EC9C781C0654E5BB3BD9B8F6724D0094E,7BB647A62AEEAC88BF257AA522D01FFEA395E0AB45C73F93F65654EC38F25A06
A012834,Izenpe RSA EV SSL CA,Intermediate Certificate,Trusted,2025-11-06,2035-11-05,90F7181CBE6EC536B1DD9AC94ACE51FD543339D8A31A7DABC2EE8FA842103F13,7BB647A62AEEAC88BF257AA522D01FFEA395E0AB45C73F93F65654EC38F25A06
A012839,Izenpe RSA OV SSL CA,Intermediate Certificate,Trusted,2025-11-06,2035-11-05,3B41D6C4A26A821B35A6486FA62C8523C15E804A9FAF7803D2469832F72328A6,7BB647A62AEEAC88BF257AA522D01FFEA395E0AB45C73F93F65654EC38F25A06
A007183,JCAN Public CA1 - G4,Intermediate Certificate,Trusted,2020-07-05,2027-02-22,9AC4C8E358C095C998122ADD17A336C0AC597ECBECB7EDC3F58A75040CF94A5F,3A30D4A3043F195609E30F747754699CC6CC97E1F5FCB83DE87E659E579E39AD
A011539,JPRS DV ECC CA 2024 G1,Intermediate Certificate,Trusted,2024-04-04,2031-06-16,1B901D550A5A51F6737279C6021445F051BD293015612A5BAA3F8588829EE69A,E74FBDA55BD564C473A36B441AA799C8A68E077440E8288B9FA1E50E4BBACA11
A011784,JPRS DV RSA CA 2024 G1,Intermediate Certificate,Trusted,2024-04-04,2039-01-12,52361A6ABC835E7AD4B375F2165055303169DDE9FBEB4FAAF588ED532DDC2DCB,1435F225C5D252D7A21948CC3CE62AECFA88001E3DD72D1CC3555100EB372F93
A007227,JPRS Domain Validation Authority - G4,Intermediate Certificate,Trusted,2020-07-22,2029-05-29,F19D55CD08A3EA42BD91508073823174DD92370213C177F82531756DA7508A51,513B2CECB810D4CDE5DD85391ADFC6C2DD60D87BB736D2B521484AA47A0EBEF6
A011538,JPRS OV ECC CA 2024 G1,Intermediate Certificate,Trusted,2024-04-04,2031-06-16,9C280369D072F89D9C9B62640BBF2F28D2F30ECEE9759854031D5C5C53E8D1B6,E74FBDA55BD564C473A36B441AA799C8A68E077440E8288B9FA1E50E4BBACA11
A011783,JPRS OV RSA CA 2024 G1,Intermediate Certificate,Trusted,2024-04-04,2039-01-12,DAFA254E0173F0FD793A92ECFDF2C72C53EA5A761A73B7A3394C49182EA90933,1435F225C5D252D7A21948CC3CE62AECFA88001E3DD72D1CC3555100EB372F93
A007226,JPRS Organization Validation Authority - G4,Intermediate Certificate,Trusted,2020-07-22,2029-05-29,801C522D3AD138E4F05D467EA369C1CC276078BF284018D0525EBBBC5342C836,513B2CECB810D4CDE5DD85391ADFC6C2DD60D87BB736D2B521484AA47A0EBEF6
A010006,Johns Hopkins Aramco Healthcare Issuing CA,Intermediate Certificate,Trusted,2021-12-14,2031-12-13,C48FC3FF9EEA47057F827CFD63944701839CA2ACD809CDD04475956895C841CD,7D05EBB682339F8C9451EE094EEBFEFA7953A114EDB2F44949452FAB7D2FC185
A011821,Johns Hopkins Aramco Healthcare Issuing CA - G2,Intermediate Certificate,Trusted,2024-09-10,2034-09-09,6E1A79CCA1FA4EBC380EAE3C8B58A999B2FE6D7E6F88CFB0A8FB6DE12D3A2583,7D05EBB682339F8C9451EE094EEBFEFA7953A114EDB2F44949452FAB7D2FC185
A011959,Johns Hopkins Aramco Healthcare Issuing CA - G3,Intermediate Certificate,Trusted,2024-11-20,2034-11-19,0B5A6C1F3DE21CC2D04389D91807A62A03D2DBCFC2A84CDD227DAA2A66792DB5,7D05EBB682339F8C9451EE094EEBFEFA7953A114EDB2F44949452FAB7D2FC185
A011574,JoySSL DV Secure Server CA,Intermediate Certificate,Trusted,2024-04-14,2034-04-14,9C6DA141CB394CE6B971A23F988647FF4442E798F0718771B5485A0CC7402335,9BEA11C976FE014764C1BE56A6F914B5A560317ABD9988393382E5161AA0493C
A011581,JoySSL DV Secure Server CA G1,Intermediate Certificate,Trusted,2024-04-27,2034-04-27,AA9CD0737407E9E9D9D86B145A2CFD7CD385C28BCF5996AA8D9A6DA5FC76F3A2,9BEA11C976FE014764C1BE56A6F914B5A560317ABD9988393382E5161AA0493C
A011805,JoySSL DV TLS G2 R33 CA,Intermediate Certificate,Trusted,2024-08-20,2033-08-08,43EDFB2C7C93E63D6566D240EB9C69CFF5C0D5C996C4AC9BCC9CE75828C3B9BE,FE7696573855773E37A95E7AD4D9CC96C30157C15D31765BA9B15704E1AE78FD
A010034,JoySSL Domain Secure Server CA,Intermediate Certificate,Trusted,2022-01-11,2032-01-10,BF97DB75C13615FAFC6D1E75EDC3FE331C49806969A5A83D78596D1A1006AFF9,E793C9B02FD8AA13E21C31228ACCB08119643B749C898964B1746D46C3D4CBD2
A011149,JoySSL ECC Organization Validation Secure Server CA,Intermediate Certificate,Trusted,2023-08-02,2033-08-01,14F74902B898D199989D3A33792809DABB350D44CF03C9C498048B486E443804,4FF460D54B9C86DABFBCFC5712E0400D2BED3FBC4D4FBDAA86E06ADCD2A9AD7A
A011577,JoySSL OV Secure Server CA,Intermediate Certificate,Trusted,2024-04-14,2034-04-14,ACA090CBDBDD35520B22EC3CF7032655BA16A2C800F804B3AAB7F865FA6FC387,9BEA11C976FE014764C1BE56A6F914B5A560317ABD9988393382E5161AA0493C
A011582,JoySSL OV Secure Server CA G1,Intermediate Certificate,Trusted,2024-04-27,2034-04-27,0DD33FA366CA02808D29A5C1C456496AB5015C3604EB21C101406AF2533D998A,9BEA11C976FE014764C1BE56A6F914B5A560317ABD9988393382E5161AA0493C
A011806,JoySSL OV TLS G2 R33 CA,Intermediate Certificate,Trusted,2024-08-20,2033-08-08,EF3653AC5056AA4C6EF72AA922F43DAF750CA901AD1198FEA1B81E0D10B51E0A,FE7696573855773E37A95E7AD4D9CC96C30157C15D31765BA9B15704E1AE78FD
A011495,K Software RSA Domain Validation Secure Server CA 3,Intermediate Certificate,Trusted,2024-03-16,2034-03-15,C895995080092E4685AE6D4E1EFA7C419131AE80FDCAE1FCA83DA2F8F9951236,7BB647A62AEEAC88BF257AA522D01FFEA395E0AB45C73F93F65654EC38F25A06
A006694,KAINOS-PUBLIC-TRUST,Intermediate Certificate,Trusted,2019-11-26,2029-11-26,802E0B133D61441A0A6AF799DC5E4B260972990D6DCB87DC0ACFC585D9082610,7D05EBB682339F8C9451EE094EEBFEFA7953A114EDB2F44949452FAB7D2FC185
A011712,KAINOS-PUBLIC-TRUST G2,Intermediate Certificate,Trusted,2024-07-10,2034-07-09,15EA4560F517504F76AEDC836F287FA7BECB738D5C50793D23BC77D96F2AFA33,7D05EBB682339F8C9451EE094EEBFEFA7953A114EDB2F44949452FAB7D2FC185
A004136,KIT-CA,Intermediate Certificate,Trusted,2016-11-03,2031-02-22,01B9F3D08E31A9E8E1600D118C2ABFD856875EA60827020469865BA242EEBE1C,F660B0C256481CB2BFC67661C1EA8FEEE395B7141BCAC36C36E04D08CD9E1582
A010732,KMS Solutions LLC Email CA,Intermediate Certificate,Trusted,2022-11-10,2032-11-09,A42AD4E053901C06BEF79F9A7A03DB0631C2B64F780EFAB753CFB2629EFB648D,7D05EBB682339F8C9451EE094EEBFEFA7953A114EDB2F44949452FAB7D2FC185
A004082,KPN BV PKIoverheid Organisatie Persoon CA - G3,Intermediate Certificate,Trusted,2016-12-08,2028-11-12,A9B5698C5263BEFF3D60720DC1844CB95D16F06E04268BCE3BE4D60282B01EF9,8222BC4FE7A3DDCA9EF0BF0D682AC888799F87822D15332A54C0BFDFC6854F7B
A004081,KPN BV PKIoverheid Organisatie Services CA - G3,Intermediate Certificate,Trusted,2016-12-08,2028-11-12,F22DB657A1A929841ABCAC52671A5CEE8A7D069586AF85CE16DE2B05DDA22252,D9581DBDE99B39EEFF6CE5C80DE1650DA0C1C8A109705ED286C53BC95E6655E4
A011547,KeepTrust DV TLS RSA CA G1,Intermediate Certificate,Trusted,2024-04-14,2034-04-14,A879CB01A2661C255B9C2B9BE0B20BA74EEA9546E21A82C570E177CF5BF4AEDA,9BEA11C976FE014764C1BE56A6F914B5A560317ABD9988393382E5161AA0493C
A011583,KeepTrust DV TLS RSA CA G2,Intermediate Certificate,Trusted,2024-04-27,2034-04-27,352582CCC85B3944E3CD2505D9318F22ABEA418BFF29A0FE4D2C0DF280F200E3,9BEA11C976FE014764C1BE56A6F914B5A560317ABD9988393382E5161AA0493C
A011573,KeepTrust OV TLS RSA CA G1,Intermediate Certificate,Trusted,2024-04-14,2034-04-14,FFD0D9EEEAAFBB4C44F71392F20A52E0F65896854933139640722DECFC2D4658,9BEA11C976FE014764C1BE56A6F914B5A560317ABD9988393382E5161AA0493C
A011584,KeepTrust OV TLS RSA CA G2,Intermediate Certificate,Trusted,2024-04-27,2034-04-27,CD50559A6DC5C704237EABF9A070B79F0CDFC1A79C3A6AC8C5E71E295A065D0A,9BEA11C976FE014764C1BE56A6F914B5A560317ABD9988393382E5161AA0493C
A012032,Keymatic Secure Business ECC CA G1,Intermediate Certificate,Trusted,2025-01-05,2035-01-05,75C4AF6628E7D01DD369593EFD727E3560ED9DDD67B04325655821BD23281A2B,9BEA11C976FE014764C1BE56A6F914B5A560317ABD9988393382E5161AA0493C
A012026,Keymatic Secure Business RSA CA G1,Intermediate Certificate,Trusted,2025-01-05,2035-01-05,5523644185E21EF943A505A1C438167DA1FE7B14BEF2D243E53DE8C2B4263EB7,9BEA11C976FE014764C1BE56A6F914B5A560317ABD9988393382E5161AA0493C
A012033,Keymatic Secure Domain ECC CA G1,Intermediate Certificate,Trusted,2025-01-05,2035-01-05,B07D2ACA4F29E2449B5ADB7CCB31C64C43854044A2DAA2AC838788026C684C0C,9BEA11C976FE014764C1BE56A6F914B5A560317ABD9988393382E5161AA0493C
A012027,Keymatic Secure Domain RSA CA G1,Intermediate Certificate,Trusted,2025-01-05,2035-01-05,F3C9431A163BECE79562093F0734DF6ED05618551CFEE0ABA949A77E959D8AAE,9BEA11C976FE014764C1BE56A6F914B5A560317ABD9988393382E5161AA0493C
A011498,Keysec GR3 DV TLS CA 2024,Intermediate Certificate,Trusted,2024-03-20,2027-03-20,F03655CFE85B3A3F2AF2FD37CAB9EA283B3A28A9B6157FE9BEB75C17C0611B3A,CBB522D7B7F127AD6A0113865BDF1CD4102E7D0759AF635A7CF4720DC963C53B
A011500,Keysec GR3 EV TLS CA 2024,Intermediate Certificate,Trusted,2024-03-20,2027-03-20,9173EFAEA4E61855EB858D107DBA94A1CD18CAE00EAF9C7EDB57201AD99A9BFD,CBB522D7B7F127AD6A0113865BDF1CD4102E7D0759AF635A7CF4720DC963C53B
A011499,Keysec GR3 OV TLS CA 2024,Intermediate Certificate,Trusted,2024-03-20,2027-03-20,8AFDA1ED73BF375DC6E097DB871BBFE4CEB68E61381C39BDF6A4576DC171BFB2,CBB522D7B7F127AD6A0113865BDF1CD4102E7D0759AF635A7CF4720DC963C53B
A007953,Kyndryl Certification Authority G1,Intermediate Certificate,Trusted,2021-10-26,2031-10-25,D83CD35EFE9C610529D4CB2E27229E4DE74A1A29573C24282E0C05C3B388BFAD,7D05EBB682339F8C9451EE094EEBFEFA7953A114EDB2F44949452FAB7D2FC185
A011608,Kyndryl Certification Authority G2,Intermediate Certificate,Trusted,2024-05-08,2034-05-07,1F9D2D44E84DC190F0A9A6DBB44D75C6FDDBAB1C82985D09A6D9866BF746758B,7D05EBB682339F8C9451EE094EEBFEFA7953A114EDB2F44949452FAB7D2FC185
A011835,Kyndryl Certification Authority G3,Intermediate Certificate,Trusted,2024-09-17,2034-09-16,CCEBA05F97B2926C78BEB56AEEC080736663AB26A83C12A00658011B2F6A2412,7D05EBB682339F8C9451EE094EEBFEFA7953A114EDB2F44949452FAB7D2FC185
A011020,LATSSL EV TLS Issuing RSA CA 1,Intermediate Certificate,Trusted,2023-06-26,2033-06-23,7F1AD73878E0EA7CFD705675C4DDA688CB25E122F6C8564FDDFC14BDBF041837,9B25A6A7BD51BC5F5C4F06E0D1218FD370DD31FAFD5CD3B627C82F202F1B4657
A012323,LATSSL EV TLS Issuing RSA CA 2,Intermediate Certificate,Trusted,2025-05-07,2035-05-05,595C68403E1C3ED74213B1AD2EB216E3C1CD2E458A9863785030D027552C9F93,6CC95D21D4C7BA39736E4E703E4260B7EFB6DCCD91431ED5C43D7E0986B39554
A011024,LATSSL TLS Issuing RSA CA 1,Intermediate Certificate,Trusted,2023-06-26,2033-06-23,5355C4F8C6CC330B0D813D6194CF206895EE6F3977AC0C99E509260488E6D5C8,EDAC9C45909F4DEC7BB65F0A4FBF6A8A0375E52AEDD66E06888FED7E3EDEC537
A012322,LATSSL TLS Issuing RSA CA 2,Intermediate Certificate,Trusted,2025-05-07,2035-05-05,2411E6D673FBB7D296655FD97EFC2D54BC5F22B781F73A2338B44A62A148E642,FFE930442DFEB69CE29A908B6A639B370BD6BA6075F931AB83561D938B453A21
A010927,LAWtrust Secure CA01,Intermediate Certificate,Trusted,2023-04-25,2033-04-25,0946BE0774BF32AC7B0E2E9ABE20D9F44152F4EF19611C5FB779ADC5A9A5E2F0,48E1CF9E43B688A51044160F46D773B8277FE45BEAAD0E4DF90D1974382FEA99
A011391,LH.pl CA,Intermediate Certificate,Trusted,2024-01-02,2027-05-11,E4B2A0736F95950D11B82C9E6C32031E1420E06A66493E665F128AE499498FAB,9E852C59DFC6FD6ABD4E17EA80B5F4E56FC04192D107258D54DA8A92528670D6
A010556,LMAX Trust Services CA R2,Intermediate Certificate,Trusted,2022-08-17,2037-08-16,84F83527414D88C44BFD875A8521DD0C3BFC38190848DBC24914A22B24AFBC9C,7D05EBB682339F8C9451EE094EEBFEFA7953A114EDB2F44949452FAB7D2FC185
A011535,LMAX Trust Services CA R3,Intermediate Certificate,Trusted,2024-04-03,2034-04-02,70D29802ADD470C775BA7CBEC3BB5FFC473DD5096CBC4E59AF0B78D18A9A31D6,7D05EBB682339F8C9451EE094EEBFEFA7953A114EDB2F44949452FAB7D2FC185
A007125,Legacy Technologies Intermediate,Intermediate Certificate,Trusted,2020-07-02,2030-07-02,1032C6001ED664A0CD343B138BCB6860E2111011C3D5F06540F5BE41147812A5,CB3CCBB76031E5E0138F8DD39A23F9DE47FFC35E43C1144CEA27D46A5AB1CB5F
A011501,Leocert TLS Issuing ECC CA 1,Intermediate Certificate,Trusted,2024-03-21,2034-03-19,79089DA0678E085080E58D54C462B313EF78416A8724FACE7D1A8937438E00C7,5D1BC399274E649E1C72697DE91A54AD725088C5221CB61E17EE9C290BC42A92
A011502,Leocert TLS Issuing RSA CA 1,Intermediate Certificate,Trusted,2024-03-21,2034-03-19,1A70FE182751E637C0E5D3D553E75BDBA1D655FFE5411D9B390B73C8378FA72C,FFE930442DFEB69CE29A908B6A639B370BD6BA6075F931AB83561D938B453A21
A011870,Lidl & Kaufland Asia ECC Secure Email CA,Intermediate Certificate,Trusted,2024-10-03,2034-10-02,B6B73C221FD1367D5CDE49D6C53725D1F83882AB6DBE21DBA57BD29116F876D5,22D9599234D60F1D4BC7C7E96F43FA555B07301FD475175089DAFB8C25E477B3
A011868,Lidl & Kaufland Asia RSA Secure Email CA,Intermediate Certificate,Trusted,2024-10-03,2034-10-02,1BC55F92EC2BF0B80EADB2BD3AD673E8D8771BC90C3260847006452CA2494D32,D5917A7791EB7CF20A2E57EB98284A67B28A57E89182DA53D546678C9FDE2B4F
A011041,LinQuest GCC R3 SMIME CA 2020,Intermediate Certificate,Trusted,2023-06-28,2029-03-18,7BB16E460DFF6DBC33D941D5552D494B71E776B79FFDE7A5C0413F64A768931E,CBB522D7B7F127AD6A0113865BDF1CD4102E7D0759AF635A7CF4720DC963C53B
A007303,LinQuest GCC R3 SMIME CA 2020,Intermediate Certificate,Trusted,2020-08-19,2029-03-18,DDD73ABF0259F18F77CA598C2745EA18243526B10D371D7E3B088D68C88C0A97,CBB522D7B7F127AD6A0113865BDF1CD4102E7D0759AF635A7CF4720DC963C53B
A012814,LiteSSL ECC CA 2025,Intermediate Certificate,Trusted,2025-10-21,2030-10-21,86C2A5EFB7A5C8D2C7654160F0C19EEAAA0E6AE43B249F0C4D17024CDC7D2939,C0076B9EF0531FB1A656D67C4EBE97CD5DBAA41EF44598ACC2489878C92D8711
A012815,LiteSSL Pro ECC CA 2025,Intermediate Certificate,Trusted,2025-10-21,2030-10-21,EF727545CA777621BA1707BA3BF15890ED123B088DC3384C2097871BF85FAE00,C0076B9EF0531FB1A656D67C4EBE97CD5DBAA41EF44598ACC2489878C92D8711
A012808,LiteSSL Pro RSA CA 2025,Intermediate Certificate,Trusted,2025-10-21,2030-10-21,493582B1DEE123195F9C50B17697C56AC468747D5FE60E6C25AC739DBE5C2A97,06C08D7DAFD876971EB1124FE67F847EC0C7A158D3EA53CBE940E2EA9791F4C3
A012806,LiteSSL RSA CA 2025,Intermediate Certificate,Trusted,2025-10-21,2030-10-21,AD4DF1416B387E6ABBF8612B5807C2A2B404F6AA3AA50EAB360FDE30EB6F0F11,06C08D7DAFD876971EB1124FE67F847EC0C7A158D3EA53CBE940E2EA9791F4C3
A011338,M.H. Alshaya Co. W.L.L. Public RSA User CA1,Intermediate Certificate,Trusted,2023-12-13,2033-12-12,4B3EC62A1FC5155C5864CB3963D9F77B506C48A07AB50E97DCA928AAD77859E4,7D05EBB682339F8C9451EE094EEBFEFA7953A114EDB2F44949452FAB7D2FC185
A004135,MPG CA - G02,Intermediate Certificate,Trusted,2016-11-03,2031-02-22,FC2245BE59DC6461D4119C3A06EDBEE4D288556BD88C479E30ED5F3E81616469,F660B0C256481CB2BFC67661C1EA8FEEE395B7141BCAC36C36E04D08CD9E1582
A011381,MR1,Intermediate Certificate,Trusted,2023-12-13,2029-02-20,BDF40C618E862D9B6B52718A1FB35BB951DFDBD2428B17D8A3FC64DF9E5DF355,8D25CD97229DBF70356BDA4EB3CC734031E24CF00FAFCFD32DC76EB5841C7EA8
A010190,MSFT RS256 CA-1,Intermediate Certificate,Trusted,2022-04-28,2032-04-27,F5D4CAD53B3F2EF39810DA6D3CD5FF7663F4ABB87738827CCECAFF6FCC3EAFC4,CB3CCBB76031E5E0138F8DD39A23F9DE47FFC35E43C1144CEA27D46A5AB1CB5F
A011496,MarketWare RSA Domain Validation Secure Server CA 3,Intermediate Certificate,Trusted,2024-03-16,2034-03-15,379DD93547ECBE1CF67F7D94AD2FC3DC62CF16E677D71213565D0AC9927EE55E,7BB647A62AEEAC88BF257AA522D01FFEA395E0AB45C73F93F65654EC38F25A06
A011497,MarketWare RSA Extended Validation Secure Server CA 3,Intermediate Certificate,Trusted,2024-03-16,2034-03-15,95ADC8350E848D9120F77BE7D5FA587508553B651ADA3A42A3F0C8ADC9363DD2,7BB647A62AEEAC88BF257AA522D01FFEA395E0AB45C73F93F65654EC38F25A06
A011175,MarketWare RSA Organization Validation Secure Server CA 3,Intermediate Certificate,Trusted,2023-08-02,2033-08-01,F6138950DEFB71D2CB1456401E1BE00DA15A0D3B3F39ABB9555DBC7C3EC5C2E3,E793C9B02FD8AA13E21C31228ACCB08119643B749C898964B1746D46C3D4CBD2
A013304,MarketWare RSA Organization Validation Secure Server CA 4,Intermediate Certificate,Trusted,2026-07-22,2036-07-21,045B1122D0B7E74B867ABC87C56F90D4DF558169F252358B236C6D7AC3C35A28,7BB647A62AEEAC88BF257AA522D01FFEA395E0AB45C73F93F65654EC38F25A06
A011176,MarketWare RSA Secure Email CA 3,Intermediate Certificate,Trusted,2023-08-02,2033-08-01,21671C54467AA9B0049502E440370006D48EC81A2B034DFEFF3EBF6BA509C348,E793C9B02FD8AA13E21C31228ACCB08119643B749C898964B1746D46C3D4CBD2
A013305,MarketWare RSA Secure Email CA 4,Intermediate Certificate,Trusted,2026-07-22,2036-07-21,D3DE0A592D4CD223077DAE833DA69B0C10A81AF9303F9484D134AE8942DC4AFE,D5917A7791EB7CF20A2E57EB98284A67B28A57E89182DA53D546678C9FDE2B4F
A011233,McAfee RSA Organization Validation Secure Server CA 3,Intermediate Certificate,Trusted,2023-08-15,2033-08-14,0D99048511C90E16631A97FA766F28ADEEDC1318624E3754B24FD60FD5A4BC4D,E793C9B02FD8AA13E21C31228ACCB08119643B749C898964B1746D46C3D4CBD2
A012941,McAfee RSA Organization Validation Secure Server CA 4,Intermediate Certificate,Trusted,2026-02-04,2036-02-03,B0A4A29444CCCB7931EEC43D08498C955230DF73C8707023878202910EAED23E,7BB647A62AEEAC88BF257AA522D01FFEA395E0AB45C73F93F65654EC38F25A06
A011277,McAfee RSA Secure Email CA 3,Intermediate Certificate,Trusted,2023-10-26,2033-10-25,BC0C07C421B489419BFEEB2A50D74E615B7CD7AA5D83CA95378143B6D923BF61,E793C9B02FD8AA13E21C31228ACCB08119643B749C898964B1746D46C3D4CBD2
A012942,McAfee RSA Secure Email CA 4,Intermediate Certificate,Trusted,2026-02-04,2036-02-03,604B014C95D0786C9355833F375AA769363D9706071B1F8D22A15CE37C372687,D5917A7791EB7CF20A2E57EB98284A67B28A57E89182DA53D546678C9FDE2B4F
A004417,Microsec e-Szigno Root CA 2009,Intermediate Certificate,Trusted,2009-06-16,2029-12-30,8E8C6EBF77DC73DB3E38E93F4803E62B6B5933BEB51EE4152F68D7AA14426B31,3C5F81FEA5FAB82C64BFA2EAECAFCDE8E077FC8620A7CAE537163DF36EDBF378
A006945,Microsec e-Szigno Root CA 2009,Intermediate Certificate,Trusted,2009-03-06,2038-01-18,72F9AF2158181BAF16D60C9B4E6F4BD7CA8D2341AD48AFDB67CB4C8332D546F6,3C5F81FEA5FAB82C64BFA2EAECAFCDE8E077FC8620A7CAE537163DF36EDBF378
A010972,Microsoft Azure ECC TLS Issuing CA 03,Intermediate Certificate,Trusted,2023-05-25,2028-05-25,2EC9A5BA68B60F81E5F8662F7645743CCE1EDCE06AF686C775431F7BBB69ABD4,358DF39D764AF9E1B766E9C972DF352EE15CFAC227AF6AD1D70E8E4A6EDCBA02
A010964,Microsoft Azure ECC TLS Issuing CA 04,Intermediate Certificate,Trusted,2023-05-25,2028-05-25,4D0F5DA23B099209B048E1871B4BB1C4B4E812E3FA0249BB8D19E00FFA9E91BC,358DF39D764AF9E1B766E9C972DF352EE15CFAC227AF6AD1D70E8E4A6EDCBA02
A010965,Microsoft Azure ECC TLS Issuing CA 07,Intermediate Certificate,Trusted,2023-05-25,2028-05-25,BD3816423553ED993FA44A02F5562470C0CFB0D3B00532E3526A4A3AEC87522F,358DF39D764AF9E1B766E9C972DF352EE15CFAC227AF6AD1D70E8E4A6EDCBA02
A010967,Microsoft Azure ECC TLS Issuing CA 08,Intermediate Certificate,Trusted,2023-05-25,2028-05-25,2C99B917B7A068578F7EFB4FB8E60B9CB5A0E73BF300E0E1DC112E5654C5AE52,358DF39D764AF9E1B766E9C972DF352EE15CFAC227AF6AD1D70E8E4A6EDCBA02
A010968,Microsoft Azure RSA TLS Issuing CA 03,Intermediate Certificate,Trusted,2023-05-25,2028-05-25,3D3F4B440F933FFD269565EDA9E20E8DF863C9CBE3651D3B476C5B4F4AF5CE28,C741F70F4B2A8D88BF2E71C14122EF53EF10EBA0CFA5E64CFA20F418853073E0
A010969,Microsoft Azure RSA TLS Issuing CA 04,Intermediate Certificate,Trusted,2023-05-25,2028-05-25,FD39FFC48F148354262162A2F55DD46DC2564CFC1499309AD53F09C10981DCCA,C741F70F4B2A8D88BF2E71C14122EF53EF10EBA0CFA5E64CFA20F418853073E0
A010970,Microsoft Azure RSA TLS Issuing CA 07,Intermediate Certificate,Trusted,2023-05-25,2028-05-25,FBB7926A451BADF516BE518614A77E6E325E29819908796D807F59320F918EE2,C741F70F4B2A8D88BF2E71C14122EF53EF10EBA0CFA5E64CFA20F418853073E0
A010971,Microsoft Azure RSA TLS Issuing CA 08,Intermediate Certificate,Trusted,2023-05-25,2028-05-25,CFDD061FCD4CFF3BB9E133264CA7FDE45CA49B70CFAA977AE0DC422B4330A8C1,C741F70F4B2A8D88BF2E71C14122EF53EF10EBA0CFA5E64CFA20F418853073E0
A012405,Microsoft TLS ECC Root G2,Intermediate Certificate,Trusted,2025-05-21,2029-06-19,61799E3594F6FA6C9F619031E4A3C9F643FDA38C083704A5075E5709A21B1AB7,31AD6648F8104138C738F39EA4320133393E3A18CC02296EF97C2AC9EF6731D0
A012677,Microsoft TLS G1 ECC CA 01,Intermediate Certificate,Trusted,2025-08-28,2030-08-28,2B5F1CA6E115D42112224720694D73BA50CA9B5C64E9DA2529B8F4AAF38DF384,358DF39D764AF9E1B766E9C972DF352EE15CFAC227AF6AD1D70E8E4A6EDCBA02
A012678,Microsoft TLS G1 ECC CA 02,Intermediate Certificate,Trusted,2025-08-28,2030-08-28,C8201D6406020821C00855E25CF826983BBD143F074935F440FB3BF980A2F90A,358DF39D764AF9E1B766E9C972DF352EE15CFAC227AF6AD1D70E8E4A6EDCBA02
A012673,Microsoft TLS G1 RSA CA 01,Intermediate Certificate,Trusted,2025-08-28,2030-08-28,79DBA0721F6DC1AD8EDC3DC27518702F970044188928BF7E8B42A04531424F73,C741F70F4B2A8D88BF2E71C14122EF53EF10EBA0CFA5E64CFA20F418853073E0
A012674,Microsoft TLS G1 RSA CA 02,Intermediate Certificate,Trusted,2025-08-28,2030-08-28,04396B0ED932A93150457013D839077784BFB143EA900B6A4990FCA139CBD4D1,C741F70F4B2A8D88BF2E71C14122EF53EF10EBA0CFA5E64CFA20F418853073E0
A012675,Microsoft TLS G1 RSA CA 03,Intermediate Certificate,Trusted,2025-08-28,2030-08-28,8797D4D4A3473CA1D86A279BED9639937B27C52F3CDA0B6009D695BC373BDEBB,C741F70F4B2A8D88BF2E71C14122EF53EF10EBA0CFA5E64CFA20F418853073E0
A012676,Microsoft TLS G1 RSA CA 04,Intermediate Certificate,Trusted,2025-08-28,2030-08-28,2765F456AA084CC2BA015C44D42EC783F2BF6E706C9132E8A6EFD3C800F32D93,C741F70F4B2A8D88BF2E71C14122EF53EF10EBA0CFA5E64CFA20F418853073E0
A012577,Microsoft TLS G2 ECC CA OCSP 02,Intermediate Certificate,Trusted,2025-08-01,2029-06-03,8A7B34C8E82EFB3B5B416671230729FAD2E26279383FB2993ED2920BD6E21241,87755CFE88BDB0D1099DCDED3EAE114BA976E664B3248EE3DC649E357F17E8A7
A012606,Microsoft TLS G2 ECC CA OCSP 04,Intermediate Certificate,Trusted,2025-08-14,2029-06-03,36A52BC5A51CA90DF18A1BAFF92982301582A54C2BBE4F8D618D96D2E830A501,87755CFE88BDB0D1099DCDED3EAE114BA976E664B3248EE3DC649E357F17E8A7
A012578,Microsoft TLS G2 ECC CA OCSP 06,Intermediate Certificate,Trusted,2025-08-01,2029-06-03,27B122BC1DBE12C88B1ACBEBC33030BDBCCF4DE724EC8E82266513D0797C097A,87755CFE88BDB0D1099DCDED3EAE114BA976E664B3248EE3DC649E357F17E8A7
A012607,Microsoft TLS G2 ECC CA OCSP 08,Intermediate Certificate,Trusted,2025-08-14,2029-06-03,C72C4B58522EE034B49A26EE822BC4D67C8D348756C5BB373B6A2D7B821A97B0,87755CFE88BDB0D1099DCDED3EAE114BA976E664B3248EE3DC649E357F17E8A7
A012579,Microsoft TLS G2 RSA CA OCSP 02,Intermediate Certificate,Trusted,2025-08-01,2029-06-03,EA7A25255D111FC3CE4CB8FABE3ADF9C27BBE6DB203F955066BAB4C5A71F3D08,6A170583DB584151E1C454EECA2A64CC5D8E484A5BD1156E720B4458654EE9E5
A012580,Microsoft TLS G2 RSA CA OCSP 04,Intermediate Certificate,Trusted,2025-08-01,2029-06-03,AC8EA9F2874FD368A3E778B1A0B165EE898DB9B9687C17EDCDC76908AB58C82C,6A170583DB584151E1C454EECA2A64CC5D8E484A5BD1156E720B4458654EE9E5
A012581,Microsoft TLS G2 RSA CA OCSP 06,Intermediate Certificate,Trusted,2025-08-01,2029-06-03,16B74B335C6F9801CFC499E39CC292F6D13C5191BE87126226403819DA4AD213,6A170583DB584151E1C454EECA2A64CC5D8E484A5BD1156E720B4458654EE9E5
A012608,Microsoft TLS G2 RSA CA OCSP 08,Intermediate Certificate,Trusted,2025-08-14,2029-06-03,885451307A4ABF298BB28ADD793EC7826629B057ECA79E6F51DC51F42CD64A2D,6A170583DB584151E1C454EECA2A64CC5D8E484A5BD1156E720B4458654EE9E5
A012582,Microsoft TLS G2 RSA CA OCSP 10,Intermediate Certificate,Trusted,2025-08-01,2029-06-03,6EBFF927297A5B3AAF5EAE672252C36A5158473FA5BBF0E29508D5528358F83B,6A170583DB584151E1C454EECA2A64CC5D8E484A5BD1156E720B4458654EE9E5
A012609,Microsoft TLS G2 RSA CA OCSP 12,Intermediate Certificate,Trusted,2025-08-14,2029-06-03,D9280DDA01FCDFE208955CC7FBEF27C3909C0A05D2C2E24E27DBB33C3BE5889C,6A170583DB584151E1C454EECA2A64CC5D8E484A5BD1156E720B4458654EE9E5
A012610,Microsoft TLS G2 RSA CA OCSP 14,Intermediate Certificate,Trusted,2025-08-14,2029-06-03,B2ABE84672548695C111FF9A9D6D8D55EABABF2FC311D02ECF86A93CD7FCE361,6A170583DB584151E1C454EECA2A64CC5D8E484A5BD1156E720B4458654EE9E5
A012583,Microsoft TLS G2 RSA CA OCSP 16,Intermediate Certificate,Trusted,2025-08-01,2029-06-03,38D895F5105BC2545822C17A2444F4B0EA3D298D2C15A38296AA7295A3D85CE9,6A170583DB584151E1C454EECA2A64CC5D8E484A5BD1156E720B4458654EE9E5
A012404,Microsoft TLS RSA Root G2,Intermediate Certificate,Trusted,2025-05-21,2029-06-19,DDCD1E8A20638D4AAFF7201BB1D56452ACD2C759F1686BDC38F73DD15732BDC2,CB3CCBB76031E5E0138F8DD39A23F9DE47FFC35E43C1144CEA27D46A5AB1CB5F
A006487,Ministerie van Defensie PKIoverheid Organisatie Persoon CA - G3,Intermediate Certificate,Trusted,2019-06-27,2028-11-12,5F6CAA44A4663C441DD92C8B6655FBF97CF6E1D6934DB8F5F8D97ADF7033FAAC,8222BC4FE7A3DDCA9EF0BF0D682AC888799F87822D15332A54C0BFDFC6854F7B
A007836,Monte Titoli Public Trust CA,Intermediate Certificate,Trusted,2021-07-07,2031-07-06,561FB017C53FE711EA356164B3A486E60C369267BA0FBF1B5A6C839AE26EFA7E,1D64D347A041AE7A4F9545047E3760D16ECF98360CDF7888A1CC23C2AFA3BC27
A011790,Monte Titoli Public Trust CA G2,Intermediate Certificate,Trusted,2024-08-20,2034-08-12,6405BB14292E08C440E28186E24F20DB0B4DF93F13D57C4847EA30EA558044B3,02AF66C64A57A322DF7451B417E8DAD0B84DCC7EF2A8AB488992E35787B27B11
A012325,MuaSSL.com EV TLS Issuing ECC CA 2,Intermediate Certificate,Trusted,2025-05-07,2035-05-05,6ED37A6CDAEDFF67B5224C27A120FECBFB98DA00FB95515491A9CA1962C651C0,4CF773F955FDB7A97DB1250F2FD7BA36075A96166BB5CC417B5C021D0F70ADF2
A009993,MuaSSL.com EV TLS Issuing ECC CA R1,Intermediate Certificate,Trusted,2021-11-16,2031-11-14,785FD32364C457E2AEB4353AA95808F371AA8906E11C40E13C338A6B3EE73BE1,9B25A6A7BD51BC5F5C4F06E0D1218FD370DD31FAFD5CD3B627C82F202F1B4657
A012324,MuaSSL.com EV TLS Issuing RSA CA 2,Intermediate Certificate,Trusted,2025-05-07,2035-05-05,6837A498BB69DEC749FFF4FD1F5FFDC5665A7C1A326FC6D7A057866BA00AAFD2,6CC95D21D4C7BA39736E4E703E4260B7EFB6DCCD91431ED5C43D7E0986B39554
A009992,MuaSSL.com EV TLS Issuing RSA CA R1,Intermediate Certificate,Trusted,2021-11-16,2031-11-14,38F58CAF650CCD4F6027D1C922682891A165FEF491FC1D333FE8A9C851586D48,9B25A6A7BD51BC5F5C4F06E0D1218FD370DD31FAFD5CD3B627C82F202F1B4657
A012321,MuaSSL.com TLS Issuing ECC CA 2,Intermediate Certificate,Trusted,2025-05-07,2035-05-05,5F8EB0F8A666953A11AC0B537E70C7BDF20EC739FCD3ABC49051B825A1FD1673,5D1BC399274E649E1C72697DE91A54AD725088C5221CB61E17EE9C290BC42A92
A009990,MuaSSL.com TLS Issuing ECC CA R1,Intermediate Certificate,Trusted,2021-11-16,2031-11-14,623ABEC6F85A7028ACA10F5BDC5D81B56B6314DF28743FFCC84ECA32F35AE846,EDAC9C45909F4DEC7BB65F0A4FBF6A8A0375E52AEDD66E06888FED7E3EDEC537
A012320,MuaSSL.com TLS Issuing RSA CA 2,Intermediate Certificate,Trusted,2025-05-07,2035-05-05,00878FD47459C4ADB75AF53FB2C25929776B33469E2EC967DF500CB879624BA8,FFE930442DFEB69CE29A908B6A639B370BD6BA6075F931AB83561D938B453A21
A009991,MuaSSL.com TLS Issuing RSA CA R1,Intermediate Certificate,Trusted,2021-11-16,2031-11-14,52999873A3D12A4571DB9A160576A9D951AD4E4A7DA31C5C10613805E9224325,EDAC9C45909F4DEC7BB65F0A4FBF6A8A0375E52AEDD66E06888FED7E3EDEC537
A013204,NAVER Cloud Trust Services ECC Root G1,Intermediate Certificate,Trusted,2026-06-04,2036-06-04,9C6D1D29072CEB7E12F436D6EC27EFE9F9D7A132968A4B2AAB955654CE8D2004,88F438DCF8FFD1FA8F429115FFE5F82AE1E06E0C70C375FAAD717B34A49E7265
A012850,NAVER Cloud Trust Services G1 ECC CA3,Intermediate Certificate,Trusted,2025-11-19,2028-10-18,41C587A6BAC0143297D0EDC5D522B57CD8B2D1A0D4913A1B534A9F9A86668536,A7C8681042F3675AA8505D3BA313D80F8AC3250FDF874AD29B834689C087FB11
A013202,NAVER Cloud Trust Services G1 ECC CA4,Intermediate Certificate,Trusted,2026-06-04,2029-05-03,1D795B49C4C1AE2EB90393A07D9758207780FE8A838E802919EABC9B32E54AEA,A7C8681042F3675AA8505D3BA313D80F8AC3250FDF874AD29B834689C087FB11
A012852,NAVER Cloud Trust Services G1 RSA CA3,Intermediate Certificate,Trusted,2025-11-19,2028-10-18,027B4EEC38B46BFD6B5C3E028F0922D268D367698BD15E01F7BD081EC36C8369,49A2762987788D4834B32305D767760F244D507742E8C2539FD4CA3AD52C16EE
A013203,NAVER Cloud Trust Services G1 RSA CA4,Intermediate Certificate,Trusted,2026-06-04,2029-05-03,8BC478A581DE657A86C2E8A4CE0A30CA9D7ABDAEF931E590D84DB235B2A5291C,49A2762987788D4834B32305D767760F244D507742E8C2539FD4CA3AD52C16EE
A013205,NAVER Cloud Trust Services RSA Root G1,Intermediate Certificate,Trusted,2026-06-04,2036-06-04,5BC2A8B50804AE2B2EC487B58902CC05ACA1C2F56E98C5B97113FF958016694A,88F438DCF8FFD1FA8F429115FFE5F82AE1E06E0C70C375FAAD717B34A49E7265
A012848,NAVER Secure Certification Authority 2,Intermediate Certificate,Trusted,2025-11-19,2035-11-19,571E521E5E22810D33BB1A39991143E9E64CD8DAE97D65931B194E19AEE81E86,88F438DCF8FFD1FA8F429115FFE5F82AE1E06E0C70C375FAAD717B34A49E7265
A010085,NBCU SMIME CA 1,Intermediate Certificate,Trusted,2022-03-08,2032-03-07,58048CAAE127A2071EA048CE646F5E9D97775ED8F0DD71BDB27C18B0A47CDEBC,7D05EBB682339F8C9451EE094EEBFEFA7953A114EDB2F44949452FAB7D2FC185
A007074,NBN CO Limited Public Issuing CA - G3,Intermediate Certificate,Trusted,2020-06-09,2030-06-09,4708DD6D092D7FB5958F5B43501F6173FB9669EDB05AFD4BBCCDDD2D5068D8D0,7D05EBB682339F8C9451EE094EEBFEFA7953A114EDB2F44949452FAB7D2FC185
A011609,NBN Co Limited Public Issuing CA - G4,Intermediate Certificate,Trusted,2024-05-08,2034-05-07,AA1EBE811133A605B78C12C5BE9AD15A818A45D4E51B0EC2F66DCB57E603E081,7D05EBB682339F8C9451EE094EEBFEFA7953A114EDB2F44949452FAB7D2FC185
A000357,NCC Group Secure Server CA G2,Intermediate Certificate,Trusted,2014-07-30,2029-07-30,6075DA5CECD15D6584C5560322D5C09FC2199E52DEA7921D91040AA75248672E,7431E5F4C3C1CE4690774F0B61E05440883BA9A01ED00BA6ABD7806ED3B118CF
A000346,NCC Group Secure Server CA G4,Intermediate Certificate,Trusted,2014-07-30,2029-07-30,B7DFDC27E5FF9F35EFEC9F4BC532C35F727789B69C90A0489B40247299D97038,552F7BDCF1A7AF9E6CE672017F4F12ABF77240C78E761AC203D1D9D20AC89988
A007888,NETLOCK DVSSL CA,Intermediate Certificate,Trusted,2021-08-25,2028-10-07,F91606D1BC52C610136CAA856AB500C48C3B993BAC4808CD82BC4B78ABF24156,6C61DAC3A2DEF031506BE036D2A6FE401994FBD13DF9C8D466599274C446EC98
A001160,NETLOCK Trust Advanced CA,Intermediate Certificate,Trusted,2016-04-14,2028-11-17,D82F87F93D31D5FC818DD66BD50E7F319AE179FC1C5D00547B658E8EB3F4CE56,6C61DAC3A2DEF031506BE036D2A6FE401994FBD13DF9C8D466599274C446EC98
A001162,NETLOCK Trust Advanced Plus CA,Intermediate Certificate,Trusted,2016-04-14,2028-11-17,F2603670BEDEAD1D977D6992FA6554E6CA595BC50F3B03F416DCF0F20DAC36C2,6C61DAC3A2DEF031506BE036D2A6FE401994FBD13DF9C8D466599274C446EC98
A001161,NETLOCK Trust CA,Intermediate Certificate,Trusted,2016-04-14,2028-11-17,58D7A197F09A6EA552B8EA6B1A53185A030A3AD8D52220C00C44E3F450E4FB90,6C61DAC3A2DEF031506BE036D2A6FE401994FBD13DF9C8D466599274C446EC98
A007052,NETLOCK Trust EV CA 3,Intermediate Certificate,Trusted,2020-02-10,2028-11-14,047795785CDCFF9E6E0AE122492E5B7BF08A9E5C49762E2BCB52747C69031561,6C61DAC3A2DEF031506BE036D2A6FE401994FBD13DF9C8D466599274C446EC98
A003841,NETLOCK Trust Qualified CA,Intermediate Certificate,Trusted,2016-09-28,2028-07-07,5498963DFFA651604F467E108E65A183470FA9B557C129DDF8C9D812B4F0BF96,6C61DAC3A2DEF031506BE036D2A6FE401994FBD13DF9C8D466599274C446EC98
A007051,NETLOCK Trust Qualified EV CA 3,Intermediate Certificate,Trusted,2020-02-10,2028-11-14,7ECACA4A3585A3B40E25574415512D56B57999B753017856F2AB15FA1F21F6D0,6C61DAC3A2DEF031506BE036D2A6FE401994FBD13DF9C8D466599274C446EC98
A003839,NETLOCK Trust Qualified QSCD CA,Intermediate Certificate,Trusted,2016-09-28,2028-07-07,9E4362A918A89009877C7B8B190E763AE012AD47C1CCA5FCCF166FC092BC2ADE,6C61DAC3A2DEF031506BE036D2A6FE401994FBD13DF9C8D466599274C446EC98
A007472,NETLOCK Trust Qualified RQSCD CA,Intermediate Certificate,Trusted,2020-11-23,2028-07-24,A59F880816A50886D4D5996E64918DD9D401472AA685D28E7DECA5299F05FCE0,6C61DAC3A2DEF031506BE036D2A6FE401994FBD13DF9C8D466599274C446EC98
A003840,NETLOCK Trust Qualified SCD CA,Intermediate Certificate,Trusted,2016-09-28,2028-07-07,7CE1DB7D16E9BFE80693214A3D7C6263AA24789E399017E69EDE4802ECF6F711,6C61DAC3A2DEF031506BE036D2A6FE401994FBD13DF9C8D466599274C446EC98
A007495,NII Open Domain CA - G7 ECC,Intermediate Certificate,Trusted,2020-12-15,2030-12-15,81CD03067252FFE849B240DCC24566678677E3F5FEDC4C540D7A26CAD2C081C8,E74FBDA55BD564C473A36B441AA799C8A68E077440E8288B9FA1E50E4BBACA11
A007494,NII Open Domain CA - G7 RSA,Intermediate Certificate,Trusted,2020-12-15,2029-05-29,603DB707A584003BED6F1D43DCD4EAE13CD18D798E827DE2F3A31F3193FC0DAC,513B2CECB810D4CDE5DD85391ADFC6C2DD60D87BB736D2B521484AA47A0EBEF6
A013331,NII Open Domain CA - G8 ECC,Intermediate Certificate,Trusted,2026-08-05,2029-06-05,287BA7D22607D566B8372EB18D3115AEF037A84FFC1932BFB4B5200DFA60064B,6AB2AB75F51CB4F4F0156203FBF6F646232F514BE059F62833308B82B4D72DB1
A012655,NII Open Domain CA - G8 RSA,Intermediate Certificate,Trusted,2025-08-21,2040-08-21,7A4AD9E1BA2DFB08F752A124032F7058868062E9841785623EB4136783A53FFC,1435F225C5D252D7A21948CC3CE62AECFA88001E3DD72D1CC3555100EB372F93
A011866,Namirial S.p.A EV TLS Issuing RSA CA 1,Intermediate Certificate,Trusted,2024-09-26,2027-09-26,AB3B58A111BD5975DC763DE55323E9D82B7F4EB2FB39436D9A1670FDFB3305E4,8FAF7D2E2CB4709BB8E0B33666BF75A5DD45B5DE480F8EA8D4BFE6BEBC17F2ED
A011865,Namirial S.p.A OV TLS Issuing RSA CA 1,Intermediate Certificate,Trusted,2024-09-26,2027-09-26,2893A1D054C8C47F79808742E2FD7853874FE5E65712B737BC5B2FC9D17C8EA7,8FAF7D2E2CB4709BB8E0B33666BF75A5DD45B5DE480F8EA8D4BFE6BEBC17F2ED
A006763,National Technical University of Athens TLS RSA SubCA R1,Intermediate Certificate,Trusted,2020-01-21,2028-01-19,1E8F051F2226F992D17B7CF17F0DECE0AA769902E9FE8D11F35B19B18A5A14F1,A040929A02CE53B4ACF4F2FFC6981CE4496F755E6D45FE0B2A692BCD52523F36
A007199,National University of Singapore CA - G3,Intermediate Certificate,Trusted,2020-07-16,2030-07-16,7C29A15B74F9171BE581630394B83791120EABCBA8B9387538BDF50F9D96EAFE,7D05EBB682339F8C9451EE094EEBFEFA7953A114EDB2F44949452FAB7D2FC185
A011611,National University of Singapore CA - G4,Intermediate Certificate,Trusted,2024-05-15,2034-05-14,F2395C85E1ECA37838BE939C1E7B60FDAF1BF09F680327489BC228865C02F670,7D05EBB682339F8C9451EE094EEBFEFA7953A114EDB2F44949452FAB7D2FC185
A011886,National University of Singapore CA - G5,Intermediate Certificate,Trusted,2024-10-16,2034-10-15,802574A465B54E10FBDAD166648179989401B3CFD0FEE3A05468CCB4CF03B8ED,7D05EBB682339F8C9451EE094EEBFEFA7953A114EDB2F44949452FAB7D2FC185
A006975,National and Kapodistrian University of Athens TLS RSA SubCA R1,Intermediate Certificate,Trusted,2020-03-24,2028-03-22,1744B474101FE6A91936F5E60307C63DA58B88405B045323DEC8C8C00176AF77,A040929A02CE53B4ACF4F2FFC6981CE4496F755E6D45FE0B2A692BCD52523F36
A000807,NetLock CodeSign CA,Intermediate Certificate,Trusted,2015-11-26,2028-10-08,C56F0F286618C1E7B0E112C97B9EE96FEB4D71E79496C151FA1FE8A8CEBD06CD,6C61DAC3A2DEF031506BE036D2A6FE401994FBD13DF9C8D466599274C446EC98
A000803,NetLock Közjegyzői (Class A) Tanúsítványkiadó,Intermediate Certificate,Trusted,2012-08-07,2027-10-23,75894D4C94C22D7296EE19FB447623258C2591B17031288BB386A20AA1F0E0A6,6C61DAC3A2DEF031506BE036D2A6FE401994FBD13DF9C8D466599274C446EC98
A000812,NetLock Közjegyzői Eat. (Class A Legal) Tanúsítványkiadó,Intermediate Certificate,Trusted,2012-08-07,2027-10-23,AD47883A48C86A3469E32C972B39A3EE155804D32BF53FF002000BCA11D295D9,6C61DAC3A2DEF031506BE036D2A6FE401994FBD13DF9C8D466599274C446EC98
A000804,NetLock Minősített Eat. Spec. (Class Q Legal Spec.) Kiadó,Intermediate Certificate,Trusted,2012-08-07,2027-10-23,A5F2FD0D66DB4DD77A2914ED3C747CBD97E734CF4E2B6F217FB41AA4EAFDEAD2,6C61DAC3A2DEF031506BE036D2A6FE401994FBD13DF9C8D466599274C446EC98
A007952,Network Solutions EV Server CA 3,Intermediate Certificate,Trusted,2021-10-15,2031-10-14,E3F355BB5EC113CFDC5E1CD2340C65C26DF4C69879FEF980036ECF42FD099372,E793C9B02FD8AA13E21C31228ACCB08119643B749C898964B1746D46C3D4CBD2
A011150,Network Solutions RSA DV SSL CA 3,Intermediate Certificate,Trusted,2023-08-02,2033-08-01,002E86394B246C191C4F9304F821B11033D7E0A75E81CF39F266AE4768998271,E793C9B02FD8AA13E21C31228ACCB08119643B749C898964B1746D46C3D4CBD2
A012636,Network Solutions RSA DV SSL CA 4,Intermediate Certificate,Trusted,2025-08-20,2035-08-19,7F0502CCCEB0D5CA51CC257F3DBD17CA6719154AEF7BD342321C84E3B57B1AB4,7BB647A62AEEAC88BF257AA522D01FFEA395E0AB45C73F93F65654EC38F25A06
A012638,Network Solutions RSA EV SSL CA 4,Intermediate Certificate,Trusted,2025-08-20,2035-08-19,5272A4614618EBF9335DE73AE691419A45C7029736D75D184307B17D0B56F7EF,7BB647A62AEEAC88BF257AA522D01FFEA395E0AB45C73F93F65654EC38F25A06
A011151,Network Solutions RSA OV SSL CA 3,Intermediate Certificate,Trusted,2023-08-02,2033-08-01,90333450A3AF1F42DB5954F84914B1862771EAB466CE52FDD19EAAC3594EDD3B,E793C9B02FD8AA13E21C31228ACCB08119643B749C898964B1746D46C3D4CBD2
A012637,Network Solutions RSA OV SSL CA 4,Intermediate Certificate,Trusted,2025-08-20,2035-08-19,22A9F726E8F785A766A44DA2B03A6145C2A08317D735AB596F7A329C37D5D0C2,7BB647A62AEEAC88BF257AA522D01FFEA395E0AB45C73F93F65654EC38F25A06
A012789,Noblis Co-branded Issuing CA,Intermediate Certificate,Trusted,2025-10-15,2035-10-14,1A6B8C723B46FAAA576E21023D4027F4578EE4E5470DFEF4F2A0EE592912B31D,7D05EBB682339F8C9451EE094EEBFEFA7953A114EDB2F44949452FAB7D2FC185
A012359,NtangledState ECC DV SSL CA,Intermediate Certificate,Trusted,2025-05-14,2035-05-13,2F3CEF5C44B535F4BA9C655DE7A696CC57953724E051AF02D060B1BB99D30F64,C90F26F0FB1B4018B22227519B5CA2B53E2CA5B3BE5CF18EFE1BEF47380C5383
A012360,NtangledState ECC EV SSL CA,Intermediate Certificate,Trusted,2025-05-14,2035-05-13,1CF567DBBC5EE3AB9FD2DB9DC200968F470ADAB9BA16CF661E857E25CDF28581,C90F26F0FB1B4018B22227519B5CA2B53E2CA5B3BE5CF18EFE1BEF47380C5383
A012361,NtangledState ECC OV SSL CA,Intermediate Certificate,Trusted,2025-05-14,2035-05-13,1E469A6DB1DAFA47A96E2FCAD899457EFC372B775231BDCEDA728C31C3FA3D02,C90F26F0FB1B4018B22227519B5CA2B53E2CA5B3BE5CF18EFE1BEF47380C5383
A012356,NtangledState RSA DV SSL CA,Intermediate Certificate,Trusted,2025-05-14,2035-05-13,54EE80DB62B98C48003F5B04E23E80EA48B79887556DB0547270A31A05EB1985,7BB647A62AEEAC88BF257AA522D01FFEA395E0AB45C73F93F65654EC38F25A06
A012357,NtangledState RSA EV SSL CA,Intermediate Certificate,Trusted,2025-05-14,2035-05-13,2461A8024087D07275A2611BA341AB34F62E6ABE43C3F9C9002CBFB150D69DC6,7BB647A62AEEAC88BF257AA522D01FFEA395E0AB45C73F93F65654EC38F25A06
A012358,NtangledState RSA OV SSL CA,Intermediate Certificate,Trusted,2025-05-14,2035-05-13,76C451579C13D9DC57E93799AFDF3262359B1DDDEA6657C44B2E3C6E9CF04535,7BB647A62AEEAC88BF257AA522D01FFEA395E0AB45C73F93F65654EC38F25A06
A012362,NtangledState RSA Secure Email CA,Intermediate Certificate,Trusted,2025-05-14,2035-05-13,C52E7545D1264295B6D10D88000CE793A0F7604A293C5DFE41E4DE352E6F1495,D5917A7791EB7CF20A2E57EB98284A67B28A57E89182DA53D546678C9FDE2B4F
A011295,Nya Labs CA,Intermediate Certificate,Trusted,2023-11-02,2027-05-22,7E0A8C9844D0F99EC84307483F2E331980749F88A7185649D4D99FA3C3589E52,9E852C59DFC6FD6ABD4E17EA80B5F4E56FC04192D107258D54DA8A92528670D6
A007937,Nyatwork,Intermediate Certificate,Trusted,2021-10-19,2026-10-19,2A6286C3AC09AE6CD3748B24A33F30FB93DA991F883F7002824B14A914955855,9E852C59DFC6FD6ABD4E17EA80B5F4E56FC04192D107258D54DA8A92528670D6
A013190,OCLC TLS Issuing RSA CA 2,Intermediate Certificate,Trusted,2026-05-22,2036-05-19,D83C4A67007CEB2C7D0DC29F148A0B992A4185C6364AC869995EEC10E6F73E1B,FFE930442DFEB69CE29A908B6A639B370BD6BA6075F931AB83561D938B453A21
A010641,OCLC TLS Issuing RSA SubCA R1,Intermediate Certificate,Trusted,2022-09-22,2032-09-19,E7527E30D473AEC3B162AFDC47095449D2DD5494CE862E2FE4F436C081262F64,EDAC9C45909F4DEC7BB65F0A4FBF6A8A0375E52AEDD66E06888FED7E3EDEC537
A013016,OISTE Client Root ECC G1,Intermediate Certificate,Trusted,2026-02-25,2039-12-01,1D857BFC6F90496DA7E50AB350A5AE31CB96F9A2C8E0DA5B283DEBB7223CF3EA,6B9C08E86EB0F767CFAD65CD98B62149E5494A67F5845E7BD1ED019F27B86BD6
A013017,OISTE Client Root RSA G1,Intermediate Certificate,Trusted,2026-02-25,2039-12-01,DF426697B907906C2C777BF74EE63A408F8D9ECF57C01D687755A3C931464AF5,6B9C08E86EB0F767CFAD65CD98B62149E5494A67F5845E7BD1ED019F27B86BD6
A013018,OISTE Server Root ECC G1,Intermediate Certificate,Trusted,2026-02-25,2039-12-01,FB641643BA20B9638CEC998793140208E7770D87125DBF49ACA712EE1E516652,6B9C08E86EB0F767CFAD65CD98B62149E5494A67F5845E7BD1ED019F27B86BD6
A013019,OISTE Server Root RSA G1,Intermediate Certificate,Trusted,2026-02-25,2039-12-01,16921390648AC0CBD2BF2702699236A39F3B6048A35D2F0893DD9045883910C8,6B9C08E86EB0F767CFAD65CD98B62149E5494A67F5845E7BD1ED019F27B86BD6
A006420,OKCERT R4 DV SSL CA G2,Intermediate Certificate,Trusted,2019-06-12,2027-05-21,7EB445EA38A46A6411F0A12A0E16CD3D073E91B125679977041FFBCE83BE3C1A,9E852C59DFC6FD6ABD4E17EA80B5F4E56FC04192D107258D54DA8A92528670D6
A006423,OKCERT R4 EV SSL CA G2,Intermediate Certificate,Trusted,2019-06-12,2027-05-21,C5453F7C147016A9AA0F5F4BB1D217DEBE1C2D368C53CF74D35F55C5233C498A,9E852C59DFC6FD6ABD4E17EA80B5F4E56FC04192D107258D54DA8A92528670D6
A006422,OKCERT R4 OV SSL CA G2,Intermediate Certificate,Trusted,2019-06-12,2027-05-21,BCC3A54D7083116316CE03B9A40CA36F336F4839AC581862D4311A84F701514D,9E852C59DFC6FD6ABD4E17EA80B5F4E56FC04192D107258D54DA8A92528670D6
A006692,OSRAM Continental Secure Email CA,Intermediate Certificate,Trusted,2019-11-26,2029-11-26,D87A91DAC26D64E3659507119E80B11BE37ADA87A8D6C01E4E175DBB32B1A0D3,7D05EBB682339F8C9451EE094EEBFEFA7953A114EDB2F44949452FAB7D2FC185
A007371,OSRAM Continental Secure Email CA - G2,Intermediate Certificate,Trusted,2020-09-25,2030-09-24,B5D61B50ACB993A27EF05D4324A04A671CEE7502E62BA5E9122CC2100BFDF6CF,7D05EBB682339F8C9451EE094EEBFEFA7953A114EDB2F44949452FAB7D2FC185
A007675,Omit Security ECC Client Authentication and Secure Email CA,Intermediate Certificate,Trusted,2021-04-07,2031-04-06,9C99A8D9D756D74ED28B4D27200C1CEB0517F8394674A7C25DD632F5F3EE52B4,4FF460D54B9C86DABFBCFC5712E0400D2BED3FBC4D4FBDAA86E06ADCD2A9AD7A
A007672,Omit Security ECC Domain Validation CA,Intermediate Certificate,Trusted,2021-04-07,2031-04-06,56800FDA0D452DBA2972194FF6DE72147D0378887C60248330BB801795C687C6,4FF460D54B9C86DABFBCFC5712E0400D2BED3FBC4D4FBDAA86E06ADCD2A9AD7A
A007674,Omit Security ECC Extended Validation CA,Intermediate Certificate,Trusted,2021-04-07,2031-04-06,F1E12C0C4AC7E564A1FF55ECB0BF50BD42AA0C91E17EF24696CA7296807F5C27,4FF460D54B9C86DABFBCFC5712E0400D2BED3FBC4D4FBDAA86E06ADCD2A9AD7A
A007673,Omit Security ECC Organization Validation CA,Intermediate Certificate,Trusted,2021-04-07,2031-04-06,7A4E1D1A4C395CE4BA22D980C9A8158A204E83EA47E2A51FF214927DB425A5F3,4FF460D54B9C86DABFBCFC5712E0400D2BED3FBC4D4FBDAA86E06ADCD2A9AD7A
A007670,Omit Security RSA Client Authentication and Secure Email CA,Intermediate Certificate,Trusted,2021-04-07,2031-04-06,B513F1ED9F4FB495DD72138ACEBC361B153BDA733547E1FFE834FF6877C6025D,E793C9B02FD8AA13E21C31228ACCB08119643B749C898964B1746D46C3D4CBD2
A007667,Omit Security RSA Domain Validation CA,Intermediate Certificate,Trusted,2021-04-07,2031-04-06,5AABFFECD4AAAD9FAC8AA5EB5301B5BEB1710C865416A247C73DB52DAD5FB24C,E793C9B02FD8AA13E21C31228ACCB08119643B749C898964B1746D46C3D4CBD2
A007669,Omit Security RSA Extended Validation CA,Intermediate Certificate,Trusted,2021-04-07,2031-04-06,FB8CC8C2ED1B384DE459F217D54D3CCCF0890EC58AA9D97C128EA3218A426325,E793C9B02FD8AA13E21C31228ACCB08119643B749C898964B1746D46C3D4CBD2
A007668,Omit Security RSA Organization Validation CA,Intermediate Certificate,Trusted,2021-04-07,2031-04-06,979F6084B788F6D102C978D9EF1DA4CCC9165C36981A2A1A3CE3F450EE4880E0,E793C9B02FD8AA13E21C31228ACCB08119643B749C898964B1746D46C3D4CBD2
A012628,One Sign ECC DV SSL CA 2,Intermediate Certificate,Trusted,2025-08-20,2035-08-19,3A62A0326E0715FD92BE5B9B027336BF9240136D4EEDC8DD98CD5E84B83049FC,C90F26F0FB1B4018B22227519B5CA2B53E2CA5B3BE5CF18EFE1BEF47380C5383
A012630,One Sign ECC EV SSL CA 2,Intermediate Certificate,Trusted,2025-08-20,2035-08-19,B064257B059C9BB0C1A1AEC9869E5D33D6F6D57DADEA49A33E5015DFE0D827DF,C90F26F0FB1B4018B22227519B5CA2B53E2CA5B3BE5CF18EFE1BEF47380C5383
A012629,One Sign ECC OV SSL CA 2,Intermediate Certificate,Trusted,2025-08-20,2035-08-19,684B4110CEDC36FA0DAAAE62AAFA6721A4262EC1DDB049A478433805F14024F9,C90F26F0FB1B4018B22227519B5CA2B53E2CA5B3BE5CF18EFE1BEF47380C5383
A012625,One Sign RSA DV SSL CA 2,Intermediate Certificate,Trusted,2025-08-20,2035-08-19,BE128DFF53FFC9D6B9819B98F3DC458AB147D564A03E72426DB234AB7AB309DA,7BB647A62AEEAC88BF257AA522D01FFEA395E0AB45C73F93F65654EC38F25A06
A012627,One Sign RSA EV SSL CA 2,Intermediate Certificate,Trusted,2025-08-20,2035-08-19,A59B834977134B4EFF711DDA753095D93B33CA71FEBA0E714F685E1BDBD4A949,7BB647A62AEEAC88BF257AA522D01FFEA395E0AB45C73F93F65654EC38F25A06
A012626,One Sign RSA OV SSL CA 2,Intermediate Certificate,Trusted,2025-08-20,2035-08-19,C105A483CEF80258D75C09B245524DD260B50A16EA613EE91C27B2C606068FEA,7BB647A62AEEAC88BF257AA522D01FFEA395E0AB45C73F93F65654EC38F25A06
A006443,OneSign RSA Client Authentication and Secure Email CA,Intermediate Certificate,Trusted,2019-06-10,2029-06-09,4C9D3E23D88290589497C354F0522203EF2D959F3F760722576AC7C6222FE42D,E793C9B02FD8AA13E21C31228ACCB08119643B749C898964B1746D46C3D4CBD2
A006445,OneSignSSL ECC DV Secure Server CA,Intermediate Certificate,Trusted,2019-06-10,2029-06-09,539C13D6F2731252F99DD2BAF43D40559C46C585758C4FC4410C7EC482DBED69,4FF460D54B9C86DABFBCFC5712E0400D2BED3FBC4D4FBDAA86E06ADCD2A9AD7A
A006447,OneSignSSL ECC EV Secure Server CA,Intermediate Certificate,Trusted,2019-06-10,2029-06-09,BA2959FA448E9802C859F90CB5DAC738EF79DBFCCCD4D407943651F0B0456A13,4FF460D54B9C86DABFBCFC5712E0400D2BED3FBC4D4FBDAA86E06ADCD2A9AD7A
A006446,OneSignSSL ECC OV Secure Server CA,Intermediate Certificate,Trusted,2019-06-10,2029-06-09,747CF4D70C0CA9E63DF6BF60EF1CCEB6F9539FA8A534FB69F05C61DDF972A419,4FF460D54B9C86DABFBCFC5712E0400D2BED3FBC4D4FBDAA86E06ADCD2A9AD7A
A006440,OneSignSSL RSA DV Secure Server CA,Intermediate Certificate,Trusted,2019-06-10,2029-06-09,28730009138B4E1D6D334A8F2805A60AA3BE9969D573BBB2F0516312BB7F354E,E793C9B02FD8AA13E21C31228ACCB08119643B749C898964B1746D46C3D4CBD2
A006442,OneSignSSL RSA EV Secure Server CA,Intermediate Certificate,Trusted,2019-06-10,2029-06-09,9B53F69D8447B01B01E4565B853E288B6CB82291DA82A5B41BBC15C2F3AD6548,E793C9B02FD8AA13E21C31228ACCB08119643B749C898964B1746D46C3D4CBD2
A006441,OneSignSSL RSA OV Secure Server CA,Intermediate Certificate,Trusted,2019-06-10,2029-06-09,F471C567C140CF8BCDC0AA76952132871DD0C07DAA11E0982435A771E305EDE5,E793C9B02FD8AA13E21C31228ACCB08119643B749C898964B1746D46C3D4CBD2
A003796,Online e-Szigno SSL CA 2016,Intermediate Certificate,Trusted,2016-08-29,2029-12-29,31DAA25D142D08B90E640D4BC50B249F0FE39785C98D5E53E233259C0FAE9398,3C5F81FEA5FAB82C64BFA2EAECAFCDE8E077FC8620A7CAE537163DF36EDBF378
A012997,Onmime SMIME G1 R36 CA,Intermediate Certificate,Trusted,2026-02-11,2036-01-30,1FF248F20CBDC78546D8B3B59533E7D1647A5CBF3C217A357C3D8FF4566EE7B7,B676F2EDDAE8775CD36CB0F63CD1D4603961F49E6265BA013A2F0307B6D0B804
A004727,Oracle TLS RSA CA G1,Intermediate Certificate,Trusted,2017-11-02,2027-11-02,319896E3954D510DA3A4B75387E8C870B3BC2C3228D8550916EBE9ABDCB7F921,CB3CCBB76031E5E0138F8DD39A23F9DE47FFC35E43C1144CEA27D46A5AB1CB5F
A012903,Osterreichischer Rundfunk Atlas R45 SMIME CA 2026,Intermediate Certificate,Trusted,2026-01-21,2036-01-21,7C56B9A6E3E2EF8904AB2FCFAF33141C907ADDFE1EC10E9BDD4C9B02CEFC6D2D,319AF0A7729E6F89269C131EA6A3A16FCD86389FDCAB3C47A4A675C161A3F974
A007847,Oxford Nanopore Public Issuing CA,Intermediate Certificate,Trusted,2021-07-15,2031-07-14,F7C25E1D01F743DD1F87CEFE2E572E186647CD6FA95F2DD41F12AE36D6C083CF,7D05EBB682339F8C9451EE094EEBFEFA7953A114EDB2F44949452FAB7D2FC185
A013256,PKIChain TLS Issuing ECC CA 1,Intermediate Certificate,Trusted,2026-07-09,2036-07-06,424E23B5A8B95E9C528A68E865127A1D7169E577BF08C76539908525F13629BD,5D1BC399274E649E1C72697DE91A54AD725088C5221CB61E17EE9C290BC42A92
A007553,PSW GROUP (ECC) DV CA,Intermediate Certificate,Trusted,2021-01-25,2030-12-31,1B8348D9A063D8810F7735B3D205C45DBD84BB3A87C6743FE3228630DBC2D73B,4FF460D54B9C86DABFBCFC5712E0400D2BED3FBC4D4FBDAA86E06ADCD2A9AD7A
A007555,PSW GROUP (ECC) EV CA,Intermediate Certificate,Trusted,2021-01-25,2030-12-31,7194343A3AACDA629A24C50B645F9F0CC4E51942779AA0720276A94F21BF55F6,4FF460D54B9C86DABFBCFC5712E0400D2BED3FBC4D4FBDAA86E06ADCD2A9AD7A
A007554,PSW GROUP (ECC) OV CA,Intermediate Certificate,Trusted,2021-01-25,2030-12-31,3F61F80C7CD056B8493BE44E99799A0BB70F01BA62F3D51F646BC276B1B95A31,4FF460D54B9C86DABFBCFC5712E0400D2BED3FBC4D4FBDAA86E06ADCD2A9AD7A
A007556,PSW GROUP (ECC) Secure Email CA,Intermediate Certificate,Trusted,2021-01-25,2030-12-31,FDC3F88D56AC359DEBAE391BB33F721D1584FF842E02E1A880CCFA03BE4B622D,4FF460D54B9C86DABFBCFC5712E0400D2BED3FBC4D4FBDAA86E06ADCD2A9AD7A
A007549,PSW GROUP (RSA) DV CA,Intermediate Certificate,Trusted,2021-01-25,2030-12-31,06BB567771C426914C19A638EDC18008F5901B92814A9774BFE8815BAB7EA6E9,E793C9B02FD8AA13E21C31228ACCB08119643B749C898964B1746D46C3D4CBD2
A007551,PSW GROUP (RSA) EV CA,Intermediate Certificate,Trusted,2021-01-25,2030-12-31,449910A3F4AAA81DAEED14A01CF87F324FE880A879DDF7828E55C477589620AE,E793C9B02FD8AA13E21C31228ACCB08119643B749C898964B1746D46C3D4CBD2
A007550,PSW GROUP (RSA) OV CA,Intermediate Certificate,Trusted,2021-01-25,2030-12-31,A6E6145CFA7322B22DD6FBAF1DF8333788DB79F19B11B695CFC907B40D296908,E793C9B02FD8AA13E21C31228ACCB08119643B749C898964B1746D46C3D4CBD2
A007552,PSW GROUP (RSA) Secure Email CA,Intermediate Certificate,Trusted,2021-01-25,2030-12-31,2106439F2D26428172E674B3C5D02818257333B773D102E1FA7DBEA5879F2AEC,E793C9B02FD8AA13E21C31228ACCB08119643B749C898964B1746D46C3D4CBD2
A006967,Panteion Univ. of Social and Political Sciences TLS RSA SubCA R1,Intermediate Certificate,Trusted,2020-03-24,2028-03-22,F0043E9FEFB37AEA794E690437DC239D6BD2C5CA0FB58A12244555A1A8A2A01A,A040929A02CE53B4ACF4F2FFC6981CE4496F755E6D45FE0B2A692BCD52523F36
A004510,Partner CA 2 2013 XXIV,Intermediate Certificate,Trusted,2013-12-17,2028-09-20,A099851198F66AA47D11D1FF42A6876E7F328C22184BC0B66559AF5A51459511,43247EF5A09A0867BA4A7E1716463577AAD6EFA057BFF763B43FD2A979608FE2
A011572,PerfectSSL,Intermediate Certificate,Trusted,2024-04-17,2034-04-16,6B40D3DBAAD68BE6E804E32085F7837CEE08B7C4FA6A990B36227A6DCFF0873B,CB3CCBB76031E5E0138F8DD39A23F9DE47FFC35E43C1144CEA27D46A5AB1CB5F
A010440,Positiwise DV SSL CA,Intermediate Certificate,Trusted,2022-08-03,2032-08-02,EC394DA29FD62276CF8614C108DEA124F27D459D332FBCA9DD2C85B5E3CDA5CF,E793C9B02FD8AA13E21C31228ACCB08119643B749C898964B1746D46C3D4CBD2
A010442,Positiwise EV SSL CA,Intermediate Certificate,Trusted,2022-08-03,2032-08-02,FCAC624D61B2933A76E4B83EFDBE96A3EA5DADD03D0C9A74D1347E1D230DE4DE,E793C9B02FD8AA13E21C31228ACCB08119643B749C898964B1746D46C3D4CBD2
A010441,Positiwise OV SSL CA,Intermediate Certificate,Trusted,2022-08-03,2032-08-02,AFD7A9F6240B11C06D0F6724D44F454E0D5E317D5CCFF6B818D57244EED5A199,E793C9B02FD8AA13E21C31228ACCB08119643B749C898964B1746D46C3D4CBD2
A010444,Positiwise S/MIME CA,Intermediate Certificate,Trusted,2022-08-03,2032-08-02,72F0188E8AE0EC4E70C49CDA71F2413DA1C54C9889704BA3CD9D06AFA21450AF,E793C9B02FD8AA13E21C31228ACCB08119643B749C898964B1746D46C3D4CBD2
A012988,Prodrive Technologies Atlas R46 OV TLS CA 2026,Intermediate Certificate,Trusted,2026-02-11,2031-02-11,79DE64F790E6DFC7A65B0B5BB0DC4EF0AC835F9914C7A25E4455670282C1E73A,4FA3126D8D3A11D1C4855A4F807CBAD6CF919D3A5A88B03BEA2C6372D93C40C9
A011836,Prodrive Technologies GCC R6 OV TLS CA 2024,Intermediate Certificate,Trusted,2024-09-18,2029-09-18,D978D8503D1F267CB0271DF91422CCEF20F17F4B6E84625763156D52D07484A8,2CABEAFE37D06CA22ABA7391C0033D25982952C453647349763A3AB5AD6CCF69
A005763,QIDUOCA 2018 DV SSL,Intermediate Certificate,Trusted,2018-08-22,2027-05-02,E372221266A330DD13EB1388DFAAF1FAB11DF254B63385CB637BFEF8FB5FB675,9E852C59DFC6FD6ABD4E17EA80B5F4E56FC04192D107258D54DA8A92528670D6
A007568,Qatar Rail Issuing CA,Intermediate Certificate,Trusted,2021-02-11,2031-02-10,B4B636DED84A7719149D63EAB51A370AF35CADA1A8E2BD1F738D4C026B4ADD5D,7D05EBB682339F8C9451EE094EEBFEFA7953A114EDB2F44949452FAB7D2FC185
A005820,Qualified KET e-Szigno CA 2018,Intermediate Certificate,Trusted,2018-09-06,2029-12-29,D9E445B22C6FCB37B296FCD1331486569651A8DB98071753FEFC73D2C97BF732,3C5F81FEA5FAB82C64BFA2EAECAFCDE8E077FC8620A7CAE537163DF36EDBF378
A000892,Qualified Pseudonymous e-Szigno CA 2009,Intermediate Certificate,Trusted,2009-12-02,2029-12-29,F8684D2812BA98A52FE94528C4CB152378A2D73A828810A8C7B8529875C64674,3C5F81FEA5FAB82C64BFA2EAECAFCDE8E077FC8620A7CAE537163DF36EDBF378
A000821,Qualified e-Szigno CA 2009,Intermediate Certificate,Trusted,2009-12-02,2029-12-29,B884ED6527433687627D35157E904690D2DFF6A5DCD3CE267BBAF159C06F5054,3C5F81FEA5FAB82C64BFA2EAECAFCDE8E077FC8620A7CAE537163DF36EDBF378
A003793,Qualified e-Szigno Organization CA 2016,Intermediate Certificate,Trusted,2016-08-29,2029-12-29,60AF9E5F39D873B236BE142BC706DA571849AED7FAE635FC5A1461A0CF7459C5,3C5F81FEA5FAB82C64BFA2EAECAFCDE8E077FC8620A7CAE537163DF36EDBF378
A000893,Qualified e-Szigno QCP CA 2012,Intermediate Certificate,Trusted,2012-03-30,2029-12-29,CFCB60C1F0180C68E3EA5D24B4A05E9D9900D87C3D83D503CE1690B3C1656458,3C5F81FEA5FAB82C64BFA2EAECAFCDE8E077FC8620A7CAE537163DF36EDBF378
A005819,Qualified e-Szigno TLS CA 2018,Intermediate Certificate,Trusted,2018-07-31,2029-12-29,F7C7E28FB5E79F314AAAC6BBBA932F15E1A72069F435D4C9E707F93CA1482EE3,3C5F81FEA5FAB82C64BFA2EAECAFCDE8E077FC8620A7CAE537163DF36EDBF378
A006781,QuoVadis Belgium Issuing CA G2,Intermediate Certificate,Trusted,2020-01-28,2030-01-27,AA0E83B4AE0036679703D1603BC7E63A080464A033AE4B9F465838ADC85C61ED,0531C86F785958939FDC539924D395D1EFA409364E6827D3AB9876311FFB27B0
A006613,QuoVadis EU Issuing Certification Authority G4,Intermediate Certificate,Trusted,2019-10-07,2029-10-06,1D24222B5EEC71FE99BE9D700FA5FF72312DB3EB0FCB4A4F3BCC135DA36C1355,0531C86F785958939FDC539924D395D1EFA409364E6827D3AB9876311FFB27B0
A002042,QuoVadis Enterprise Trust CA 1 G3,Intermediate Certificate,Trusted,2016-06-06,2031-06-06,0531C86F785958939FDC539924D395D1EFA409364E6827D3AB9876311FFB27B0,8A866FD1B276B57E578E921C65828A2BED58E9F2F288054134B7F1F4BFC9CC74
A007222,QuoVadis Enterprise Trust CA 1 G4,Intermediate Certificate,Trusted,2020-07-23,2035-07-20,597623E05FD1B591711194EB190590F903A2B73F74CD5E8F787EC528033DAB7F,8A866FD1B276B57E578E921C65828A2BED58E9F2F288054134B7F1F4BFC9CC74
A007346,QuoVadis Enterprise Trust CA 2 G3,Intermediate Certificate,Trusted,2020-09-22,2031-06-06,B6F6559BBCE0A2CC91E507B5D7319E32487EDAE28A063BC73B6405E6C44665B6,8FE4FB0AF93A4D0D67DB0BEBB23E37C71BF325DCBCDD240EA04DAF58B47E1840
A007223,QuoVadis Enterprise Trust CA 2 G4,Intermediate Certificate,Trusted,2020-07-23,2035-07-20,1E356823FE40C0EAAC29F9ED5463B7B2DB1C088B63EBB05876A2E631C1087798,8FE4FB0AF93A4D0D67DB0BEBB23E37C71BF325DCBCDD240EA04DAF58B47E1840
A007211,QuoVadis Europe Advanced CA G2,Intermediate Certificate,Trusted,2020-07-22,2030-07-20,EBCD0C73FE44B60E25789419C07B0B234B3F586E092316FB2CBDA39C223224A3,8A866FD1B276B57E578E921C65828A2BED58E9F2F288054134B7F1F4BFC9CC74
A009974,QuoVadis Global SSL ICA G3,Intermediate Certificate,Trusted,2021-11-03,2026-11-02,161EE5386329B28A27FF405736552A621D5A844A43811E3623E52EEFA0BA840A,8FE4FB0AF93A4D0D67DB0BEBB23E37C71BF325DCBCDD240EA04DAF58B47E1840
A006594,QuoVadis Issuing CA G5,Intermediate Certificate,Trusted,2019-10-07,2029-10-04,08204C52ADDAA97A6FDEF702F6CEB4B94E578F8FC1C301C9D5136AB381CFA7D9,8A866FD1B276B57E578E921C65828A2BED58E9F2F288054134B7F1F4BFC9CC74
A004068,QuoVadis PKIoverheid Organisatie Persoon CA - G3,Intermediate Certificate,Trusted,2016-11-03,2028-11-12,15073C6BBDC74699A88518C27A57C956E5E23D6CA9619E521A468C7873DE4F8A,8222BC4FE7A3DDCA9EF0BF0D682AC888799F87822D15332A54C0BFDFC6854F7B
A010062,QuoVadis PKIoverheid Organisatie Services CA - 2022,Intermediate Certificate,Trusted,2022-01-27,2028-11-12,B0D9AFDA74163609E4EAB017EEE4CE0B235AEEF7D68C06F86E74C6387999B2B7,D9581DBDE99B39EEFF6CE5C80DE1650DA0C1C8A109705ED286C53BC95E6655E4
A004069,QuoVadis PKIoverheid Organisatie Services CA - G3,Intermediate Certificate,Trusted,2016-11-03,2028-11-12,BECFDE124CEDD344D925CB55EDDA662D9A9C0688FA9A0870CE3DBB6DA4313E4E,D9581DBDE99B39EEFF6CE5C80DE1650DA0C1C8A109705ED286C53BC95E6655E4
A007209,QuoVadis Qualified Web ICA G2,Intermediate Certificate,Trusted,2020-07-22,2030-07-20,7FEB9374EAB08D392717C647436DAE06176A24C010607FDA1CCE5E5F0106B472,8FE4FB0AF93A4D0D67DB0BEBB23E37C71BF325DCBCDD240EA04DAF58B47E1840
A007210,QuoVadis Swiss Advanced CA G4,Intermediate Certificate,Trusted,2020-07-22,2030-07-20,085A74D4683D0FCCDE44677CFA579B732C9CE2DA6921AD3FE70F814EE7C0BF52,8A866FD1B276B57E578E921C65828A2BED58E9F2F288054134B7F1F4BFC9CC74
A006706,QuoVadis Swiss Regulated CA G2x,Intermediate Certificate,Trusted,2019-11-27,2029-11-24,941B8AEE4BCF1EFEB0475FB279FDDDCF37FC5B20F64E842CD9DA0770B157E84D,8A866FD1B276B57E578E921C65828A2BED58E9F2F288054134B7F1F4BFC9CC74
A007225,QuoVadis Swiss Regulated CA G3,Intermediate Certificate,Trusted,2020-07-27,2028-07-25,726FB1F3D9FBFE0B4043004A27A43CF65CB214363B093034FC4185C86C9D8B0D,8A866FD1B276B57E578E921C65828A2BED58E9F2F288054134B7F1F4BFC9CC74
A007302,Quálitas Compañía de Seguros S.A. de C.V. GCC R3 CA 2020,Intermediate Certificate,Trusted,2020-08-19,2029-03-18,795A8468D098E3729E6A17920AA6D8F27E84DC180F85C9B28A77FB368DCC7895,CBB522D7B7F127AD6A0113865BDF1CD4102E7D0759AF635A7CF4720DC963C53B
A011482,R10,Intermediate Certificate,Trusted,2024-03-13,2027-03-12,9D7C3F1AA6AD2B2EC0D5CF1E246F8D9AE6CBC9FD0755AD37BB974B1F2FB603F3,96BCEC06264976F37460779ACF28C5A7CFE8A3C0AAE11A8FFCEE05C0BDDF08C6
A011483,R11,Intermediate Certificate,Trusted,2024-03-13,2027-03-12,591E9CE6C863D3A079E9FABE1478C7339A26B21269DDE795211361024AE31A44,96BCEC06264976F37460779ACF28C5A7CFE8A3C0AAE11A8FFCEE05C0BDDF08C6
A011484,R12,Intermediate Certificate,Trusted,2024-03-13,2027-03-12,131FCE7784016899A5A00203A9EFC80F18EBBD75580717EDC1553580930836EC,96BCEC06264976F37460779ACF28C5A7CFE8A3C0AAE11A8FFCEE05C0BDDF08C6
A011485,R13,Intermediate Certificate,Trusted,2024-03-13,2027-03-12,D3B128216A843F8EF1321501F5DF52A5DF52939EE2C19297712CD3DE4D419354,96BCEC06264976F37460779ACF28C5A7CFE8A3C0AAE11A8FFCEE05C0BDDF08C6
A011486,R14,Intermediate Certificate,Trusted,2024-03-13,2027-03-12,24D45AA9B8D6053D281F3842C8CC0C6C1AF7CCDFD42DD5C12F6A74FA9323F7A2,96BCEC06264976F37460779ACF28C5A7CFE8A3C0AAE11A8FFCEE05C0BDDF08C6
A012863,RNP ICPEdu AR46 OV TLS CA 2025,Intermediate Certificate,Trusted,2025-12-10,2030-12-10,A292CDF59905FC30016C22131D6F2E497449F155A05A234CCEC0E042171BF70F,4FA3126D8D3A11D1C4855A4F807CBAD6CF919D3A5A88B03BEA2C6372D93C40C9
A012846,RNP ICPEdu GR46 OV TLS CA 2025,Intermediate Certificate,Trusted,2025-11-19,2030-11-19,E10747D4DA7BAB09CBA9952F019D3534CB9FBA070BF13D8791B1699CD2FF59DD,4FA3126D8D3A11D1C4855A4F807CBAD6CF919D3A5A88B03BEA2C6372D93C40C9
A003601,RUB-Chipcard CA G2,Intermediate Certificate,Trusted,2016-07-07,2031-02-22,709BE4EAB0A3721236F28B2AB80F76FDA251330B3282F515EA5E0B6C79AE6729,F660B0C256481CB2BFC67661C1EA8FEEE395B7141BCAC36C36E04D08CD9E1582
A011617,RWE Atlas R45 SMIME CA 2020,Intermediate Certificate,Trusted,2024-05-15,2030-12-17,1DB4AFAC4E87938FE804ADA649D364DADD817878E0FD08A593C036716C19BC5B,319AF0A7729E6F89269C131EA6A3A16FCD86389FDCAB3C47A4A675C161A3F974
A007496,RWE Atlas R45 SMIME CA 2020,Intermediate Certificate,Trusted,2020-12-17,2030-12-17,BEE8FB99D7B9EC0CAEF1B1A6ACFFEABD777E31CBAC2D0E1846BDAEC4D5B18BE8,319AF0A7729E6F89269C131EA6A3A16FCD86389FDCAB3C47A4A675C161A3F974
A011049,RWE Atlas R45 SMIME CA 2020,Intermediate Certificate,Trusted,2023-06-28,2030-12-17,3EFEC6B78BC4864625AB1A3D286AB0A4440D86DB98E07891859CCE3CE7BCA3CA,319AF0A7729E6F89269C131EA6A3A16FCD86389FDCAB3C47A4A675C161A3F974
A011153,RZTrust ECC DV SSL CA,Intermediate Certificate,Trusted,2023-08-02,2033-08-01,9B73F44682921A78B0B0961F7B031BAA8EC5D061F54DEF326558C04F1CE3B356,4FF460D54B9C86DABFBCFC5712E0400D2BED3FBC4D4FBDAA86E06ADCD2A9AD7A
A011154,RZTrust ECC EV SSL CA,Intermediate Certificate,Trusted,2023-08-02,2033-08-01,581460D695B3807F8711F2778DC22EBDD3B18DDD320DDFCD28E3619CB280B0C4,4FF460D54B9C86DABFBCFC5712E0400D2BED3FBC4D4FBDAA86E06ADCD2A9AD7A
A011155,RZTrust ECC OV SSL CA,Intermediate Certificate,Trusted,2023-08-02,2033-08-01,2F904310AC359F05B2E0087B2651E02437C27DA57CFFC925151F5F3679CAA516,4FF460D54B9C86DABFBCFC5712E0400D2BED3FBC4D4FBDAA86E06ADCD2A9AD7A
A011156,RZTrust ECC Secure Email CA,Intermediate Certificate,Trusted,2023-08-02,2033-08-01,5509CC40B117A79A0AC2DAC5C2A456A377AAB314B47C94427086DE590D604F8D,4FF460D54B9C86DABFBCFC5712E0400D2BED3FBC4D4FBDAA86E06ADCD2A9AD7A
A011158,RZTrust RSA DV SSL CA,Intermediate Certificate,Trusted,2023-08-02,2033-08-01,CDE6FDC1368DF71BF156B86B00314A5607578F37612DFB3F974B05863BE7C91E,E793C9B02FD8AA13E21C31228ACCB08119643B749C898964B1746D46C3D4CBD2
A011159,RZTrust RSA EV SSL CA,Intermediate Certificate,Trusted,2023-08-02,2033-08-01,5508453C2069CCE80DCDD140726D097DEB08CEE0C9B3567863D2B516A235D666,E793C9B02FD8AA13E21C31228ACCB08119643B749C898964B1746D46C3D4CBD2
A011160,RZTrust RSA OV SSL CA,Intermediate Certificate,Trusted,2023-08-02,2033-08-01,551AA9CE3EDFD13A912B3DC9513F4BAA623085DC22A11522A16B77B474F1BB37,E793C9B02FD8AA13E21C31228ACCB08119643B749C898964B1746D46C3D4CBD2
A011161,RZTrust RSA Secure Email CA,Intermediate Certificate,Trusted,2023-08-02,2033-08-01,BB067135C804E780AA24D174A0C6FCEF832F46DE84AA97BF61506D82F39B7E1A,E793C9B02FD8AA13E21C31228ACCB08119643B749C898964B1746D46C3D4CBD2
A010271,RapidSSL G5 TLS ECC P-384 SHA384 2022 CA1,Intermediate Certificate,Trusted,2022-06-02,2032-06-01,D2A3D4ED9C05964F4A0984381933C5AB1E93E4A0BA7FCDD60940946D68BD6262,018E13F0772532CF809BD1B17281867283FC48C6E13BE9C69812854A490C1B05
A010270,RapidSSL G5 TLS RSA4096 SHA384 2022 CA1,Intermediate Certificate,Trusted,2022-06-02,2032-06-01,BB320985266F61C5D182724F15CEC428A698ED71262B4E097CB11AED8A41AAE6,371A00DC0533B3721A7EEB40E8419E70799D2B0A0F2C1D80693165F7CEC4AD75
A004735,RapidSSL TLS ECC CA G1,Intermediate Certificate,Trusted,2017-11-02,2027-11-02,FC16D53203BD9187D69CC99D2DA551076B4DCB298140D6751F7A012966C99FDD,31AD6648F8104138C738F39EA4320133393E3A18CC02296EF97C2AC9EF6731D0
A004725,RapidSSL TLS RSA CA G1,Intermediate Certificate,Trusted,2017-11-02,2027-11-02,4422E963EE53CD58CC9F85CD40BF5FFEC0095FDF1A154535661C1C06BCADC69B,CB3CCBB76031E5E0138F8DD39A23F9DE47FFC35E43C1144CEA27D46A5AB1CB5F
A012859,Riksgälden Insättningsgarantin GCC R45 SMIME CA 2025,Intermediate Certificate,Trusted,2025-12-10,2035-12-10,94B0EAD1EFCF285669284DB0434D3BB7581DC89D2BD4A0305E5F07A461045E41,319AF0A7729E6F89269C131EA6A3A16FCD86389FDCAB3C47A4A675C161A3F974
A011200,Riksgälden Insättningsgarantin GCC R6 SMIME CA 2023,Intermediate Certificate,Trusted,2023-08-16,2033-08-16,B0959E4BF3FEF426496F44615FA955359DEB6C30D0A67866FCE40FF3122F7F4F,2CABEAFE37D06CA22ABA7391C0033D25982952C453647349763A3AB5AD6CCF69
A006787,Root Global CA - G2,Intermediate Certificate,Trusted,2020-01-30,2027-05-20,309A7823BB3D1DDF44A573EC0BF9FD5166625FDE73776184C62212B4C0B4E94E,9E852C59DFC6FD6ABD4E17EA80B5F4E56FC04192D107258D54DA8A92528670D6
A010944,Root Networks CA,Intermediate Certificate,Trusted,2023-05-15,2028-09-09,BF64C06D1D48D977A0BC2DFC917E8E0D6342BD11590471636D7A0806CC8DF003,5C58468D55F58E497E743982D2B50010B6D165374ACF83A7D4A32DB768C4408E
A013183,Root YE,Intermediate Certificate,Trusted,2026-05-13,2032-09-02,0FC0901CCA2BAE9E9FDBB02D50D02F1094F7B36672086991B9E897626DC485F0,69729B8E15A86EFC177A57AFB7171DFC64ADD28C2FCA8CF1507E34453CCB1470
A013182,Root YR,Intermediate Certificate,Trusted,2026-05-13,2032-09-02,072639D0B140D5BFFAE16AD9C3F6CC6086040621F51EE61A6D46A8915C07CF76,96BCEC06264976F37460779ACF28C5A7CFE8A3C0AAE11A8FFCEE05C0BDDF08C6
A005835,SECOM Passport for Member PUB CA4,Intermediate Certificate,Trusted,2018-10-04,2028-10-04,B10861737B3EC9B11FA6154D23970FFB2DABFC28AE6A6BF56C3F3204266239AD,513B2CECB810D4CDE5DD85391ADFC6C2DD60D87BB736D2B521484AA47A0EBEF6
A007035,SECOM Passport for Member PUB CA5,Intermediate Certificate,Trusted,2020-05-20,2029-05-29,8C6DB8171AE6785F05426AE58C3D36F7559352202E9209B9D29B1BD447961DC8,513B2CECB810D4CDE5DD85391ADFC6C2DD60D87BB736D2B521484AA47A0EBEF6
A004909,SECOM Passport for Member PUB CA8,Intermediate Certificate,Trusted,2018-01-09,2028-01-09,7A4FCBA079F5BDDCF0A76C3B03A377E155A53009474A1B3EB8F34961A53BDA9C,513B2CECB810D4CDE5DD85391ADFC6C2DD60D87BB736D2B521484AA47A0EBEF6
A010990,SECOM Passport for PublicID SMIME RSA CA 2023,Intermediate Certificate,Trusted,2023-06-07,2029-05-29,DB088F140ACBE85FA1EC83D3851063803FFD8471564CF852B92A60FEB965A02F,513B2CECB810D4CDE5DD85391ADFC6C2DD60D87BB736D2B521484AA47A0EBEF6
A011791,SECOM Passport for PublicID SMIME RSA CA 2024,Intermediate Certificate,Trusted,2024-05-16,2042-01-15,1904D2D9AC640920A9E74FBB0924E4577381D738B10373E2F255049B1DEBC63B,3629E7188E00A7CB3232C4426BC84912F1218B1A9AE676C0B0ABE1DBFE2182B5
A011238,SECOM Passport for Web EV 2.0 CA,Intermediate Certificate,Trusted,2023-08-30,2029-05-29,39B6E3B388F749521DF2B354182EB4CD87D4BF36439BFAF0202E5596CFC2CAA4,513B2CECB810D4CDE5DD85391ADFC6C2DD60D87BB736D2B521484AA47A0EBEF6
A011788,SECOM Passport for Web EV ECC CA 2024,Intermediate Certificate,Trusted,2024-05-16,2039-01-12,0930324B3D817D306B6E01C6205B56A3AC856142FD5AAE166EF65160660DEE5C,6AB2AB75F51CB4F4F0156203FBF6F646232F514BE059F62833308B82B4D72DB1
A011786,SECOM Passport for Web EV RSA CA 2024,Intermediate Certificate,Trusted,2024-05-16,2039-01-12,3E2464D4562FB4410F20C5C66C812C52BFBBEF31059CE55EF5BDB3703386AA74,1435F225C5D252D7A21948CC3CE62AECFA88001E3DD72D1CC3555100EB372F93
A011787,SECOM Passport for Web OV ECC CA 2024,Intermediate Certificate,Trusted,2024-05-16,2039-01-12,42F56E96CD88B13C29258FCDC1213040ABF0C42EA29672991AEC3F3734CED056,6AB2AB75F51CB4F4F0156203FBF6F646232F514BE059F62833308B82B4D72DB1
A011785,SECOM Passport for Web OV RSA CA 2024,Intermediate Certificate,Trusted,2024-05-16,2039-01-12,3520ABFC5A4C2558C89BF90EE29181D19518CCA6D0A57A6DC568F4F07C89F8DD,1435F225C5D252D7A21948CC3CE62AECFA88001E3DD72D1CC3555100EB372F93
A012250,SECOM Passport for Web SR 3.0 CA,Intermediate Certificate,Trusted,2025-04-09,2028-03-16,59F8A94C11BCD19FD4E0F1AC4D394E37913AE5FB5862A25A8ECD167BA3B9A3A2,513B2CECB810D4CDE5DD85391ADFC6C2DD60D87BB736D2B521484AA47A0EBEF6
A005541,SECOM Passport for Web SR 3.0 CA_2018-2028,Intermediate Certificate,Trusted,2018-03-16,2028-03-16,E05ED4A9E4C773308A93E849861225AE349A92BBD4BACDD4900AD4E73B131100,513B2CECB810D4CDE5DD85391ADFC6C2DD60D87BB736D2B521484AA47A0EBEF6
A012252,SECOM SMIME RSA Root CA 2024,Intermediate Certificate,Trusted,2025-04-09,2029-05-29,F40B41A46A5646A45F51AE0DE2B7263E4F3B6EBAC795B539DB3811F4B4333A79,513B2CECB810D4CDE5DD85391ADFC6C2DD60D87BB736D2B521484AA47A0EBEF6
A012254,SECOM TLS ECC Root CA 2024,Intermediate Certificate,Trusted,2025-04-09,2038-01-18,22DA96F19EFC0429034A22755E9D7FE4746B3CAD56A013ED1C02F142A722B9A7,E74FBDA55BD564C473A36B441AA799C8A68E077440E8288B9FA1E50E4BBACA11
A012251,SECOM TLS RSA Root CA 2024,Intermediate Certificate,Trusted,2025-04-09,2029-05-29,C8FB5BB81193CA9B531E2A0A568F14CC75D20924B98D2724DD243F63D813CF13,513B2CECB810D4CDE5DD85391ADFC6C2DD60D87BB736D2B521484AA47A0EBEF6
A007703,SHECA DV Server CA G5,Intermediate Certificate,Trusted,2021-03-16,2036-03-16,778C516DAEC700EE58B3581E411E5C0DD478663A5163A29895341507D6E964DD,9BEA11C976FE014764C1BE56A6F914B5A560317ABD9988393382E5161AA0493C
A012989,SHECA DV TLS ECC CA 2026 S1,Intermediate Certificate,Trusted,2026-02-08,2029-02-04,82CC3368931DFC9ECB3927EBBDACFA04366DD43D81F1343FEB61BB8E59E6EBD6,6C689FC6B014A1FB0CDEB5A3996171C15E7286106028532E0210CEA8D9CD4E97
A011988,SHECA DV TLS ECC CA G6,Intermediate Certificate,Trusted,2024-12-04,2034-12-04,1F0570E418F9C89E094CB26EDA71B92BED81ACBB446B2300D398DDB739AB7A6C,9BEA11C976FE014764C1BE56A6F914B5A560317ABD9988393382E5161AA0493C
A012992,SHECA DV TLS RSA CA 2026 S1,Intermediate Certificate,Trusted,2026-02-08,2029-02-04,B2292E872A1D842781A4820BDC1F65B83378A5A43ADA17D6162FB81DCD661C13,4BABE0E9328D5DAE17936F3DDAA2442BFBDD0873F92FB8D1FBBD3D9894649AD9
A012279,SHECA DV TLS RSA CA A1,Intermediate Certificate,Trusted,2025-04-27,2035-04-27,7CD13B8B9E51BD6EAE0116D7F89E3F21EAA3ABA2A20997B2606A3DCC578E7295,9BEA11C976FE014764C1BE56A6F914B5A560317ABD9988393382E5161AA0493C
A007707,SHECA EV Server CA G3,Intermediate Certificate,Trusted,2021-03-16,2036-03-16,7EF3F89456CE636557B20C5DFB37F98C253A0B660D2E9E5E7845CAF9C038C7C1,D43AF9B35473755C9684FC06D7D8CB70EE5C28E773FB294EB41EE71722924D24
A012990,SHECA EV TLS ECC CA 2026 S1,Intermediate Certificate,Trusted,2026-02-08,2029-02-04,2C0B55DF3E6F26B4133CD04AE7B7A62F1DCEFD4C27E7D73A30CB25D914786E98,6C689FC6B014A1FB0CDEB5A3996171C15E7286106028532E0210CEA8D9CD4E97
A012283,SHECA EV TLS ECC CA C2,Intermediate Certificate,Trusted,2025-04-27,2035-04-27,E3BF9CA7BC56D03EE6BAE52E3FBA47CAFE4198F2A026C8278087D82B951E428C,D43AF9B35473755C9684FC06D7D8CB70EE5C28E773FB294EB41EE71722924D24
A012993,SHECA EV TLS RSA CA 2026 S1,Intermediate Certificate,Trusted,2026-02-08,2029-02-04,B0CBFA69D8D4F658CF761C2B0CF73B84A90022EF5B977B13E06EC42B913DE1F1,4BABE0E9328D5DAE17936F3DDAA2442BFBDD0873F92FB8D1FBBD3D9894649AD9
A012284,SHECA EV TLS RSA CA C1,Intermediate Certificate,Trusted,2025-04-27,2035-04-27,15F4F5D5A8D6DED4CDD54CE4E1B367203B7F2CDF416104BA5D6405AF55AC8045,D43AF9B35473755C9684FC06D7D8CB70EE5C28E773FB294EB41EE71722924D24
A011991,SHECA FREE DV TLS ECC CA G2,Intermediate Certificate,Trusted,2024-12-04,2034-12-04,81DB88F4CDE7345B0EC140E4A193720163DF9B787FABA0AF5A7EDACE6DC315A6,9BEA11C976FE014764C1BE56A6F914B5A560317ABD9988393382E5161AA0493C
A011990,SHECA FREE DV TLS RSA CA G1,Intermediate Certificate,Trusted,2024-12-04,2034-12-04,DFD9FB07A42E81216D6497FBC47BE53D829BBFD6A9188B02D5C8CDE29E01CF5C,9BEA11C976FE014764C1BE56A6F914B5A560317ABD9988393382E5161AA0493C
A007704,SHECA OV Server CA G5,Intermediate Certificate,Trusted,2021-03-16,2036-03-16,8AB3A0ACF289E6EF754BE449236843D67F45C191BDDD66484B85E6E60556A9AF,9BEA11C976FE014764C1BE56A6F914B5A560317ABD9988393382E5161AA0493C
A012991,SHECA OV TLS ECC CA 2026 S1,Intermediate Certificate,Trusted,2026-02-08,2029-02-04,CF4D8C93933C09E1457429DDDE814E88BCE8DB9CAE5AF175660A7142C319DDA8,6C689FC6B014A1FB0CDEB5A3996171C15E7286106028532E0210CEA8D9CD4E97
A011989,SHECA OV TLS ECC CA G6,Intermediate Certificate,Trusted,2024-12-04,2034-12-04,C4DA2C937523D42054FBB4AF694BB90FC7743C910EE048726241BD84C38509D9,9BEA11C976FE014764C1BE56A6F914B5A560317ABD9988393382E5161AA0493C
A012994,SHECA OV TLS RSA CA 2026 S1,Intermediate Certificate,Trusted,2026-02-08,2029-02-04,ABCF1196899441D6407014518963A1A3FA26B22A2DC91710844585819890CC4B,4BABE0E9328D5DAE17936F3DDAA2442BFBDD0873F92FB8D1FBBD3D9894649AD9
A012280,SHECA OV TLS RSA CA A1,Intermediate Certificate,Trusted,2025-04-27,2035-04-27,E7B1C6B04B6C9A3A2960D3888F8081880AC214ABBD01BF9E0362A8354CFCA720,9BEA11C976FE014764C1BE56A6F914B5A560317ABD9988393382E5161AA0493C
A012281,SNCA OV TLS RSA CA G1,Intermediate Certificate,Trusted,2025-04-27,2035-04-27,F077E1AF11CFE1E8A12871F9080B69EFB8B41E8B4A4B95AB513CDF650C76B2C2,9BEA11C976FE014764C1BE56A6F914B5A560317ABD9988393382E5161AA0493C
A006784,SRI International CA - G3,Intermediate Certificate,Trusted,2020-01-27,2030-01-27,A6D9A37927349DE7464C8DA63F601CE55C214BEFD7B324679E64E1B30F75CEFF,7D05EBB682339F8C9451EE094EEBFEFA7953A114EDB2F44949452FAB7D2FC185
A011652,SRI International CA - G4,Intermediate Certificate,Trusted,2024-06-05,2034-06-04,4557EBFE931588FBA167038F3DC7A3B6B1FDBFE0F74B5CAA0B0DD3BDF5286E9F,7D05EBB682339F8C9451EE094EEBFEFA7953A114EDB2F44949452FAB7D2FC185
A011960,SRI International CA - G5,Intermediate Certificate,Trusted,2024-11-20,2034-11-19,900512B946FB1C3552EDE6A93F22A12B5031C79C6FE0837D85E1EEA0AD493C70,7D05EBB682339F8C9451EE094EEBFEFA7953A114EDB2F44949452FAB7D2FC185
A010645,SSL Secure Site CA,Intermediate Certificate,Trusted,2022-09-29,2027-09-28,D859828E4E8C35ECC38E415E1D0CFFD4A9DFC116205401D1298FC13347DC0187,5C58468D55F58E497E743982D2B50010B6D165374ACF83A7D4A32DB768C4408E
A006232,SSL.com Client Certificate Enterprise Intermediate CA RSA R1,Intermediate Certificate,Trusted,2019-03-26,2034-03-22,17CD6504B275A6634EE0016EFFE53B26BFFCCA289C7DED4A1C8F4353CD05B09C,85666A562EE0BE5CE925C1D8890A6F76A87EC16D4D7D5F29EA7419CF20123B69
A006241,SSL.com Client Certificate Intermediate CA ECC R2,Intermediate Certificate,Trusted,2019-03-07,2034-03-03,EAD0C5077C99F8FA40CC556DBC2EACA41F54E9D99EBD468956AEA8BEC5AAF76A,3417BB06CC6007DA1B961C920B8AB4CE3FAD820E4AA30B9ACBC4A74EBDCEBC65
A006013,SSL.com Client Certificate Intermediate CA RSA R1,Intermediate Certificate,Trusted,2018-12-17,2033-12-13,9B9C55D586F15F4FF0A12E3E87AA2AE5F6C0C218857E0DB4CC4A1BA74E493F54,85666A562EE0BE5CE925C1D8890A6F76A87EC16D4D7D5F29EA7419CF20123B69
A006236,SSL.com Client Certificate Intermediate CA RSA R2,Intermediate Certificate,Trusted,2019-03-26,2034-03-22,B6E44A69342D84363AB12182F2D2B888501B063A76BEB00350E38DDC74715034,85666A562EE0BE5CE925C1D8890A6F76A87EC16D4D7D5F29EA7419CF20123B69
A006124,SSL.com EV Root Certification Authority ECC,Intermediate Certificate,Trusted,2019-02-14,2027-02-12,60EF412EABE7C3FC6399EED1B633B777747515B29D721B963DD258BC498AB292,2E7BF16CC22485A7BBE2AA8696750761B0AE39BE3B2FE9D0CC6D4EF73491425C
A012900,SSL.com EV Root Certification Authority ECC,Intermediate Certificate,Trusted,2026-01-15,2034-12-30,10B5AAE6A5E9B787D6E0CDAF39A296B64084ABBCFD4A497357BA37EACC1751B5,CECDDC905099D8DADFC5B1D209B737CBE2C18CFB2C10C0FF0BCF0D3286FC1AA2
A012895,SSL.com EV Root Certification Authority ECC,Intermediate Certificate,Trusted,2026-01-15,2029-12-30,64BEB202D4BFBDDC7D0D8E7AB1CD3C25FB17F4AC031B83B75EE1BF53DB7D4341,F1C1B50AE5A20DD8030EC9F6BC24823DD367B5255759B4E71B61FCE9F7375D73
A005681,SSL.com EV Root Certification Authority RSA R2,Intermediate Certificate,Trusted,2017-04-06,2042-04-05,89EFEB25096BA4CCD40AF4FB8756F0A4843995974822020914C4E859D932B7F3,2E7BF16CC22485A7BBE2AA8696750761B0AE39BE3B2FE9D0CC6D4EF73491425C
A012875,SSL.com EV Root Certification Authority RSA R2,Intermediate Certificate,Trusted,2025-12-17,2029-12-30,B8D068DC6C66079A75669E55B0EA3E66FEF104739471EAFC3D167A68197234F6,F1C1B50AE5A20DD8030EC9F6BC24823DD367B5255759B4E71B61FCE9F7375D73
A012901,SSL.com EV Root Certification Authority RSA R2,Intermediate Certificate,Trusted,2026-01-15,2034-12-30,856E1977F4A860E916356E9741EB5840D6CA42EF312A0BE26268784AFEAC462D,CECDDC905099D8DADFC5B1D209B737CBE2C18CFB2C10C0FF0BCF0D3286FC1AA2
A006234,SSL.com EV SSL Enterprise Intermediate CA RSA R2,Intermediate Certificate,Trusted,2019-03-26,2034-03-22,9B25A6A7BD51BC5F5C4F06E0D1218FD370DD31FAFD5CD3B627C82F202F1B4657,2E7BF16CC22485A7BBE2AA8696750761B0AE39BE3B2FE9D0CC6D4EF73491425C
A006244,SSL.com EV SSL Intermediate CA ECC R2,Intermediate Certificate,Trusted,2019-03-07,2034-03-03,8394E3D07EFCD1E97EA6CBA214C3A055C17DD9A7EBF8DDE0020FCDDB76F28653,22A2C1F7BDED704CC1E701B5F408C310880FE956B5DE2A4A44F99C873A25A7C8
A006238,SSL.com EV SSL Intermediate CA RSA R3,Intermediate Certificate,Trusted,2019-03-26,2034-03-22,85DB0BEED0668D04D7074000F98E84B08D0FD5429FF4A262DE7CBC1528A1A1DA,2E7BF16CC22485A7BBE2AA8696750761B0AE39BE3B2FE9D0CC6D4EF73491425C
A011678,SSL.com EV TLS Issuing ECC CA R1,Intermediate Certificate,Trusted,2024-06-21,2028-12-31,3B8C379F23FA22256A0E1F44D92F0A0FC770BCDE9F8557F160149BCDA22EDE78,D7A7A0FB5D7E2731D771E9484EBCDEF71D5F0C3E0A2948782BC83EE0EA699EF4
A010720,SSL.com EV TLS Issuing ECC CA R1,Intermediate Certificate,Trusted,2022-10-21,2032-10-18,68255D5EA52D2CA9A0B1F8EFF8F446CECC95A80A5D880DB681F1630C0B4B214D,C32FFD9F46F936D16C3673990959434B9AD60AAFBB9E7CF33654F144CC1BA143
A011686,SSL.com EV TLS Issuing RSA CA R1,Intermediate Certificate,Trusted,2024-06-21,2028-12-31,1DAF812025E2376279C074050EE35E1B2D909F8B57A00F82B7B5D28120C3582A,D7A7A0FB5D7E2731D771E9484EBCDEF71D5F0C3E0A2948782BC83EE0EA699EF4
A010718,SSL.com EV TLS Issuing RSA CA R1,Intermediate Certificate,Trusted,2022-10-21,2032-10-18,ECBD2002FB15D690EB29CCA7371D97F84FAE7F1FF67BD039323BADAF5CAD9148,8FAF7D2E2CB4709BB8E0B33666BF75A5DD45B5DE480F8EA8D4BFE6BEBC17F2ED
A010075,SSL.com EV TLS Transit ECC CA R1,Intermediate Certificate,Trusted,2022-02-28,2037-02-24,619079F100A6BFB65CB2E98890DD0AC492B64665E254A66A529D8F5917D82AB1,22A2C1F7BDED704CC1E701B5F408C310880FE956B5DE2A4A44F99C873A25A7C8
A011679,SSL.com EV TLS Transit ECC CA R2,Intermediate Certificate,Trusted,2024-06-21,2028-12-31,7FE5572FBE934AFC4151651FEF098B9940A47966C4085577314D7104CDE84329,D7A7A0FB5D7E2731D771E9484EBCDEF71D5F0C3E0A2948782BC83EE0EA699EF4
A010721,SSL.com EV TLS Transit ECC CA R2,Intermediate Certificate,Trusted,2022-10-21,2037-10-17,4CF773F955FDB7A97DB1250F2FD7BA36075A96166BB5CC417B5C021D0F70ADF2,C32FFD9F46F936D16C3673990959434B9AD60AAFBB9E7CF33654F144CC1BA143
A011687,SSL.com EV TLS Transit RSA CA R2,Intermediate Certificate,Trusted,2024-06-21,2028-12-31,A4270E5251691F6EC40CF774C6717E2EFEC3EB1E384607DC75836296AAA15C59,D7A7A0FB5D7E2731D771E9484EBCDEF71D5F0C3E0A2948782BC83EE0EA699EF4
A010719,SSL.com EV TLS Transit RSA CA R2,Intermediate Certificate,Trusted,2022-10-21,2037-10-17,6CC95D21D4C7BA39736E4E703E4260B7EFB6DCCD91431ED5C43D7E0986B39554,8FAF7D2E2CB4709BB8E0B33666BF75A5DD45B5DE480F8EA8D4BFE6BEBC17F2ED
A011680,SSL.com IV TLS Issuing ECC CA 1,Intermediate Certificate,Trusted,2024-06-21,2028-12-31,E3191026C526487A05F68ADF4B8CA395C044AA6B5E72A70E8739DA71A860D0DB,D7A7A0FB5D7E2731D771E9484EBCDEF71D5F0C3E0A2948782BC83EE0EA699EF4
A010835,SSL.com IV TLS Issuing ECC CA 1,Intermediate Certificate,Trusted,2022-12-09,2032-12-06,41EFEF46FD0E434B644BB47E6E21182A8DEF59B1E6E1F2952587FA28BF10A4A2,C32FFD9F46F936D16C3673990959434B9AD60AAFBB9E7CF33654F144CC1BA143
A011688,SSL.com IV TLS Issuing RSA CA 1,Intermediate Certificate,Trusted,2024-06-21,2028-12-31,1372C7B4D6AC3A438BDFC87A29D303315FF34FC5B1E73205936B7B99284A8AF5,D7A7A0FB5D7E2731D771E9484EBCDEF71D5F0C3E0A2948782BC83EE0EA699EF4
A010840,SSL.com IV TLS Issuing RSA CA 1,Intermediate Certificate,Trusted,2022-12-09,2032-12-06,0B9DF26FF87DF92EC265661EEC82D09F8A7531006F3CDA4D6F7288961B23B045,8FAF7D2E2CB4709BB8E0B33666BF75A5DD45B5DE480F8EA8D4BFE6BEBC17F2ED
A011681,SSL.com IV TLS Transit ECC CA 1,Intermediate Certificate,Trusted,2024-06-21,2028-12-31,3708FB804391C75AA5D81235C214F398C6DCA6C9492A3AFDE92A5FD92FE48FAB,D7A7A0FB5D7E2731D771E9484EBCDEF71D5F0C3E0A2948782BC83EE0EA699EF4
A010836,SSL.com IV TLS Transit ECC CA 1,Intermediate Certificate,Trusted,2022-12-09,2037-12-05,57D61F0944948124E9B7685C7E2C9B4344E75DA9588328ECDF936AC8E80B438E,C32FFD9F46F936D16C3673990959434B9AD60AAFBB9E7CF33654F144CC1BA143
A011689,SSL.com IV TLS Transit RSA CA 1,Intermediate Certificate,Trusted,2024-06-21,2028-12-31,B90CF398E1BE2E59C6BF1E0F7F996CAB2E1533734A0BC328989C135EB19D6729,D7A7A0FB5D7E2731D771E9484EBCDEF71D5F0C3E0A2948782BC83EE0EA699EF4
A010842,SSL.com IV TLS Transit RSA CA 1,Intermediate Certificate,Trusted,2022-12-09,2037-12-05,C05F6E75226A6FFDF4A07A6D7473D3C51E66A57FE81138815539157DD57C5A59,8FAF7D2E2CB4709BB8E0B33666BF75A5DD45B5DE480F8EA8D4BFE6BEBC17F2ED
A011682,SSL.com OV TLS Issuing ECC CA 1,Intermediate Certificate,Trusted,2024-06-21,2028-12-31,D306BF0D85BD10D083A1ECA5B38D40149E5C450F996021CC08DE254D1722E619,D7A7A0FB5D7E2731D771E9484EBCDEF71D5F0C3E0A2948782BC83EE0EA699EF4
A010837,SSL.com OV TLS Issuing ECC CA 1,Intermediate Certificate,Trusted,2022-12-09,2032-12-06,F1728DCAF61A28069EEA0FA1B482DD61A463F75255DD700CF60607E75E93C9A9,C32FFD9F46F936D16C3673990959434B9AD60AAFBB9E7CF33654F144CC1BA143
A011690,SSL.com OV TLS Issuing RSA CA 1,Intermediate Certificate,Trusted,2024-06-21,2028-12-31,C28A1FDF14AE3F045FBC5E1602A01030A77236CC52267F2360899C832E975C15,D7A7A0FB5D7E2731D771E9484EBCDEF71D5F0C3E0A2948782BC83EE0EA699EF4
A010841,SSL.com OV TLS Issuing RSA CA 1,Intermediate Certificate,Trusted,2022-12-09,2032-12-06,604BDD260A28EDD256E9DAA70C05CD18AC3CEC827F842590D45EA42BDDC61E42,8FAF7D2E2CB4709BB8E0B33666BF75A5DD45B5DE480F8EA8D4BFE6BEBC17F2ED
A011683,SSL.com OV TLS Transit ECC CA 1,Intermediate Certificate,Trusted,2024-06-21,2028-12-31,28DE5F98B2DB4C4381FDA8307AC9C355DB898966B525665A019F5D6DFE7EF1CA,D7A7A0FB5D7E2731D771E9484EBCDEF71D5F0C3E0A2948782BC83EE0EA699EF4
A010839,SSL.com OV TLS Transit ECC CA 1,Intermediate Certificate,Trusted,2022-12-09,2037-12-05,0DA999DF66FD21CAFF5E1376ABAD37B4FD2C8AA69B25A3F60794E6F3AA47D98B,C32FFD9F46F936D16C3673990959434B9AD60AAFBB9E7CF33654F144CC1BA143
A011691,SSL.com OV TLS Transit RSA CA 1,Intermediate Certificate,Trusted,2024-06-21,2028-12-31,5ABA720A2F527774D516DC12021E6248756ADF046EAE0818555E969F8E43CC1F,D7A7A0FB5D7E2731D771E9484EBCDEF71D5F0C3E0A2948782BC83EE0EA699EF4
A010843,SSL.com OV TLS Transit RSA CA 1,Intermediate Certificate,Trusted,2022-12-09,2037-12-05,2858D518D0774088CFE7BD5E52AAFD15C450B63C667C9F575EB22C084FC2318C,8FAF7D2E2CB4709BB8E0B33666BF75A5DD45B5DE480F8EA8D4BFE6BEBC17F2ED
A004372,SSL.com RSA SSL subCA,Intermediate Certificate,Trusted,2016-02-12,2031-02-12,527A60B02ABF3A4A5519C4F62FBBD560E3034074EEEC8B8799AA9368693FE36D,85666A562EE0BE5CE925C1D8890A6F76A87EC16D4D7D5F29EA7419CF20123B69
A006125,SSL.com Root Certification Authority ECC,Intermediate Certificate,Trusted,2019-02-14,2027-02-12,06B9722A699C57DFF1869F430B479BB6EB49AAE1184EAC9C5325C1334A34EA4C,85666A562EE0BE5CE925C1D8890A6F76A87EC16D4D7D5F29EA7419CF20123B69
A012896,SSL.com Root Certification Authority ECC,Intermediate Certificate,Trusted,2026-01-15,2034-12-30,3F47228BD9AC6738F87A806336673127CE2E3DA0DFFA0793355EE2EFFF203B9E,CECDDC905099D8DADFC5B1D209B737CBE2C18CFB2C10C0FF0BCF0D3286FC1AA2
A012894,SSL.com Root Certification Authority ECC,Intermediate Certificate,Trusted,2026-01-15,2029-12-30,A272F56F844FD9F8979FFF8C3CB18621454CB15BA419FC4427824B7BCD2D29B6,F1C1B50AE5A20DD8030EC9F6BC24823DD367B5255759B4E71B61FCE9F7375D73
A012897,SSL.com Root Certification Authority RSA,Intermediate Certificate,Trusted,2026-01-15,2034-12-30,3F7BEFCE41F251B2282018FB73213A2116A3F4F692389335E04FF5AE33AB45DA,CECDDC905099D8DADFC5B1D209B737CBE2C18CFB2C10C0FF0BCF0D3286FC1AA2
A012871,SSL.com Root Certification Authority RSA,Intermediate Certificate,Trusted,2025-12-17,2029-12-30,B3E86467D178F3CEBE11E739FC2169E4C7859078EC63FB40318981EF3A4EAB26,F1C1B50AE5A20DD8030EC9F6BC24823DD367B5255759B4E71B61FCE9F7375D73
A010724,SSL.com S/MIME Issuing ECC CA R1,Intermediate Certificate,Trusted,2022-10-21,2032-10-18,26A29420D6B3DDFF25840D1C7930C15BF071EE10775738A63DE2A61A105E932A,AD7DD58D03AEDB22A30B5084394920CE12230C2D8017AD9B81AB04079BDD026B
A010725,SSL.com S/MIME Issuing RSA CA R1,Intermediate Certificate,Trusted,2022-10-21,2032-10-18,030FE47ECE258C2EFEF45FE8FFCA62D14DB33F0212188E3B10D739797D29E28A,1D4CA4A2AB21D0093659804FC0EB2175A617279B56A2475245C9517AFEB59153
A010726,SSL.com S/MIME Transit ECC CA R2,Intermediate Certificate,Trusted,2022-10-21,2037-10-17,B6DAF35F591A2B30CDAC188D7A8F542C45E5560EFD607B984A306A8A755DA92E,AD7DD58D03AEDB22A30B5084394920CE12230C2D8017AD9B81AB04079BDD026B
A010727,SSL.com S/MIME Transit RSA CA R2,Intermediate Certificate,Trusted,2022-10-21,2037-10-17,C3251AB91CC593221FE36D9D5701A5AC531532AFEA816976611F5180995FDDCB,1D4CA4A2AB21D0093659804FC0EB2175A617279B56A2475245C9517AFEB59153
A006235,SSL.com SSL Enterprise Intermediate CA RSA R1,Intermediate Certificate,Trusted,2019-03-26,2034-03-22,EDAC9C45909F4DEC7BB65F0A4FBF6A8A0375E52AEDD66E06888FED7E3EDEC537,85666A562EE0BE5CE925C1D8890A6F76A87EC16D4D7D5F29EA7419CF20123B69
A006245,SSL.com SSL Intermediate CA ECC R2,Intermediate Certificate,Trusted,2019-03-07,2034-03-03,948B7111AF42F546D579CFF5CE2BDEC82134DD9914842BDDB0C52872EB604E39,3417BB06CC6007DA1B961C920B8AB4CE3FAD820E4AA30B9ACBC4A74EBDCEBC65
A012571,SSL.com TLS ECC Root CA 2022,Intermediate Certificate,Trusted,2025-08-01,2028-12-31,BA06D3D3E348FCE7478CC84B422D0E638E9E221EF1A0B53ADC14CC70E04B8AB8,D7A7A0FB5D7E2731D771E9484EBCDEF71D5F0C3E0A2948782BC83EE0EA699EF4
A013009,SSL.com TLS ECC Root CA 2022,Intermediate Certificate,Trusted,2026-02-16,2042-08-21,08D48685EF84C770B441F6365D707B1C7AA293AE2FD7AA159A24451380C60134,945BBC825EA554F489D1FD51A73DDF2EA624AC7019A05205225C22A78CCFA8B4
A013010,SSL.com TLS ECC Root CA 2022,Intermediate Certificate,Trusted,2026-02-16,2042-08-21,A1878AE6E6D02EEAA10199924DEC398AD285CFE2E3904B5F668D925A23A4561C,55903859C8C0C3EBB8759ECE4E2557225FF5758BBD38EBD48276601E1BD58097
A011298,SSL.com TLS ECC Root CA 2022,Intermediate Certificate,Trusted,2023-11-07,2038-11-03,AC25863BA43B96AEA864BA2AA256022AF9D38DC93E97437F3DE603CC487306CB,22A2C1F7BDED704CC1E701B5F408C310880FE956B5DE2A4A44F99C873A25A7C8
A012877,SSL.com TLS ECC Root CA 2022,Intermediate Certificate,Trusted,2025-12-17,2029-12-30,469A5624CBF125C29B1C73AA4D05D4B2BF4F8400B5D569E9A4CA554AB4C4FAF5,F1C1B50AE5A20DD8030EC9F6BC24823DD367B5255759B4E71B61FCE9F7375D73
A012407,SSL.com TLS ECC Root CA 2022,Intermediate Certificate,Trusted,2025-02-18,2040-02-15,1E6EBEF80676FD20D2597C1F45A5E198DD4C4CBF3328E522837196600C319141,3417BB06CC6007DA1B961C920B8AB4CE3FAD820E4AA30B9ACBC4A74EBDCEBC65
A012898,SSL.com TLS ECC Root CA 2022,Intermediate Certificate,Trusted,2026-01-15,2034-12-30,5DA2AA591B0F1DE7FF0C0D95DF3424A1FC683E3309AD3ACCBFA783CE93CCDF13,CECDDC905099D8DADFC5B1D209B737CBE2C18CFB2C10C0FF0BCF0D3286FC1AA2
A011684,SSL.com TLS Issuing ECC CA R2,Intermediate Certificate,Trusted,2024-06-21,2028-12-31,2DC7DDC440B6332274868C5E1DF5D15BD71E5A1861D22B6181BC1C2CBFA32B34,D7A7A0FB5D7E2731D771E9484EBCDEF71D5F0C3E0A2948782BC83EE0EA699EF4
A010714,SSL.com TLS Issuing ECC CA R2,Intermediate Certificate,Trusted,2022-10-21,2032-10-18,7F3EE6366236EDE6C1F7C21C443C644D32153EDAA9357C3A6DA879CDF2A6B0B6,C32FFD9F46F936D16C3673990959434B9AD60AAFBB9E7CF33654F144CC1BA143
A011692,SSL.com TLS Issuing RSA CA R1,Intermediate Certificate,Trusted,2024-06-21,2028-12-31,AB3DE819F342F0A61D199D4BE86A4F7F3F2810CDFF0B0BFF872F4D93E812CE80,D7A7A0FB5D7E2731D771E9484EBCDEF71D5F0C3E0A2948782BC83EE0EA699EF4
A010713,SSL.com TLS Issuing RSA CA R1,Intermediate Certificate,Trusted,2022-10-21,2032-10-18,BFBC39E9FA2B84C9A92337E2344EE2381D8D3D3AE8EA75EF4E48E5807ED80C69,8FAF7D2E2CB4709BB8E0B33666BF75A5DD45B5DE480F8EA8D4BFE6BEBC17F2ED
A012570,SSL.com TLS RSA Root CA 2022,Intermediate Certificate,Trusted,2025-08-01,2028-12-31,D6DF0026E5939EF08BEDAC8C5838F1F0A6EFA7CAD5F6B8BB80AEB255DA96EBB3,D7A7A0FB5D7E2731D771E9484EBCDEF71D5F0C3E0A2948782BC83EE0EA699EF4
A011885,SSL.com TLS RSA Root CA 2022,Intermediate Certificate,Trusted,2024-10-16,2030-12-06,AAC42585276A2BA42710CA7AF27B1369F339F24F70D9095BE956391CAAF8BA94,43DF5774B03E7FEF5FE40D931A7BEDF1BB2E6B42738C4E6D3841103D3AA7F339
A012876,SSL.com TLS RSA Root CA 2022,Intermediate Certificate,Trusted,2025-12-17,2029-12-30,1B1DE06990CD0B305E2E124806103B1ADCFFC499F212504DC77F48DD0AD62209,F1C1B50AE5A20DD8030EC9F6BC24823DD367B5255759B4E71B61FCE9F7375D73
A012899,SSL.com TLS RSA Root CA 2022,Intermediate Certificate,Trusted,2026-01-15,2034-12-30,62702D3011652123DEA4690FA9B5270A21A110538FE561327BDA247F67AC9340,CECDDC905099D8DADFC5B1D209B737CBE2C18CFB2C10C0FF0BCF0D3286FC1AA2
A013007,SSL.com TLS RSA Root CA 2022,Intermediate Certificate,Trusted,2026-02-16,2029-12-28,2A2ABB81B6A23186F92D5B7E21FB5931467ACE1F7BD4AE4395BF4C4B8C026468,4200F5043AC8590EBB527D209ED1503029FBCBD41CA1B506EC27F15ADE7DAC69
A012409,SSL.com TLS RSA Root CA 2022,Intermediate Certificate,Trusted,2025-02-18,2040-02-15,336CD76B6C7F7878B3D4AB59B28982CBEE40804AABC9C2BEE98827B34CFFF2C0,85666A562EE0BE5CE925C1D8890A6F76A87EC16D4D7D5F29EA7419CF20123B69
A013008,SSL.com TLS RSA Root CA 2022,Intermediate Certificate,Trusted,2026-02-16,2042-08-21,DC1E4EDF2B35CC811E967444FB5D13BC017DC7E86527EF8A5A35109EC14A1CF3,97552015F5DDFC3C8788C006944555408894450084F100867086BC1A2BB58DC8
A011299,SSL.com TLS RSA Root CA 2022,Intermediate Certificate,Trusted,2023-11-07,2038-11-03,6BCB147D41E9B577F40002A5C4BA08846737805AAFE8554DD0E72204F6007BA7,2E7BF16CC22485A7BBE2AA8696750761B0AE39BE3B2FE9D0CC6D4EF73491425C
A011685,SSL.com TLS Transit ECC CA R2,Intermediate Certificate,Trusted,2024-06-21,2028-12-31,FE9FB0F783EBB843109AA31DE9DA9864B6542940C307DF23180B11F1F7E108DE,D7A7A0FB5D7E2731D771E9484EBCDEF71D5F0C3E0A2948782BC83EE0EA699EF4
A010716,SSL.com TLS Transit ECC CA R2,Intermediate Certificate,Trusted,2022-10-21,2037-10-17,5D1BC399274E649E1C72697DE91A54AD725088C5221CB61E17EE9C290BC42A92,C32FFD9F46F936D16C3673990959434B9AD60AAFBB9E7CF33654F144CC1BA143
A011693,SSL.com TLS Transit RSA CA R2,Intermediate Certificate,Trusted,2024-06-21,2028-12-31,EBD417F595C3F259B7455C8135293505B692C47E0F74D3BA885CE22C8875CA28,D7A7A0FB5D7E2731D771E9484EBCDEF71D5F0C3E0A2948782BC83EE0EA699EF4
A010715,SSL.com TLS Transit RSA CA R2,Intermediate Certificate,Trusted,2022-10-21,2037-10-17,FFE930442DFEB69CE29A908B6A639B370BD6BA6075F931AB83561D938B453A21,8FAF7D2E2CB4709BB8E0B33666BF75A5DD45B5DE480F8EA8D4BFE6BEBC17F2ED
A011766,SSL2BUY EMEA ECC Domain Validation Secure Server CA,Intermediate Certificate,Trusted,2024-07-31,2034-07-30,E98F1B8DC9F84BF37D929C2CFAB8A405BCAF7ACE758F941D9C26CFC096E05571,C90F26F0FB1B4018B22227519B5CA2B53E2CA5B3BE5CF18EFE1BEF47380C5383
A011768,SSL2BUY EMEA ECC Extended Validation Secure Server CA,Intermediate Certificate,Trusted,2024-07-31,2034-07-30,24FCC644D29C875D418E4374D6B33F28592E3EE70AD731F22AD30730692ECC32,C90F26F0FB1B4018B22227519B5CA2B53E2CA5B3BE5CF18EFE1BEF47380C5383
A011767,SSL2BUY EMEA ECC Organization Validation Secure Server CA,Intermediate Certificate,Trusted,2024-07-31,2034-07-30,5BC7A466A2ACCA295E6219F1ED282A72C05F579C910C286A06E3490AEEAC8943,C90F26F0FB1B4018B22227519B5CA2B53E2CA5B3BE5CF18EFE1BEF47380C5383
A011761,SSL2BUY EMEA RSA Domain Validation Secure Server CA,Intermediate Certificate,Trusted,2024-07-31,2034-07-30,58F0F756758E93FB0B6B17A36A3850475D68BC0D6C99CBE22A1B18351C89FF1F,7BB647A62AEEAC88BF257AA522D01FFEA395E0AB45C73F93F65654EC38F25A06
A011764,SSL2BUY EMEA RSA Extended Validation Secure Server CA,Intermediate Certificate,Trusted,2024-07-31,2034-07-30,8AC0C18FAC417E2534A23214AA7442E00C82B7E773C74235211B907D401342FA,7BB647A62AEEAC88BF257AA522D01FFEA395E0AB45C73F93F65654EC38F25A06
A011763,SSL2BUY EMEA RSA Organization Validation Secure Server CA,Intermediate Certificate,Trusted,2024-07-31,2034-07-30,F7AD61C4F2A74D1BE7C0580A36B2C93DFD5E8BC15886071C25F4E66DC15BBBF8,7BB647A62AEEAC88BF257AA522D01FFEA395E0AB45C73F93F65654EC38F25A06
A011765,SSL2BUY EMEA RSA Secure Email CA,Intermediate Certificate,Trusted,2024-07-31,2034-07-30,402654B3931F20DAB57837F2C4308B3A3326203ED1691ACFB50C0D8FAB677F65,D5917A7791EB7CF20A2E57EB98284A67B28A57E89182DA53D546678C9FDE2B4F
A006345,SSLs.com ECC DV Secure Server CA,Intermediate Certificate,Trusted,2019-05-14,2029-05-13,830CB443E912901EFBA8FF8F8E1BBCE97032AA91238E819D8BD6EAFCD5852D50,4FF460D54B9C86DABFBCFC5712E0400D2BED3FBC4D4FBDAA86E06ADCD2A9AD7A
A006346,SSLs.com ECC EV Secure Server CA,Intermediate Certificate,Trusted,2019-05-14,2029-05-13,3B8BB7BEE5A4EB21EA8D9279F3F456CAF3B89C56D6DD4C69A3FBD7F9E4ED9CD3,4FF460D54B9C86DABFBCFC5712E0400D2BED3FBC4D4FBDAA86E06ADCD2A9AD7A
A006347,SSLs.com ECC OV Secure Server CA,Intermediate Certificate,Trusted,2019-05-14,2029-05-13,3BB74B1E67F28769368AF11DC499B31F4E0459A786F3B0D849B6AEB59D092402,4FF460D54B9C86DABFBCFC5712E0400D2BED3FBC4D4FBDAA86E06ADCD2A9AD7A
A006342,SSLs.com RSA DV Secure Server CA,Intermediate Certificate,Trusted,2019-05-14,2029-05-13,703EA0A173E2042355F1DFEB1079292D41EA68C046C9D45CC60DC5410104F478,E793C9B02FD8AA13E21C31228ACCB08119643B749C898964B1746D46C3D4CBD2
A006343,SSLs.com RSA EV Secure Server CA,Intermediate Certificate,Trusted,2019-05-14,2029-05-13,08928092365931619759F2B8B44ED2ABC030D8AF6C3C3149FBCB07C78A96CE36,E793C9B02FD8AA13E21C31228ACCB08119643B749C898964B1746D46C3D4CBD2
A006344,SSLs.com RSA OV Secure Server CA,Intermediate Certificate,Trusted,2019-05-14,2029-05-13,244A1B730CA1D75A69A52F5E5F421BB547C797E24AFBE9CFB99C993488CDC271,E793C9B02FD8AA13E21C31228ACCB08119643B749C898964B1746D46C3D4CBD2
A007026,STMicroelectronics Public User CA1,Intermediate Certificate,Trusted,2020-04-29,2030-04-29,CE15B88ECA32A371D0B51B3B04759055D6A8FF0C3D1A0D60488DF356DC050E55,7D05EBB682339F8C9451EE094EEBFEFA7953A114EDB2F44949452FAB7D2FC185
A011671,STMicroelectronics Public User CA2,Intermediate Certificate,Trusted,2024-06-19,2034-06-18,10404ACA4342C813622AD6A9CC5601AEF8B6197BE2692D2FE7CE0C3AEB10ED2F,7D05EBB682339F8C9451EE094EEBFEFA7953A114EDB2F44949452FAB7D2FC185
A004730,STRATO TLS RSA CA,Intermediate Certificate,Trusted,2017-11-02,2027-11-02,A8AD1C25CC580B2131FCC6FC6D6513746F38EA99BD162C81B5C5393495175B18,CB3CCBB76031E5E0138F8DD39A23F9DE47FFC35E43C1144CEA27D46A5AB1CB5F
A011048,SWIFT Atlas R3 SMIME CA 2022,Intermediate Certificate,Trusted,2023-06-28,2029-03-18,65BAE54958A42CD00D08DA3AC63641B3D74F2B38C1EC14F29CFF13A7136E88A9,CBB522D7B7F127AD6A0113865BDF1CD4102E7D0759AF635A7CF4720DC963C53B
A010182,SWIFT Atlas R3 SMIME CA 2022,Intermediate Certificate,Trusted,2022-04-20,2029-03-18,A4819D67CC975AC71BC9315FA08DFA5AFFB9A537D79A6865FEF574F28ED5B52B,CBB522D7B7F127AD6A0113865BDF1CD4102E7D0759AF635A7CF4720DC963C53B
A011619,SWIFT Atlas R3 SMIME CA 2022,Intermediate Certificate,Trusted,2024-05-15,2029-03-18,26697DE995B1E8A60ED1A2A04A37DC2E8B3BCD4ED869FCC53C7F6C1D12323E52,CBB522D7B7F127AD6A0113865BDF1CD4102E7D0759AF635A7CF4720DC963C53B
A012805,SWIFT Atlas R45 SMIME CA 2025,Intermediate Certificate,Trusted,2025-10-15,2035-10-15,0AD9DA2A043684C081F870FDF855D14A22908792079F07AD729C992E6E95675D,319AF0A7729E6F89269C131EA6A3A16FCD86389FDCAB3C47A4A675C161A3F974
A013303,SZAFIR ROOT CA3 TLS,Intermediate Certificate,Trusted,2026-07-20,2031-07-20,CA4E42BD74D061E84C0BD6B033BE7FBEC6576E23D5EFA960B12BA39F81D85B5E,A1339D33281A0B56E557D3D32B1CE7F9367EB094BD5FA72A7E5004C8DED7CAFE
A011871,SZAFIR Trusted CA5,Intermediate Certificate,Trusted,2024-10-08,2034-10-08,1EBFA14EBD05CB7CAA79F84F4992379F1497AADD9ED0C7784B320411038292EE,A1339D33281A0B56E557D3D32B1CE7F9367EB094BD5FA72A7E5004C8DED7CAFE
A011915,SZAFIR Trusted CA6,Intermediate Certificate,Trusted,2024-10-21,2034-10-21,8DBCEFD897D49653085E8914E71664943C2BC674405193B3AFAB3F66E92AD961,A1339D33281A0B56E557D3D32B1CE7F9367EB094BD5FA72A7E5004C8DED7CAFE
A013082,SZAFIR Trusted CA7 TLS OV,Intermediate Certificate,Trusted,2026-03-27,2031-03-27,8FCCF1B288E18CE663C8E24485E2F2513A63C4582E5ADB1965598462466C4809,3032055A2617521DCBDED330A5161BF067611CFD2A6A01932705BA9B0C30ABC8
A006500,SZCA DV SSL CA,Intermediate Certificate,Trusted,2019-07-16,2027-05-21,F6787FA8CAD7D2C279A0374BFB503807CC6ADCC7C23709273DD5A4047D1AEF78,9E852C59DFC6FD6ABD4E17EA80B5F4E56FC04192D107258D54DA8A92528670D6
A006504,SZCA EV SSL CA,Intermediate Certificate,Trusted,2019-07-16,2027-05-21,7FBF5DB4917639930076AAFF78FC91DDA0EFEEA86CAD38A18D98947D7CD36948,9E852C59DFC6FD6ABD4E17EA80B5F4E56FC04192D107258D54DA8A92528670D6
A006501,SZCA OV SSL CA,Intermediate Certificate,Trusted,2019-07-16,2027-05-21,CC0B2512EE20280C36F30D57084ACB6B8636D94B481742E424335C7767E758C6,9E852C59DFC6FD6ABD4E17EA80B5F4E56FC04192D107258D54DA8A92528670D6
A006591,SafeToOpen ClientCert ICA RSA R1,Intermediate Certificate,Trusted,2019-10-01,2029-09-28,76348ADEE48E61D7329EE483109651EA4B2E0B5C02F7DF2583FE1074ED9C6FEC,17CD6504B275A6634EE0016EFFE53B26BFFCCA289C7DED4A1C8F4353CD05B09C
A006589,SafeToOpen EV TLS ICA RSA R1,Intermediate Certificate,Trusted,2019-10-01,2029-09-28,C2D4FDFBBD82F4A1CDAC4713E3AB0999560918D7A170DDE03F7DDBF9A288DCDC,9B25A6A7BD51BC5F5C4F06E0D1218FD370DD31FAFD5CD3B627C82F202F1B4657
A006588,SafeToOpen TLS ICA RSA R1,Intermediate Certificate,Trusted,2019-10-01,2029-09-28,DFCCDBF077D142D7923F6316DD411E462C7A8BC04781F2B87065A5C5E258A7E0,EDAC9C45909F4DEC7BB65F0A4FBF6A8A0375E52AEDD66E06888FED7E3EDEC537
A013189,SafeToOpen TLS Issuing RSA CA 1,Intermediate Certificate,Trusted,2026-05-22,2036-05-19,DC60CCEB9795435261548AF2CA959CBBBA67C9B001BEFF8E81EB9C0D3E7D0F8A,FFE930442DFEB69CE29A908B6A639B370BD6BA6075F931AB83561D938B453A21
A012728,SanFront DV TLS RSA CA G1,Intermediate Certificate,Trusted,2025-09-17,2030-09-17,7D7702A277CFEBC283F6F24A2C17CA0EBA7600096105244AD1913E7BE2E56A29,9BEA11C976FE014764C1BE56A6F914B5A560317ABD9988393382E5161AA0493C
A012843,SanFront DV TLS RSA CA G2,Intermediate Certificate,Trusted,2025-11-11,2030-11-11,7C7DA4E281AF24FEF35A6711ECA55DBFF1C6333709DFC679470F325D1CBD9460,9BEA11C976FE014764C1BE56A6F914B5A560317ABD9988393382E5161AA0493C
A012727,SanFront OV TLS RSA CA G1,Intermediate Certificate,Trusted,2025-09-17,2030-09-17,E1C893A5658D63E2BA78CAFF160B81F9836B6A851F1A3CAA48B3B4E287F0092F,9BEA11C976FE014764C1BE56A6F914B5A560317ABD9988393382E5161AA0493C
A012842,SanFront OV TLS RSA CA G2,Intermediate Certificate,Trusted,2025-11-11,2030-11-11,37A7BCAF399CA6C24F3ABB6E0AF9DDE32AEEEBA1D36AECC958C7631609FE01A9,9BEA11C976FE014764C1BE56A6F914B5A560317ABD9988393382E5161AA0493C
A007198,Saudi Basic Industries Corporation Issuing CA,Intermediate Certificate,Trusted,2020-07-16,2030-07-16,3AB4DE79829AF704A1DD79B13892BBAE44B2770F88AE833450F5B1D33802F0C4,7D05EBB682339F8C9451EE094EEBFEFA7953A114EDB2F44949452FAB7D2FC185
A006485,Saudi Telecom Company Email CA,Intermediate Certificate,Trusted,2019-07-02,2029-07-02,E33076FFB5267DF419F72DE06C46E2C6CA44FF4383B5316CF7D6E628E98D9BFD,7D05EBB682339F8C9451EE094EEBFEFA7953A114EDB2F44949452FAB7D2FC185
A012096,Saudi Telecom Company Email CA - G2,Intermediate Certificate,Trusted,2025-01-29,2035-01-28,C2EC478A71391480CDC9E8147A18B2C4DF449D15AECC3D068C51BF654086D9C5,7D05EBB682339F8C9451EE094EEBFEFA7953A114EDB2F44949452FAB7D2FC185
A013066,Sectigo CN Public Server Authentication CA DV E31,Intermediate Certificate,Trusted,2026-03-25,2031-03-24,1C0E39018E328FC8BBFF35F5993287D0934DC44EF4311F44622AD5BF07351AB4,C90F26F0FB1B4018B22227519B5CA2B53E2CA5B3BE5CF18EFE1BEF47380C5383
A013063,Sectigo CN Public Server Authentication CA DV R31,Intermediate Certificate,Trusted,2026-03-25,2031-03-24,2F3C8ECBE2157ED6756C93718602D74E28BD4EA04340D85AE6BCBEB5841ECE29,7BB647A62AEEAC88BF257AA522D01FFEA395E0AB45C73F93F65654EC38F25A06
A013068,Sectigo CN Public Server Authentication CA EV E31,Intermediate Certificate,Trusted,2026-03-25,2031-03-24,846574A0F1AA358732677895BFCE3B915657E12B0F44283FCC6B8FF5E131667C,C90F26F0FB1B4018B22227519B5CA2B53E2CA5B3BE5CF18EFE1BEF47380C5383
A013065,Sectigo CN Public Server Authentication CA EV R31,Intermediate Certificate,Trusted,2026-03-25,2031-03-24,949C599693C3BE5DB291EEDE97AD69E00C632B5B5054082185C360D7D6CCE737,7BB647A62AEEAC88BF257AA522D01FFEA395E0AB45C73F93F65654EC38F25A06
A013067,Sectigo CN Public Server Authentication CA OV E31,Intermediate Certificate,Trusted,2026-03-25,2031-03-24,96F8C11D27D17AA30F6039049962FE7A613751ECACD35BE085446E83E4A6C715,C90F26F0FB1B4018B22227519B5CA2B53E2CA5B3BE5CF18EFE1BEF47380C5383
A013064,Sectigo CN Public Server Authentication CA OV R31,Intermediate Certificate,Trusted,2026-03-25,2031-03-24,9DB9B17B64516396F43DCC0311C950EBBC0BDC5F6C8C6854D704CE8C3BBF9537,7BB647A62AEEAC88BF257AA522D01FFEA395E0AB45C73F93F65654EC38F25A06
A005930,Sectigo ECC Client Authentication and Secure Email CA,Intermediate Certificate,Trusted,2018-11-02,2030-12-31,91DA7A5CA6134875008994C250DAD9221F0C5E2D4E3E0973F7961DCBDFB743EC,4FF460D54B9C86DABFBCFC5712E0400D2BED3FBC4D4FBDAA86E06ADCD2A9AD7A
A005927,Sectigo ECC Domain Validation Secure Server CA,Intermediate Certificate,Trusted,2018-11-02,2030-12-31,61E97375E9F6DA982FF5C19E2F94E66C4E35B6837CE3B914D2245C7F5F65825F,4FF460D54B9C86DABFBCFC5712E0400D2BED3FBC4D4FBDAA86E06ADCD2A9AD7A
A005981,Sectigo ECC Domain Validation Secure Server CA 2,Intermediate Certificate,Trusted,2018-12-03,2030-12-31,F6722BE44ACDAE5B5A8B3B0B4AF9F4BF5E5FBC3961CF526CBD9769D1C6E14859,4FF460D54B9C86DABFBCFC5712E0400D2BED3FBC4D4FBDAA86E06ADCD2A9AD7A
A005929,Sectigo ECC Extended Validation Secure Server CA,Intermediate Certificate,Trusted,2018-11-02,2030-12-31,1FFECE09682F87024A2A44B2C987B1FCCEE3B2B5CF021EFCF23869224A4CA154,4FF460D54B9C86DABFBCFC5712E0400D2BED3FBC4D4FBDAA86E06ADCD2A9AD7A
A005928,Sectigo ECC Organization Validation Secure Server CA,Intermediate Certificate,Trusted,2018-11-02,2030-12-31,3457106752400212903A3545CA3B2EF384A456972BD951D8D840C1B0A379EFA1,4FF460D54B9C86DABFBCFC5712E0400D2BED3FBC4D4FBDAA86E06ADCD2A9AD7A
A006936,Sectigo Partners - Client Authentication and Secure Email - ECC,Intermediate Certificate,Trusted,2020-03-20,2038-01-18,EAC0134370C9FFABFC7AEB5FD03C2516290FAE5585081C40A08F19C89AB7BF5B,4FF460D54B9C86DABFBCFC5712E0400D2BED3FBC4D4FBDAA86E06ADCD2A9AD7A
A006933,Sectigo Partners - Client Authentication and Secure Email - RSA,Intermediate Certificate,Trusted,2020-03-20,2038-01-18,F651B5CAAD909BC4B333A4C3CC737BE9CAD49890FB96D22DBC1E21E37F0DB551,E793C9B02FD8AA13E21C31228ACCB08119643B749C898964B1746D46C3D4CBD2
A006935,Sectigo Partners - Server Authentication - ECC,Intermediate Certificate,Trusted,2020-03-20,2038-01-18,9C624A017764FCBA36358679804A75CACE95F044F055DFDF02505F3B06017F34,4FF460D54B9C86DABFBCFC5712E0400D2BED3FBC4D4FBDAA86E06ADCD2A9AD7A
A006932,Sectigo Partners - Server Authentication - RSA,Intermediate Certificate,Trusted,2020-03-20,2038-01-18,05FFC64B8FC53B79F5B9C62961EBCCACBA1931D50F34D014E929EB002B5BD832,E793C9B02FD8AA13E21C31228ACCB08119643B749C898964B1746D46C3D4CBD2
A010878,Sectigo Public Email Protection CA E36,Intermediate Certificate,Trusted,2021-03-22,2036-03-21,F0C60046121178A15B108341B47B5F4BCA37E5C898E3239F2756DB5AA8D42BE1,22D9599234D60F1D4BC7C7E96F43FA555B07301FD475175089DAFB8C25E477B3
A010877,Sectigo Public Email Protection CA R36,Intermediate Certificate,Trusted,2021-03-22,2036-03-21,118783706A481641898904DC4C322B4A322C37ABA3ECB9C6E90E408616DC3456,D5917A7791EB7CF20A2E57EB98284A67B28A57E89182DA53D546678C9FDE2B4F
A011361,Sectigo Public Email Protection Root E46,Intermediate Certificate,Trusted,2021-03-22,2038-01-18,BFC1593F5055ACB4878D26BA8CCA46689A7AF3AF12ADF9C55752DCE53E9D53E5,4FF460D54B9C86DABFBCFC5712E0400D2BED3FBC4D4FBDAA86E06ADCD2A9AD7A
A011351,Sectigo Public Email Protection Root E46,Intermediate Certificate,Trusted,2021-03-22,2028-12-31,D14A75EED53081B7ABAFD5C2F4553E3AFB468CF655137CA865B5404A5011C459,D7A7A0FB5D7E2731D771E9484EBCDEF71D5F0C3E0A2948782BC83EE0EA699EF4
A011355,Sectigo Public Email Protection Root R46,Intermediate Certificate,Trusted,2021-03-22,2028-12-31,9582BE143B91A3144AAE6B53CAADDB399D8CF0DA22E38C39A13F5226DD5B49BC,D7A7A0FB5D7E2731D771E9484EBCDEF71D5F0C3E0A2948782BC83EE0EA699EF4
A011358,Sectigo Public Email Protection Root R46,Intermediate Certificate,Trusted,2021-03-22,2038-01-18,BC386A5C664B6B0B5E385FAC151AA3911606178359DED68AE5017DE985E78B94,E793C9B02FD8AA13E21C31228ACCB08119643B749C898964B1746D46C3D4CBD2
A010870,Sectigo Public Server Authentication CA DV E36,Intermediate Certificate,Trusted,2021-03-22,2036-03-21,873F0BA80E3AC222656DFD04158CC15C2927D42D5D05F01DEE4A47EB43A916DF,C90F26F0FB1B4018B22227519B5CA2B53E2CA5B3BE5CF18EFE1BEF47380C5383
A012366,Sectigo Public Server Authentication CA DV E40,Intermediate Certificate,Trusted,2025-05-14,2040-05-13,5B3776FB6A5EB56C028FD79BB1D681FB8B1FCCFC165D8ACB1FBDFA0C2714C32E,C90F26F0FB1B4018B22227519B5CA2B53E2CA5B3BE5CF18EFE1BEF47380C5383
A012567,Sectigo Public Server Authentication CA DV R35,Intermediate Certificate,Trusted,2025-08-01,2035-07-31,A3F45DE613062E16C2FAC665A611C4341BE10DA1E7062DAE50FA40F8C65335ED,7BB647A62AEEAC88BF257AA522D01FFEA395E0AB45C73F93F65654EC38F25A06
A010873,Sectigo Public Server Authentication CA DV R36,Intermediate Certificate,Trusted,2021-03-22,2036-03-21,8C54C334B66BA4E426772AF4A3F9136C19A1AEC729FDB28C535C07A5A4EF22E0,7BB647A62AEEAC88BF257AA522D01FFEA395E0AB45C73F93F65654EC38F25A06
A012365,Sectigo Public Server Authentication CA DV R40,Intermediate Certificate,Trusted,2025-05-14,2040-05-13,BA27E1B01C71B097F83967AD62B2B5D2546091FB72304813425A8DF5708F92EA,7BB647A62AEEAC88BF257AA522D01FFEA395E0AB45C73F93F65654EC38F25A06
A010872,Sectigo Public Server Authentication CA EV E36,Intermediate Certificate,Trusted,2021-03-22,2036-03-21,FD917B0D094FAA4DB1BBAF9ED7AC55BE5162D971C227B34E7085CA537A4A4B47,C90F26F0FB1B4018B22227519B5CA2B53E2CA5B3BE5CF18EFE1BEF47380C5383
A012367,Sectigo Public Server Authentication CA EV E40,Intermediate Certificate,Trusted,2025-05-14,2040-05-13,55D5504EFA8D4B1C139784FCC7C095D1320C2AADB1138EE2E6639414993EF094,C90F26F0FB1B4018B22227519B5CA2B53E2CA5B3BE5CF18EFE1BEF47380C5383
A012568,Sectigo Public Server Authentication CA EV R35,Intermediate Certificate,Trusted,2025-08-01,2035-07-31,FD237BDB59F2DA7339E214F5007511C65AD295C2623D45F1BC25C6573B6AF2BD,7BB647A62AEEAC88BF257AA522D01FFEA395E0AB45C73F93F65654EC38F25A06
A010875,Sectigo Public Server Authentication CA EV R36,Intermediate Certificate,Trusted,2021-03-22,2036-03-21,7A1A24285E25E94DF27CE8B344B1BB6B32F0254FF0D7B5AB6E856AE90CFDE55C,7BB647A62AEEAC88BF257AA522D01FFEA395E0AB45C73F93F65654EC38F25A06
A012364,Sectigo Public Server Authentication CA EV R40,Intermediate Certificate,Trusted,2025-05-14,2040-05-13,8083C1EEC720E209D57E08B6D986450F3EC1B425BA36D8CD9B9C7FC89BCCF912,7BB647A62AEEAC88BF257AA522D01FFEA395E0AB45C73F93F65654EC38F25A06
A010871,Sectigo Public Server Authentication CA OV E36,Intermediate Certificate,Trusted,2021-03-22,2036-03-21,4102BB08B7EA19E567EB6710384C540AFDAD993AF0D9DFBF91CA6273755B8BA0,C90F26F0FB1B4018B22227519B5CA2B53E2CA5B3BE5CF18EFE1BEF47380C5383
A012368,Sectigo Public Server Authentication CA OV E40,Intermediate Certificate,Trusted,2025-05-14,2040-05-13,BAB294CDB73A06CD924994F6580B8606F33D79B5AAF9BBE66DC67F3DA6DC5725,C90F26F0FB1B4018B22227519B5CA2B53E2CA5B3BE5CF18EFE1BEF47380C5383
A012569,Sectigo Public Server Authentication CA OV R35,Intermediate Certificate,Trusted,2025-08-01,2035-07-31,2CE04FA8C30B10DE8BCCA1928D84EC6A975502408EEF228321E346A2C62E9379,7BB647A62AEEAC88BF257AA522D01FFEA395E0AB45C73F93F65654EC38F25A06
A010874,Sectigo Public Server Authentication CA OV R36,Intermediate Certificate,Trusted,2021-03-22,2036-03-21,6542D176BED50F193C0CE297AE44ECD8A0A86BEC2EDE682769344059B4E78530,7BB647A62AEEAC88BF257AA522D01FFEA395E0AB45C73F93F65654EC38F25A06
A012363,Sectigo Public Server Authentication CA OV R40,Intermediate Certificate,Trusted,2025-05-14,2040-05-13,8EB2F17D668941C39A7FCA0CEE127AE0EBAF444610631CCA3CD19EAB46C5824A,7BB647A62AEEAC88BF257AA522D01FFEA395E0AB45C73F93F65654EC38F25A06
A011350,Sectigo Public Server Authentication Root E46,Intermediate Certificate,Trusted,2021-03-22,2028-12-31,6802701F0FD0960FF2B51F39AAEB20A778D83261A959AD0D7FF0BE54240F673D,D7A7A0FB5D7E2731D771E9484EBCDEF71D5F0C3E0A2948782BC83EE0EA699EF4
A011364,Sectigo Public Server Authentication Root E46,Intermediate Certificate,Trusted,2021-03-22,2038-01-18,EA6B89ED6907A209FF9188676FB164E7ACED894B8996DFBE5CE5BBCC22DE4DDD,4FF460D54B9C86DABFBCFC5712E0400D2BED3FBC4D4FBDAA86E06ADCD2A9AD7A
A011356,Sectigo Public Server Authentication Root R46,Intermediate Certificate,Trusted,2021-03-22,2038-01-18,92F351BF3D54164DFA8DD8F9E1139D3150349786485D2B9EECD00E2971C1E6C5,E793C9B02FD8AA13E21C31228ACCB08119643B749C898964B1746D46C3D4CBD2
A011353,Sectigo Public Server Authentication Root R46,Intermediate Certificate,Trusted,2021-03-22,2028-12-31,CE75580BC6796D3B3EA2C3E74259D0D403072408E960C77139C2FB5A3D9419E4,D7A7A0FB5D7E2731D771E9484EBCDEF71D5F0C3E0A2948782BC83EE0EA699EF4
A007426,Sectigo Qualified Website Authentication CA E35,Intermediate Certificate,Trusted,2020-10-05,2035-10-04,562D6A5B4B067465FFD0FBFC9BB05755CDACF55B5EE5C6F910B8B53DB128F57A,4FF460D54B9C86DABFBCFC5712E0400D2BED3FBC4D4FBDAA86E06ADCD2A9AD7A
A011847,Sectigo Qualified Website Authentication CA E39,Intermediate Certificate,Trusted,2024-09-18,2039-09-17,05461634195849A1BCCC99264912054FDEB987A52E661312AE9CCA3E3ED8D318,C90F26F0FB1B4018B22227519B5CA2B53E2CA5B3BE5CF18EFE1BEF47380C5383
A007475,Sectigo Qualified Website Authentication CA Natural E35,Intermediate Certificate,Trusted,2020-11-17,2035-11-16,A9841D2E47CBE6D71D8FAFDF38387F93F43D76D792504EFB17A21020C58C0B89,4FF460D54B9C86DABFBCFC5712E0400D2BED3FBC4D4FBDAA86E06ADCD2A9AD7A
A011848,Sectigo Qualified Website Authentication CA Natural E39,Intermediate Certificate,Trusted,2024-09-18,2039-09-17,00C367A774B7CE9A0F791342383F865F2AF6CD37674B85167E6F239E313D60BB,C90F26F0FB1B4018B22227519B5CA2B53E2CA5B3BE5CF18EFE1BEF47380C5383
A007476,Sectigo Qualified Website Authentication CA Natural R35,Intermediate Certificate,Trusted,2020-11-17,2035-11-16,339E6B92BE5459F26A8DC3C5F3720933C838E236601B050048C047A123E6F8E7,E793C9B02FD8AA13E21C31228ACCB08119643B749C898964B1746D46C3D4CBD2
A011846,Sectigo Qualified Website Authentication CA Natural R39,Intermediate Certificate,Trusted,2024-09-18,2039-09-17,3CCF0306BED8C910B327A15F2159FDD1E414474F77696C3D98781B1160277BCA,7BB647A62AEEAC88BF257AA522D01FFEA395E0AB45C73F93F65654EC38F25A06
A007425,Sectigo Qualified Website Authentication CA R35,Intermediate Certificate,Trusted,2020-10-05,2035-10-04,002393FA0A6825F77EF686E208620B97177791F02F07DB2518480FBE37CE7BD8,E793C9B02FD8AA13E21C31228ACCB08119643B749C898964B1746D46C3D4CBD2
A011845,Sectigo Qualified Website Authentication CA R39,Intermediate Certificate,Trusted,2024-09-18,2039-09-17,AC8C7EF96EB4B535FBFB4E7521F130536198A60DFF716312B22D4ACC4AFE9A7D,7BB647A62AEEAC88BF257AA522D01FFEA395E0AB45C73F93F65654EC38F25A06
A005924,Sectigo RSA Client Authentication and Secure Email CA,Intermediate Certificate,Trusted,2018-11-02,2030-12-31,AAF25230D0301DADFB1DD57683FAD2531935E73D3A7AF91F88C2092DF64F1E55,E793C9B02FD8AA13E21C31228ACCB08119643B749C898964B1746D46C3D4CBD2
A006270,Sectigo RSA Document Signing CA,Intermediate Certificate,Trusted,2019-04-24,2030-12-31,B7AAE826FFF72DE3FD6B31881A56221D7077C3D55C64B3940CEDFB7AFD0DCE35,E793C9B02FD8AA13E21C31228ACCB08119643B749C898964B1746D46C3D4CBD2
A005921,Sectigo RSA Domain Validation Secure Server CA,Intermediate Certificate,Trusted,2018-11-02,2030-12-31,7FA4FF68EC04A99D7528D5085F94907F4D1DD1C5381BACDC832ED5C960214676,E793C9B02FD8AA13E21C31228ACCB08119643B749C898964B1746D46C3D4CBD2
A005923,Sectigo RSA Extended Validation Secure Server CA,Intermediate Certificate,Trusted,2018-11-02,2030-12-31,57D8BDCD58955A5590A57C6AAFA581ED9B96BED76FAFEE969B139187C5A872C7,E793C9B02FD8AA13E21C31228ACCB08119643B749C898964B1746D46C3D4CBD2
A005922,Sectigo RSA Organization Validation Secure Server CA,Intermediate Certificate,Trusted,2018-11-02,2030-12-31,72A34AC2B424AED3F6B0B04755B88CC027DCCC806FDDB22B4CD7C47773973EC0,E793C9B02FD8AA13E21C31228ACCB08119643B749C898964B1746D46C3D4CBD2
A012731,Securepeak EV TLS ECC CA 1,Intermediate Certificate,Trusted,2025-09-23,2035-09-21,4A6C3073858201B08CF11556250F541877DE08FFFCDEEDF203FBB198A458F2F3,4CF773F955FDB7A97DB1250F2FD7BA36075A96166BB5CC417B5C021D0F70ADF2
A012732,Securepeak EV TLS RSA CA 1,Intermediate Certificate,Trusted,2025-09-23,2035-09-21,653A17149C7F289AF650D39DF991C3FA72843CDE3F399644E0A86DF73B3B0556,6CC95D21D4C7BA39736E4E703E4260B7EFB6DCCD91431ED5C43D7E0986B39554
A012733,Securepeak S/MIME ECC CA 1,Intermediate Certificate,Trusted,2025-09-23,2033-09-21,393BFC0E613DD8D3B00C8ED2AE322E9672FED9DD5EA1146CDAB4722C1B1236B9,B6DAF35F591A2B30CDAC188D7A8F542C45E5560EFD607B984A306A8A755DA92E
A012734,Securepeak S/MIME RSA CA 1,Intermediate Certificate,Trusted,2025-09-23,2033-09-21,F3B442B4DA351569D68FBB2F0C91C6EDC89E0FE929FDB45F9A39168067791810,C3251AB91CC593221FE36D9D5701A5AC531532AFEA816976611F5180995FDDCB
A012729,Securepeak TLS ECC CA 1,Intermediate Certificate,Trusted,2025-09-23,2035-09-21,188453098727A92CB11C905E0BB6A367B2BD2A9A8B2BF82C70735743DFA550FF,5D1BC399274E649E1C72697DE91A54AD725088C5221CB61E17EE9C290BC42A92
A012730,Securepeak TLS RSA CA 1,Intermediate Certificate,Trusted,2025-09-23,2035-09-21,6A41AB879A38EE1B254D5B87AAA2DECD7EE6851DCA30CE47CD848DA1E68FC52E,FFE930442DFEB69CE29A908B6A639B370BD6BA6075F931AB83561D938B453A21
A011537,Security Communication ECC RootCA1,Intermediate Certificate,Trusted,2024-04-04,2029-05-29,C3EBCEA7E6B13AC3EB3A79F05819E67D6893C65642F50D9B5E1647CB26506B8E,513B2CECB810D4CDE5DD85391ADFC6C2DD60D87BB736D2B521484AA47A0EBEF6
A007712,Shell Corporate Email CA,Intermediate Certificate,Trusted,2021-04-14,2031-04-13,7A16D63926765A78E8E7666715E865F7A436E3EEE9A4DB71B66996B63448D203,7D05EBB682339F8C9451EE094EEBFEFA7953A114EDB2F44949452FAB7D2FC185
A012137,Shell Corporate Email CA G2,Intermediate Certificate,Trusted,2025-02-12,2035-02-11,27C7DA4ED84B7246D25CD91C485AB6E977B6CB6236E7D71BAC4A799DD68CB7D4,7D05EBB682339F8C9451EE094EEBFEFA7953A114EDB2F44949452FAB7D2FC185
A011640,Shoper DV TLS G2 R34 CA,Intermediate Certificate,Trusted,2024-05-28,2034-05-16,509ABBB92864C2C44D7CBC466B63950E350165EE772A3037AE8168E92226A46F,FE7696573855773E37A95E7AD4D9CC96C30157C15D31765BA9B15704E1AE78FD
A006107,Shuidi Webtrust SSL Domain Validated,Intermediate Certificate,Trusted,2019-02-07,2027-05-21,4D67237B2CFACFFF3DDC83C2FF1C92A8E0A98A71BD04ED39F8AFF42AAF99371D,9E852C59DFC6FD6ABD4E17EA80B5F4E56FC04192D107258D54DA8A92528670D6
A006109,Shuidi Webtrust SSL Extended Validated,Intermediate Certificate,Trusted,2019-02-07,2027-05-21,6C40D07F4705A5B4F04C6AECDC5A1BF5FD38D2B6CF2DB7F212CA251075BE125D,9E852C59DFC6FD6ABD4E17EA80B5F4E56FC04192D107258D54DA8A92528670D6
A006108,Shuidi Webtrust SSL Organization Validated,Intermediate Certificate,Trusted,2019-02-07,2027-05-21,EE09D49C7CF441840DA5158D0E70D4C6CAEB4FCCFE6758EE4CC45C71A287DF39,9E852C59DFC6FD6ABD4E17EA80B5F4E56FC04192D107258D54DA8A92528670D6
A012275,Siemens Intermediate CA 2021,Intermediate Certificate,Trusted,2025-05-01,2029-07-07,9586FCA3106DC6048313D65BABB6F94F9469AE7C8B6CFB0F1C342B976D9E099C,C54D8B12C438725C2755B4AD81825F6975CBDA6C258A2BFBB8247A14F03BD22A
A011193,Siemens Issuing CA EE Auth 2023,Intermediate Certificate,Trusted,2023-06-21,2028-06-04,CEC450B3354FCAC90219D71FAC4DC1CFF4A67B6102F87B00A0301207FC2A4EFA,9586FCA3106DC6048313D65BABB6F94F9469AE7C8B6CFB0F1C342B976D9E099C
A011194,Siemens Issuing CA EE Enc 2023,Intermediate Certificate,Trusted,2023-06-21,2028-06-04,05E7AB4F1795F4E76E9EF5D49B5AE1E46CB22DA833B1758D031B8AAA7E2FDF84,9586FCA3106DC6048313D65BABB6F94F9469AE7C8B6CFB0F1C342B976D9E099C
A011196,Siemens Issuing CA EE Network Smartcard Auth 2023,Intermediate Certificate,Trusted,2023-06-21,2028-06-04,1D4E9F45681E59D88853B38CA704F3738EE6E2B0BA2DFADEB3ACACF4A0555739,9586FCA3106DC6048313D65BABB6F94F9469AE7C8B6CFB0F1C342B976D9E099C
A011195,Siemens Issuing CA Medium Strength Authentication 2023,Intermediate Certificate,Trusted,2023-06-21,2028-06-04,6DC59E8EF20AE4304A53A0BDC15E0244897BEB6C75DEF5F6999AD5BB882EC3F6,9586FCA3106DC6048313D65BABB6F94F9469AE7C8B6CFB0F1C342B976D9E099C
A011178,Site Blindado ECC Domain Validation Secure Server CA 3,Intermediate Certificate,Trusted,2023-08-02,2033-08-01,B8B25B65955E75E3E2983CB27B431C97BFE924173B7F77673AD59F7C523EAACF,4FF460D54B9C86DABFBCFC5712E0400D2BED3FBC4D4FBDAA86E06ADCD2A9AD7A
A011179,Site Blindado ECC Extended Validation Secure Server CA 3,Intermediate Certificate,Trusted,2023-08-02,2033-08-01,B1E42ECAECFC4B29408EBA5983DBF3922D39421C43B6A61655B03F9AEBFE4A21,4FF460D54B9C86DABFBCFC5712E0400D2BED3FBC4D4FBDAA86E06ADCD2A9AD7A
A011180,Site Blindado ECC Organization Validation Secure Server CA 3,Intermediate Certificate,Trusted,2023-08-02,2033-08-01,CFFD65450DD92A16792978A05FF239B2DB9EB7F48E9DFCDA2FC377184F2BBA66,4FF460D54B9C86DABFBCFC5712E0400D2BED3FBC4D4FBDAA86E06ADCD2A9AD7A
A011182,Site Blindado RSA Domain Validation Secure Server CA 3,Intermediate Certificate,Trusted,2023-08-02,2033-08-01,9D4F0ABD0A402C7074FA19EFF27C96FED306DC280A0EF5EF864373C1697A01E8,E793C9B02FD8AA13E21C31228ACCB08119643B749C898964B1746D46C3D4CBD2
A011183,Site Blindado RSA Extended Validation Secure Server CA 3,Intermediate Certificate,Trusted,2023-08-02,2033-08-01,1B52EDB396EA4E3CC986A7DD3E107ED2A070205A24A4A9849A18820900C8BAF1,E793C9B02FD8AA13E21C31228ACCB08119643B749C898964B1746D46C3D4CBD2
A011184,Site Blindado RSA Organization Validation Secure Server CA 3,Intermediate Certificate,Trusted,2023-08-02,2033-08-01,960AFD451F7B5416708CDB161A471EEF43939E5240E9F4218F0A59B866946B97,E793C9B02FD8AA13E21C31228ACCB08119643B749C898964B1746D46C3D4CBD2
A011185,Site Blindado RSA Secure Email CA 3,Intermediate Certificate,Trusted,2023-08-02,2033-08-01,8B54FC61210974CC929592850802ED764E3FFBFF40B8A5AC5FE231311D6AA4FE,E793C9B02FD8AA13E21C31228ACCB08119643B749C898964B1746D46C3D4CBD2
A007933,Soft-Net Secure Signing CA - C1,Intermediate Certificate,Trusted,2020-08-12,2035-08-12,CCEC157DA0F0BD58E3E8B584054FE0C44F04B4DD8C97B75B788D9140B05142F7,125609AA301DA0A249B97A8239CB6A34216F44DCAC9F3954B14292F2E8C8608F
A006484,Solenis Public Online CA,Intermediate Certificate,Trusted,2019-07-02,2029-07-02,0F3284B306AC422986C8F560EA46226FD8425519A6F61AA9C55AB508274B82D2,7D05EBB682339F8C9451EE094EEBFEFA7953A114EDB2F44949452FAB7D2FC185
A012860,Soluti V2 GR46 DV TLS CA 2025,Intermediate Certificate,Trusted,2025-12-10,2030-12-10,7757FE3298F39B0BAC4E830D6F98C828E7A77780E485C01958864E7D24B3DBD1,4FA3126D8D3A11D1C4855A4F807CBAD6CF919D3A5A88B03BEA2C6372D93C40C9
A012862,Soluti V2 GR46 EV TLS CA 2025,Intermediate Certificate,Trusted,2025-12-10,2030-12-10,45BC6AE95E407AB5E56AFDFEEE38CED8E96A6AC9032AD4D122C5ACB46BDC3312,4FA3126D8D3A11D1C4855A4F807CBAD6CF919D3A5A88B03BEA2C6372D93C40C9
A012861,Soluti V2 GR46 OV TLS CA 2025,Intermediate Certificate,Trusted,2025-12-10,2030-12-10,6B227EE8850FB113478A8B835A6E03A6EB3FB5191BFB9AB29D882EA69BA5094D,4FA3126D8D3A11D1C4855A4F807CBAD6CF919D3A5A88B03BEA2C6372D93C40C9
A011961,Soluti V2 GR6 DV TLS CA 2024,Intermediate Certificate,Trusted,2024-11-20,2029-11-20,BA7651165CE1B82DC477CBBC501BE1AF67CDE182F233262FEF5D205F197738C6,2CABEAFE37D06CA22ABA7391C0033D25982952C453647349763A3AB5AD6CCF69
A011963,Soluti V2 GR6 EV TLS CA 2024,Intermediate Certificate,Trusted,2024-11-20,2029-11-20,A9A4BEFCDB349939452D22F3DD8BFDE4C840542B57BAEED88B22A11C7BC7F98B,2CABEAFE37D06CA22ABA7391C0033D25982952C453647349763A3AB5AD6CCF69
A011962,Soluti V2 GR6 OV TLS CA 2024,Intermediate Certificate,Trusted,2024-11-20,2029-11-20,24952CB05B0D97A9F12B458C7EE6C3F3A140F51DF4462193D97528FD89C8B8CD,2CABEAFE37D06CA22ABA7391C0033D25982952C453647349763A3AB5AD6CCF69
A010818,Sooma Digital Trust Validation,Intermediate Certificate,Trusted,2023-01-23,2027-05-20,CF8F3E3A993C9D020068B7AB200AC94200748731822FD5B32767226A2EE4EFA5,9E852C59DFC6FD6ABD4E17EA80B5F4E56FC04192D107258D54DA8A92528670D6
A012258,Spirit AeroSystems Atlas R45 SMIME CA 2025,Intermediate Certificate,Trusted,2025-04-16,2035-04-16,833D0A9A74CE20C031B04C6228BF1151232A335C1562DE93ED28E1CC85341724,319AF0A7729E6F89269C131EA6A3A16FCD86389FDCAB3C47A4A675C161A3F974
A011051,Spirit AeroSystems GCC R45 SMIME CA 2020,Intermediate Certificate,Trusted,2023-06-28,2030-07-28,31BBB081F0B0811DB4AE11A7D2B36168A98DE8230253423F13B5B241A0E8C707,319AF0A7729E6F89269C131EA6A3A16FCD86389FDCAB3C47A4A675C161A3F974
A007268,Spirit AeroSystems GCC R45 SMIME CA 2020,Intermediate Certificate,Trusted,2020-07-28,2030-07-28,90D87E23B012A357851472CE9F4E49201F67BA9EC1FB9CD236C0C5AAA15FFE9E,319AF0A7729E6F89269C131EA6A3A16FCD86389FDCAB3C47A4A675C161A3F974
A000860,Staat der Nederlanden Autonome Apparaten CA - G3,Intermediate Certificate,Trusted,2013-11-15,2028-11-12,AD493D6E85EC608AB813A887BDC4D4196A0BC9B33D2565A7FA8AC430F08A99A5,3C4FB0B95AB8B30032F432B86F535FE172C185D0FD39865837CF36187FA6F428
A000859,Staat der Nederlanden Burger CA - G3,Intermediate Certificate,Trusted,2013-11-14,2028-11-12,2E7A0A3B0C527EB20C52253C8D2278CA108136A8CA3A4EA22DA7B59BAC90650A,3C4FB0B95AB8B30032F432B86F535FE172C185D0FD39865837CF36187FA6F428
A000858,Staat der Nederlanden Organisatie Persoon CA - G3,Intermediate Certificate,Trusted,2013-11-14,2028-11-12,8222BC4FE7A3DDCA9EF0BF0D682AC888799F87822D15332A54C0BFDFC6854F7B,3C4FB0B95AB8B30032F432B86F535FE172C185D0FD39865837CF36187FA6F428
A000775,Staat der Nederlanden Organisatie Services CA - G3,Intermediate Certificate,Trusted,2013-11-14,2028-11-12,D9581DBDE99B39EEFF6CE5C80DE1650DA0C1C8A109705ED286C53BC95E6655E4,3C4FB0B95AB8B30032F432B86F535FE172C185D0FD39865837CF36187FA6F428
A011294,Staat der Nederlanden S/MIME CA - 2023,Intermediate Certificate,Trusted,2023-10-31,2028-11-13,F0305F07AB78862F2F11E4DEFE6E5EB749F8686B54613355A4845DE2052C73DE,3C4FB0B95AB8B30032F432B86F535FE172C185D0FD39865837CF36187FA6F428
A010923,Staclar Secure Identity CA R1,Intermediate Certificate,Trusted,2023-04-24,2033-04-21,6324FFD1A7207E4A5ABEE785C74A907D2B6A592B6FBB34BB3DB1DF413C833147,17CD6504B275A6634EE0016EFFE53B26BFFCCA289C7DED4A1C8F4353CD05B09C
A007799,Staclar TLS Issuing CA R1,Intermediate Certificate,Trusted,2021-06-23,2031-06-21,FE6B6F9E44B670797D52E5F16EF1BB10B49EB3AD662522FC632B37DF9A5044CD,EDAC9C45909F4DEC7BB65F0A4FBF6A8A0375E52AEDD66E06888FED7E3EDEC537
A013187,Staclar TLS Issuing RSA CA 2,Intermediate Certificate,Trusted,2026-05-22,2036-05-19,4F962D3AFD87926FAA1E44D1844DB21119ED4C66A57FB75B39528649678E72B3,FFE930442DFEB69CE29A908B6A639B370BD6BA6075F931AB83561D938B453A21
A000825,Starfield Root Certificate Authority - G2,Intermediate Certificate,Trusted,2011-05-03,2031-05-03,454040E4969070401CC35BDF7F2A4EBCE5797BB7694AE731D93A8115FD59929C,1465FA205397B876FAA6F0A9958E5590E40FCC7FAA4FB7C2C8677521FB5FB658
A000480,Starfield Root Certificate Authority - G2,Intermediate Certificate,Trusted,2014-01-01,2031-05-30,9F43D52E808C20AFF69E02FAAC205AAC684E6975213D6620FAC64BDE5FCAB4BC,1465FA205397B876FAA6F0A9958E5590E40FCC7FAA4FB7C2C8677521FB5FB658
A000475,Starfield Secure Certificate Authority - G2,Intermediate Certificate,Trusted,2011-05-03,2031-05-03,93A07898D89B2CCA166BA6F1F8A14138CE43828E491B831926BC8247D391CC72,2CE1CB0BF9D2F9E102993FBE215152C3B2DD0CABDE1C68E5319B839154DBB7F5
A000473,Starfield Secure Certification Authority,Intermediate Certificate,Trusted,2006-11-16,2026-11-16,05A6DB389391DF92E0BE93FDFA4DB1E3CF53903918B8D9D85A9C396CB55DF030,1465FA205397B876FAA6F0A9958E5590E40FCC7FAA4FB7C2C8677521FB5FB658
A000477,Starfield Services Root Certificate Authority - G2,Intermediate Certificate,Trusted,2009-09-02,2034-06-28,28689B30E4C306AAB53B027B29E36AD6DD1DCF4B953994482CA84BDC1ECAC996,1465FA205397B876FAA6F0A9958E5590E40FCC7FAA4FB7C2C8677521FB5FB658
A000823,Starfield Services Root Certificate Authority - G2,Intermediate Certificate,Trusted,2009-08-30,2034-06-28,2D12B619A660CEFB013271831D891213FC434E982A21568256CF4E2E86324BEA,1465FA205397B876FAA6F0A9958E5590E40FCC7FAA4FB7C2C8677521FB5FB658
A012667,Starfield TLS Intermediate CA DV - R1v1,Intermediate Certificate,Trusted,2025-08-27,2040-08-23,06891C34A2E4687C630B29850CC9F6D45DED39491CF877C7246B6EC633587A2C,97366DA00BAF6730A84D1A8CBA5BAD7961C46BCE707E09241CC9C4C7E3C64F10
A012669,Starfield TLS Intermediate CA EV - R1v1,Intermediate Certificate,Trusted,2025-08-27,2040-08-23,CB5A1827D55838C04F9E8C8C152CA8711B026745A3255412A30173DCAB2A661A,97366DA00BAF6730A84D1A8CBA5BAD7961C46BCE707E09241CC9C4C7E3C64F10
A012668,Starfield TLS Intermediate CA OV - R1v1,Intermediate Certificate,Trusted,2025-08-27,2040-08-23,D25CE348C06DFD65D8D751BB94FAF7113820FD535FE1471A282EC738F3FC3CBF,97366DA00BAF6730A84D1A8CBA5BAD7961C46BCE707E09241CC9C4C7E3C64F10
A012755,Starfield TLS Root CA - R1,Intermediate Certificate,Trusted,2025-09-24,2037-12-31,26A93D60039077654C0DDA1FB634AF5FF5C114C7AC1FD0449B1C9D2178B028FF,2CE1CB0BF9D2F9E102993FBE215152C3B2DD0CABDE1C68E5319B839154DBB7F5
A013188,SwissNS TLS Issuing RSA CA 2,Intermediate Certificate,Trusted,2026-05-22,2036-05-19,D9DF3D4EE098FD1DED8B51333D4B2A9D114E80F62C4CBDC2598E568BC5A46974,FFE930442DFEB69CE29A908B6A639B370BD6BA6075F931AB83561D938B453A21
A007411,SwissNS TLS Issuing RSA CA R1,Intermediate Certificate,Trusted,2020-10-06,2030-10-04,37FD29C701D6977998F205153EA8A4C2E996354DF072D4984DC5D8B1F75A2B61,EDAC9C45909F4DEC7BB65F0A4FBF6A8A0375E52AEDD66E06888FED7E3EDEC537
A007874,SwissSign RSA SMIME LCP ICA 2021 - 2,Intermediate Certificate,Trusted,2021-08-04,2036-07-31,5CFFA8DB135F913363ACEB7CE362D098F3C1EBD26C63C560C095381E896504FA,BC8BBD7D279D2E5F070BCEF6FAF3AAB1BEF30DA3EB2875424295AD147F2AEF07
A010370,SwissSign RSA SMIME LCP ICA 2022 - 1,Intermediate Certificate,Trusted,2022-06-29,2036-06-29,D7F41FABE5A459BAC6882465C75CCFF2BAA52487AABC34706CAF2A18AC53A5C2,5A84C94054D340D650A29985EF97BB396352E215AED6C0B33CA7FFDD3BD5D2A2
A011637,SwissSign RSA SMIME MV ICA 2024 - 1,Intermediate Certificate,Trusted,2024-05-28,2036-05-28,E3367FE0597156205E947903D226C30329951CEE3E63E01FD414F00F85804667,5A84C94054D340D650A29985EF97BB396352E215AED6C0B33CA7FFDD3BD5D2A2
A007875,SwissSign RSA SMIME NCP ICA 2021 - 1,Intermediate Certificate,Trusted,2021-08-03,2036-07-30,1935AA544A73D755E913357FCE0E44AFC90E0809AC97A89964F0A90A59C376B6,BC8BBD7D279D2E5F070BCEF6FAF3AAB1BEF30DA3EB2875424295AD147F2AEF07
A010371,SwissSign RSA SMIME NCP ICA 2022 - 1,Intermediate Certificate,Trusted,2022-06-29,2036-06-29,99A56DD8DACA399FCA2E3834ED75760E96C133564062F8B530B355BED99A409D,5A84C94054D340D650A29985EF97BB396352E215AED6C0B33CA7FFDD3BD5D2A2
A007876,SwissSign RSA SMIME NCP extended ICA 2021 - 1,Intermediate Certificate,Trusted,2021-08-03,2036-07-30,0A6EEB87C2B4AC4A0DF4A68CA7E5244408E06A0CF3BE973156A52AAD835D7466,BC8BBD7D279D2E5F070BCEF6FAF3AAB1BEF30DA3EB2875424295AD147F2AEF07
A010372,SwissSign RSA SMIME NCP extended ICA 2022 - 1,Intermediate Certificate,Trusted,2022-06-29,2036-06-29,7196E86DCFDB92B0509213D806DCA2465FC41415A0B4069D35F946DE6813CF79,5A84C94054D340D650A29985EF97BB396352E215AED6C0B33CA7FFDD3BD5D2A2
A011638,SwissSign RSA SMIME OV ICA 2024 - 1,Intermediate Certificate,Trusted,2024-05-28,2036-05-28,1F11D479C62DE8DAA554E28674DC58C00BDC0401C175E23689E8BE95DFD687BF,5A84C94054D340D650A29985EF97BB396352E215AED6C0B33CA7FFDD3BD5D2A2
A007868,SwissSign RSA SMIME Root CA 2021 - 1,Intermediate Certificate,Trusted,2021-08-03,2036-10-23,BC8BBD7D279D2E5F070BCEF6FAF3AAB1BEF30DA3EB2875424295AD147F2AEF07,62DD0BE9B9F50A163EA0F8E75C053B1ECA57EA55C8688F647C6881F2C8357B95
A007873,SwissSign RSA SMIME Root CA 2021 - 1,Intermediate Certificate,Trusted,2021-08-02,2046-07-27,B6D56F3DD26AC844E57C8BFE9054F57061350A90894B99CD9811E9A545FC84C5,BC8BBD7D279D2E5F070BCEF6FAF3AAB1BEF30DA3EB2875424295AD147F2AEF07
A010369,SwissSign RSA SMIME Root CA 2022 - 1,Intermediate Certificate,Trusted,2022-06-08,2047-06-08,9A12C392BFE57891A0C545309D4D9FD567E480CB613D6342278B195C79A7931F,5A84C94054D340D650A29985EF97BB396352E215AED6C0B33CA7FFDD3BD5D2A2
A010368,SwissSign RSA SMIME Root CA 2022 - 1,Intermediate Certificate,Trusted,2022-06-28,2036-09-22,5A84C94054D340D650A29985EF97BB396352E215AED6C0B33CA7FFDD3BD5D2A2,62DD0BE9B9F50A163EA0F8E75C053B1ECA57EA55C8688F647C6881F2C8357B95
A011639,SwissSign RSA SMIME SV ICA 2024 - 1,Intermediate Certificate,Trusted,2024-05-28,2036-05-28,7E301988A102A5E93D2249666BB631020BA58FC703DE7B583E91D5449FD0D3AF,5A84C94054D340D650A29985EF97BB396352E215AED6C0B33CA7FFDD3BD5D2A2
A013231,SwissSign RSA SMIME SV ICA 2026 - 1,Intermediate Certificate,Trusted,2026-06-10,2031-06-10,EFDB703F45B0083864361EF42C99BEB4A917BF7ED24967B3805A78662D4D4FA8,5A84C94054D340D650A29985EF97BB396352E215AED6C0B33CA7FFDD3BD5D2A2
A010365,SwissSign RSA TLS DV ICA 2022 - 1,Intermediate Certificate,Trusted,2022-06-29,2036-06-29,B400250EF2B09B30E9AAA3E2C20017B8911BD039DF8AF54949C60AED5BF697D4,288B4A9F605B09B999B215850825C81F9B537DBAF23664ACA98BF6BA98EDC379
A013232,SwissSign RSA TLS DV ICA 2026 - 1,Intermediate Certificate,Trusted,2026-06-10,2029-06-10,D6073FEF5D143DA3CBCCA52F686E3542093F5E5F1A6A8F3A6BEBF65DCC9888F4,288B4A9F605B09B999B215850825C81F9B537DBAF23664ACA98BF6BA98EDC379
A010367,SwissSign RSA TLS EV ICA 2022 - 1,Intermediate Certificate,Trusted,2022-06-29,2036-06-29,6AE61943BF4B4FCC8F08ED5044D1C97AA0AD40E1BCFE1BF1B530BD3B151B364D,288B4A9F605B09B999B215850825C81F9B537DBAF23664ACA98BF6BA98EDC379
A013233,SwissSign RSA TLS EV ICA 2026 - 1,Intermediate Certificate,Trusted,2026-06-10,2029-06-10,6FA62783E0FFDF8A9B1579B5766B07FD6B2AF2DC44F9CB9D6068B3EEDEFE20DB,288B4A9F605B09B999B215850825C81F9B537DBAF23664ACA98BF6BA98EDC379
A010366,SwissSign RSA TLS OV ICA 2022 - 1,Intermediate Certificate,Trusted,2022-06-29,2036-06-29,332F9EAE3650C77454AF14FE1A621A2498FD128773662890A0D12835B3436E23,288B4A9F605B09B999B215850825C81F9B537DBAF23664ACA98BF6BA98EDC379
A013234,SwissSign RSA TLS OV ICA 2026 - 1,Intermediate Certificate,Trusted,2026-06-10,2029-06-10,CFD692D83CB455C1E068355D7AABBD5EBD631A42389228822926432D2FB8B1C3,288B4A9F605B09B999B215850825C81F9B537DBAF23664ACA98BF6BA98EDC379
A010364,SwissSign RSA TLS Root CA 2022 - 1,Intermediate Certificate,Trusted,2022-06-08,2047-06-08,193144F431E0FDDB740717D4DE926A571133884B4360D30E272913CBE660CE41,288B4A9F605B09B999B215850825C81F9B537DBAF23664ACA98BF6BA98EDC379
A010363,SwissSign RSA TLS Root CA 2022 - 1,Intermediate Certificate,Trusted,2022-06-28,2036-09-22,288B4A9F605B09B999B215850825C81F9B537DBAF23664ACA98BF6BA98EDC379,62DD0BE9B9F50A163EA0F8E75C053B1ECA57EA55C8688F647C6881F2C8357B95
A011162,TBS ECC Organization Validation Secure Server CA 3,Intermediate Certificate,Trusted,2023-08-02,2033-08-01,79A4E8044A12C9C25CAA53032CF49B1AC7CEEAF1F8B0AD93B19A5B6D735117D9,4FF460D54B9C86DABFBCFC5712E0400D2BED3FBC4D4FBDAA86E06ADCD2A9AD7A
A012841,TBS ECC Organization Validation Secure Server CA 4,Intermediate Certificate,Trusted,2025-11-06,2035-11-05,724CB45067C57F6B3E654AE2DD718CF7B53209A04C2C46ACF7CC1B960B1AD887,C90F26F0FB1B4018B22227519B5CA2B53E2CA5B3BE5CF18EFE1BEF47380C5383
A011869,TBS Internet ECC Secure Email CA 4,Intermediate Certificate,Trusted,2024-10-03,2034-10-02,2FF8F3276E98EBCB6C2E6C524BF12AA40E6B6813A88E72C4BB9D24428E7961FA,22D9599234D60F1D4BC7C7E96F43FA555B07301FD475175089DAFB8C25E477B3
A011867,TBS Internet RSA Secure Email CA 4,Intermediate Certificate,Trusted,2024-10-03,2034-10-02,B292BB1F11730C88A4BCD1DC10331D99448AB436747598CA67C039EFA52D012A,D5917A7791EB7CF20A2E57EB98284A67B28A57E89182DA53D546678C9FDE2B4F
A011163,TBS RSA Organization Validation Secure Server CA 3,Intermediate Certificate,Trusted,2023-08-02,2033-08-01,1F1B69BF37D3E228B3A0F4E89EC47831C98F38A845391B614FED5908705CC5DD,E793C9B02FD8AA13E21C31228ACCB08119643B749C898964B1746D46C3D4CBD2
A012840,TBS RSA Organization Validation Secure Server CA 4,Intermediate Certificate,Trusted,2025-11-06,2035-11-05,0D461A3B3B8FFA6E41F5D46EE70CE9C6BD09EBA768C50DB9A5537D6DF050508B,7BB647A62AEEAC88BF257AA522D01FFEA395E0AB45C73F93F65654EC38F25A06
A006426,TBS X509 CA Persona 3 (ECC),Intermediate Certificate,Trusted,2019-06-13,2029-06-12,6A2B458ECA204B2DDABF4E26D46FD0F9BBE867DA7AAC35532513A6E5A4FCCA58,4FF460D54B9C86DABFBCFC5712E0400D2BED3FBC4D4FBDAA86E06ADCD2A9AD7A
A006425,TBS X509 CA Persona 3 (RSA),Intermediate Certificate,Trusted,2019-06-13,2029-06-12,2AD909516FD72CA70D801EE831E4BB85EAAF96C2520C8F83CBA68E9B5473F4D9,E793C9B02FD8AA13E21C31228ACCB08119643B749C898964B1746D46C3D4CBD2
A006526,TI Trust Technologies Client CA,Intermediate Certificate,Trusted,2019-07-30,2029-07-29,65ADC9C691D32155E68CE8D5193BF372295D25A04075457B31EE85A0441B23F8,E793C9B02FD8AA13E21C31228ACCB08119643B749C898964B1746D46C3D4CBD2
A006522,TI Trust Technologies DV CA,Intermediate Certificate,Trusted,2019-07-30,2029-07-29,EA76F9F21B92BED698108566F5F09211B204C5035C9D019433C6358DFA0A73CA,E793C9B02FD8AA13E21C31228ACCB08119643B749C898964B1746D46C3D4CBD2
A006524,TI Trust Technologies EV CA,Intermediate Certificate,Trusted,2019-07-30,2029-07-29,C2DFFB3C1BB06DE4C10926E517FF366F93892D5E02DC6F79080275DB57FD6FC8,E793C9B02FD8AA13E21C31228ACCB08119643B749C898964B1746D46C3D4CBD2
A006523,TI Trust Technologies OV CA,Intermediate Certificate,Trusted,2019-07-30,2029-07-29,1BFD8702D8F9BB340F353820330C0BBA7E522C63164C91F295414DAC797F0863,E793C9B02FD8AA13E21C31228ACCB08119643B749C898964B1746D46C3D4CBD2
A007880,TK Elevator Atlas R6 DV CA 2021,Intermediate Certificate,Trusted,2021-08-18,2031-08-18,988D6B2D87BAF43821C4D304BE2B0E8F325DC17B7A220E934F5C5B7BADFF8E1C,2CABEAFE37D06CA22ABA7391C0033D25982952C453647349763A3AB5AD6CCF69
A012006,TLC DV TLS CA,Intermediate Certificate,Trusted,2024-12-17,2034-12-05,AA985028EE5CF60287E86159B11DA578727E7C7433B2DA6F53C183D032A9294D,FE7696573855773E37A95E7AD4D9CC96C30157C15D31765BA9B15704E1AE78FD
A011597,TLC ECC DV SSL CA,Intermediate Certificate,Trusted,2024-05-01,2034-04-30,CB9F8AF3290CDF619DCC8148460EC68238E806BC0FDA5422C9BB721F58A49F60,C90F26F0FB1B4018B22227519B5CA2B53E2CA5B3BE5CF18EFE1BEF47380C5383
A011673,TLC ECC DV SSL CA 2,Intermediate Certificate,Trusted,2024-06-21,2034-06-20,356B78A4DB9ABCAC9EB8051D5A51143C6F93EF41DBAEFD7FDE2717B6A39DD6C4,4FF460D54B9C86DABFBCFC5712E0400D2BED3FBC4D4FBDAA86E06ADCD2A9AD7A
A011599,TLC ECC EV SSL CA,Intermediate Certificate,Trusted,2024-05-01,2034-04-30,74E62FE9F78A91BA670D1EEC5F464ADC4EEC7B7EA324279D726FFDBB699FA9F1,C90F26F0FB1B4018B22227519B5CA2B53E2CA5B3BE5CF18EFE1BEF47380C5383
A011674,TLC ECC EV SSL CA 2,Intermediate Certificate,Trusted,2024-06-21,2034-06-20,B2B02F9B91B8CF4BC89BA1E000E60306B002AEA8A24C08B2D7F3DD8B8EADAEA5,4FF460D54B9C86DABFBCFC5712E0400D2BED3FBC4D4FBDAA86E06ADCD2A9AD7A
A011598,TLC ECC OV SSL CA,Intermediate Certificate,Trusted,2024-05-01,2034-04-30,D8AAA52F8E5AE37087969AED1E4F0AF8CCF678941090F5B669076ABF6160859B,C90F26F0FB1B4018B22227519B5CA2B53E2CA5B3BE5CF18EFE1BEF47380C5383
A011672,TLC ECC OV SSL CA 2,Intermediate Certificate,Trusted,2024-06-21,2034-06-20,2CB3C7F685709CA94748A829D034515D99ED447AC502F63C07D12ECCD337B161,4FF460D54B9C86DABFBCFC5712E0400D2BED3FBC4D4FBDAA86E06ADCD2A9AD7A
A012007,TLC EV TLS CA,Intermediate Certificate,Trusted,2024-12-17,2034-12-05,2BAD3A42760061D221577E059B794A9A4B21F589ADE38BC280FEF790DC011E79,FE7696573855773E37A95E7AD4D9CC96C30157C15D31765BA9B15704E1AE78FD
A012008,TLC OV TLS CA,Intermediate Certificate,Trusted,2024-12-17,2034-12-05,DA99474EB4D1DA945FD6C13CD383B908E6F9BEA2E5108EB158F62EED8513C035,FE7696573855773E37A95E7AD4D9CC96C30157C15D31765BA9B15704E1AE78FD
A011594,TLC RSA DV SSL CA,Intermediate Certificate,Trusted,2024-05-01,2034-04-30,C6E56D68CB870DA92EE37B9E6B1820DAE17103B18E80D95D10E9EBB5E06CACF5,7BB647A62AEEAC88BF257AA522D01FFEA395E0AB45C73F93F65654EC38F25A06
A011675,TLC RSA DV SSL CA 2,Intermediate Certificate,Trusted,2024-06-21,2034-06-20,4556A3D32A4B654200BA9907CED7486927D9F92F1E08A7AE760766AC37E7FD3A,E793C9B02FD8AA13E21C31228ACCB08119643B749C898964B1746D46C3D4CBD2
A011596,TLC RSA EV SSL CA,Intermediate Certificate,Trusted,2024-05-01,2034-04-30,C262758DF7CE48EDE6BA7B58DF39189FE59C7612878541034D53AD5510770680,7BB647A62AEEAC88BF257AA522D01FFEA395E0AB45C73F93F65654EC38F25A06
A011677,TLC RSA EV SSL CA 2,Intermediate Certificate,Trusted,2024-06-21,2034-06-20,899BA55BEE006E2BBFD395C03F8BEE7EA9C9B528522CEC5E12BF0F58F90C4D26,E793C9B02FD8AA13E21C31228ACCB08119643B749C898964B1746D46C3D4CBD2
A011595,TLC RSA OV SSL CA,Intermediate Certificate,Trusted,2024-05-01,2034-04-30,1771BFAB9A018AAF294F44F18ECEE9769266923D3253D6A13F03F0C42B5B1BB6,7BB647A62AEEAC88BF257AA522D01FFEA395E0AB45C73F93F65654EC38F25A06
A011676,TLC RSA OV SSL CA 2,Intermediate Certificate,Trusted,2024-06-21,2034-06-20,1DD0D512ADF919DFEFBFEE967524AA6A320B99132530BADF4D22178BFF9E4D1E,E793C9B02FD8AA13E21C31228ACCB08119643B749C898964B1746D46C3D4CBD2
A011930,TRUSTCERT TECNOLOGIA E SERVICOS EM CERTIFICACAO ECC DV SSL CA,Intermediate Certificate,Trusted,2024-11-06,2034-11-05,E4DCFABFE423B659CFCD434DB8282705034A2B59533794AB93531E4E08B65573,C90F26F0FB1B4018B22227519B5CA2B53E2CA5B3BE5CF18EFE1BEF47380C5383
A011928,TRUSTCERT TECNOLOGIA E SERVICOS EM CERTIFICACAO ECC EV SSL CA,Intermediate Certificate,Trusted,2024-11-06,2034-11-05,92E179AA0D5A2417157B72CED8B61AF1289C1E229D411EA19B30FDF5E576F6F0,C90F26F0FB1B4018B22227519B5CA2B53E2CA5B3BE5CF18EFE1BEF47380C5383
A011929,TRUSTCERT TECNOLOGIA E SERVICOS EM CERTIFICACAO ECC OV SSL CA,Intermediate Certificate,Trusted,2024-11-06,2034-11-05,D2D0C896DCF59CF728EE4DDA94546D3F7BA3705FA6A7DFA270F2580D01CAFDA2,C90F26F0FB1B4018B22227519B5CA2B53E2CA5B3BE5CF18EFE1BEF47380C5383
A011926,TRUSTCERT TECNOLOGIA E SERVICOS EM CERTIFICACAO RSA DV SSL CA,Intermediate Certificate,Trusted,2024-11-06,2034-11-05,F3A11885CF893AFEBAF0B55E0B35D6B74238CD9C8319B1F358D08DF09EDA0231,7BB647A62AEEAC88BF257AA522D01FFEA395E0AB45C73F93F65654EC38F25A06
A011925,TRUSTCERT TECNOLOGIA E SERVICOS EM CERTIFICACAO RSA EV SSL CA,Intermediate Certificate,Trusted,2024-11-06,2034-11-05,436D5FEEA58125B60A8074D8DBFA4BD6951D6150A8F14F7C79FEA14CB30A77CC,7BB647A62AEEAC88BF257AA522D01FFEA395E0AB45C73F93F65654EC38F25A06
A011927,TRUSTCERT TECNOLOGIA E SERVICOS EM CERTIFICACAO RSA OV SSL CA,Intermediate Certificate,Trusted,2024-11-06,2034-11-05,9672ED1E27C58838BDD68237228DD83E692BA2DE10E0ED313D20D53DE19E45EC,7BB647A62AEEAC88BF257AA522D01FFEA395E0AB45C73F93F65654EC38F25A06
A003600,TU Dortmund Chipcard CA 2,Intermediate Certificate,Trusted,2016-06-15,2031-02-22,E121C1694DA737C17B86448AEDC614EEBD7946A7B4B91FB30025B636070239EA,F660B0C256481CB2BFC67661C1EA8FEEE395B7141BCAC36C36E04D08CD9E1582
A004134,TU Dresden CA,Intermediate Certificate,Trusted,2016-12-12,2031-02-22,E1B295E1465C24E0951EC0B90FBF7DA30B678E9E9CE4417DFFE9F34042DF4386,F660B0C256481CB2BFC67661C1EA8FEEE395B7141BCAC36C36E04D08CD9E1582
A003599,TU Ilmenau CA G2,Intermediate Certificate,Trusted,2016-07-07,2031-02-22,1A5CCD714ABD7C7AF52A0FA946BC9C8F8696BCBF227D81339430E5D3394ECC97,F660B0C256481CB2BFC67661C1EA8FEEE395B7141BCAC36C36E04D08CD9E1582
A012563,TUBITAK Kamu SM SSL Kok Sertifikasi - Surum 2,Intermediate Certificate,Trusted,2025-06-16,2040-06-12,4E5E8C3685C115F01B363253445FDD231EAA598441D46AFA696ACDB88D49F35C,46EDC3689046D53A453FB3104AB80DCAEC658B2660EA1629DD7E867990648716
A011587,TUBITAK Kamu SM SSL Sertifika Hizmet Saglayicisi - Surum 2,Intermediate Certificate,Trusted,2024-04-25,2027-04-25,7F57AE9CD2D574A10375E5DDD5E2216CAF8CF50B759CC62224A1840CB83B482C,46EDC3689046D53A453FB3104AB80DCAEC658B2660EA1629DD7E867990648716
A013104,TUBITAK Kamu SM SSL Sertifika Hizmet Saglayicisi - Surum 3,Intermediate Certificate,Trusted,2026-04-15,2031-04-15,ADF8191082615CE65B928E2561B8AC751F400906618BD9F5888963A47F18E5B0,EC6431BA9FC13E405DF80ADE58A048136F789A03FDCA4CF5DAA4336AC522225B
A010764,TWCA CYBER Root CA,Intermediate Certificate,Trusted,2022-12-09,2030-12-09,C619F4E6F7B1BAA7A6C6F244092A3F82E46A6D67BEE26337FBAF02546F33133F,59769007F7685D0FCD50872F9F95D5755A5B2B457D81F3692B610A98672F0E1B
A011816,TWCA EVSSL Certification Authority,Intermediate Certificate,Trusted,2024-09-06,2034-09-06,CAC9FD0CD35AA5C480CD03FDD6EDF0CA1A41FD02AC290EC83D83CEEDF8EC245C,3F63BB2814BE174EC8B6439CF08D6D56F0B7C405883A5648A334424D6B3EC558
A011093,TWCA EVSSL Certification Authority,Intermediate Certificate,Trusted,2023-02-23,2033-02-23,F76E3339A6773DC5922DA154628C8D22B5C915EDCB15270DB8FB3D8D24959E98,3F63BB2814BE174EC8B6439CF08D6D56F0B7C405883A5648A334424D6B3EC558
A000867,TWCA Global EVSSL Certification Authority,Intermediate Certificate,Trusted,2012-08-23,2030-08-23,49695A5F0F7EF6EDF698193D99ED48BAADE20EA457403C11CEAD492C458665DA,59769007F7685D0FCD50872F9F95D5755A5B2B457D81F3692B610A98672F0E1B
A000869,TWCA Global Root CA,Intermediate Certificate,Trusted,2014-10-28,2030-10-28,8AD47F6D70A44FA80AF0F931125FFE3A76876FFAD219A4D40A13C038DC85E69E,BFD88FE1101C41AE3E801BF8BE56350EE9BAD1A6B9BD515EDC5C6D5B8711AC44
A010765,TWCA Global Root CA G2,Intermediate Certificate,Trusted,2022-12-09,2030-12-09,D53BF4968A7DB3C8C4E3366F2C7F76AD61B7041DFEFC64C1902C499A6FFFF241,59769007F7685D0FCD50872F9F95D5755A5B2B457D81F3692B610A98672F0E1B
A005858,TWCA InfoSec User CA,Intermediate Certificate,Trusted,2018-10-12,2028-10-12,BFAAF990B98D9168466A9F0757DC2F1614B9F938B3A74511B994A2B858E1490E,59769007F7685D0FCD50872F9F95D5755A5B2B457D81F3692B610A98672F0E1B
A011818,TWCA InfoSec User CA,Intermediate Certificate,Trusted,2024-09-06,2034-09-06,0936EA8C5FBA53B8D3083264A735D7D0CF3B09C6E19334105A315482BE9DBA38,3A0072D49FFC04E996C59AEB75991D3C340F3615D6FD4DCE90AC0B3D88EAD4F4
A011190,TWCA InfoSec User CA,Intermediate Certificate,Trusted,2023-02-23,2033-02-23,D607994290574F7EC0A4E65C1994FF2DC51AD0C5978DB29BDE4867B9921FB71E,3A0072D49FFC04E996C59AEB75991D3C340F3615D6FD4DCE90AC0B3D88EAD4F4
A011525,TWCA InfoSec User CA,Intermediate Certificate,Trusted,2024-03-15,2030-03-15,B806FC5FE830CB5DBBF0018E3B1732281D0A2365AAFCFFFCD331427D02FEF08C,59769007F7685D0FCD50872F9F95D5755A5B2B457D81F3692B610A98672F0E1B
A011817,TWCA SSL Certification Authority,Intermediate Certificate,Trusted,2024-09-06,2034-09-06,815C549C6976BF163EB54710FFC7806B1E7541C688313312B606837767164094,3F63BB2814BE174EC8B6439CF08D6D56F0B7C405883A5648A334424D6B3EC558
A011192,TWCA SSL Certification Authority,Intermediate Certificate,Trusted,2023-02-23,2033-02-23,01AF2324D098098F5E0CDF6FAABADA430B21CCE777F47EACB26248B2FDA3E531,3F63BB2814BE174EC8B6439CF08D6D56F0B7C405883A5648A334424D6B3EC558
A011274,TWCA Secure SSL Certification Authority,Intermediate Certificate,Trusted,2023-10-16,2030-10-16,1A2C75FD096E0499E9FF6AC74E526F61EAAE3EDFC8C2EA4436FEE0C24D8B7D0E,59769007F7685D0FCD50872F9F95D5755A5B2B457D81F3692B610A98672F0E1B
A011225,TWCA Secure SSL Certification Authority,Intermediate Certificate,Trusted,2023-08-18,2030-08-18,C6E96A1745707099F02279472FA28A99BAE447D77511E19E86BAF3047651C1EB,59769007F7685D0FCD50872F9F95D5755A5B2B457D81F3692B610A98672F0E1B
A006971,Technical University of Crete TLS RSA SubCA R1,Intermediate Certificate,Trusted,2020-03-24,2028-03-22,1AF8B4D49C5A7B6DA536DEA92FDFAF45736205AFCA2DAFFFAECB712DA9C3EBD1,A040929A02CE53B4ACF4F2FFC6981CE4496F755E6D45FE0B2A692BCD52523F36
A009988,TeleSec Business CA 21,Intermediate Certificate,Trusted,2021-11-17,2031-11-17,06B58F124B45E9417708F60CDDAEB6F39B72206FE4BD40EE2E20E628DDFDD33D,91E2F5788D5810EBA7BA58737DE1548A8ECACD014598BC0B143E041B17052552
A010309,TeleSec Business TLS-CA 2022,Intermediate Certificate,Trusted,2022-06-21,2032-06-21,A3F2A10A366AFF774CBB4E6EC4C8A8EF707C03E932B4C46E5078767AACF1ED60,91E2F5788D5810EBA7BA58737DE1548A8ECACD014598BC0B143E041B17052552
A012829,Telecom Italia Trust Technologies RSA DV SSL CA 2,Intermediate Certificate,Trusted,2025-11-06,2035-11-05,BD8F8355FEDC8AC28DD894C2016B9880BD96E9CBE1D19089D06BBEB52860FDF2,7BB647A62AEEAC88BF257AA522D01FFEA395E0AB45C73F93F65654EC38F25A06
A012831,Telecom Italia Trust Technologies RSA EV SSL CA 2,Intermediate Certificate,Trusted,2025-11-06,2035-11-05,DA08C5A5762CCCAA1C70A29D7C0D0C9788FFB85AF23C96D2B675DA4CAD43B2D2,7BB647A62AEEAC88BF257AA522D01FFEA395E0AB45C73F93F65654EC38F25A06
A012830,Telecom Italia Trust Technologies RSA OV SSL CA 2,Intermediate Certificate,Trusted,2025-11-06,2035-11-05,E8026113A7B25D37F62CA02ED470A2E9D057FB586F70B109BEB9AB6C38ABFABE,7BB647A62AEEAC88BF257AA522D01FFEA395E0AB45C73F93F65654EC38F25A06
A011008,Telekom Security BusinessID SMIME CA 2023,Intermediate Certificate,Trusted,2023-06-20,2033-06-19,6F25BD0E9E7492D15375089EB97C1C0747537336BB0FA82543BD2A485BE61A00,91E2F5788D5810EBA7BA58737DE1548A8ECACD014598BC0B143E041B17052552
A011980,Telekom Security DV ECC CA 24,Intermediate Certificate,Trusted,2024-11-26,2034-11-25,688C275E88EBB382EED0AC7D8FAD62A8D0C7D0731D63A9CA31A67B6B1525E228,578AF4DED0853F4E5998DB4AEAF9CBEA8D945F60B620A38D1A3C13B2BC7BA8E1
A010068,Telekom Security DV RSA CA 22,Intermediate Certificate,Trusted,2022-02-22,2032-02-22,938E52642501DD16E23D8AEBFB97EB3C3B2562F50C324144C390946B29684A7E,91E2F5788D5810EBA7BA58737DE1548A8ECACD014598BC0B143E041B17052552
A011981,Telekom Security DV RSA CA 24,Intermediate Certificate,Trusted,2024-11-26,2034-11-25,46CFB832EF24FE305A50ADFCA11C9EF12F06210C550C0AE83505F025907915BE,EFC65CADBB59ADB6EFE84DA22311B35624B71B3B1EA0DA8B6655174EC8978646
A010921,Telekom Security EV ECC CA 21,Intermediate Certificate,Trusted,2021-04-21,2031-04-21,D7A8A9947C31806C1B4625F82FCBCCA7CC2090E58DB215B8E4D88BA9C60D3166,578AF4DED0853F4E5998DB4AEAF9CBEA8D945F60B620A38D1A3C13B2BC7BA8E1
A011982,Telekom Security EV ECC CA 24,Intermediate Certificate,Trusted,2024-11-26,2034-11-25,708E9E96AD5CE5C9B1F79137423FA98A81FFB087879B7BBE3DA71425742E2EEC,578AF4DED0853F4E5998DB4AEAF9CBEA8D945F60B620A38D1A3C13B2BC7BA8E1
A011224,Telekom Security EV RSA CA 23,Intermediate Certificate,Trusted,2023-03-28,2033-03-27,9A6FC4AB4DB1EA6F6663507EDC1D008F091AE88FAB6F3AE56A84A4090529EF58,EFC65CADBB59ADB6EFE84DA22311B35624B71B3B1EA0DA8B6655174EC8978646
A011009,Telekom Security EV RSA CA 23A,Intermediate Certificate,Trusted,2023-06-20,2033-06-19,82FBE865DA22D1F25ADF94BBD809D3F516125849E792DB7BB18452304C2ECC43,FD73DAD31C644FF1B43BEF0CCDDA96710B9CD9875ECA7E31707AF3E96D522BBD
A012171,Telekom Security EV RSA CA 25,Intermediate Certificate,Trusted,2025-02-27,2035-02-26,C9A5C1A8848C3FE895EA32DBAA4BEDEBCDABF6833469E6EA9CB90E156EF1F09D,EFC65CADBB59ADB6EFE84DA22311B35624B71B3B1EA0DA8B6655174EC8978646
A011983,Telekom Security OV ECC CA 24,Intermediate Certificate,Trusted,2024-11-26,2034-11-25,679C0CD9D0C4E893E0073250322304F0E7741067E0C92DB42B90FFB94144BBFB,578AF4DED0853F4E5998DB4AEAF9CBEA8D945F60B620A38D1A3C13B2BC7BA8E1
A013040,Telekom Security OV ECC CA 26,Intermediate Certificate,Trusted,2026-03-19,2029-03-18,3E7843F9F7B5ADB7D8572E3E9ADB90361E3CD0E766BCC7403830F5BEA0DF2643,578AF4DED0853F4E5998DB4AEAF9CBEA8D945F60B620A38D1A3C13B2BC7BA8E1
A012825,Telekom Security OV ECC qualified CA 25,Intermediate Certificate,Trusted,2025-10-23,2035-10-22,378875A179C6A20ECD2E202F21BB2CCEF5F057FCD745ED4495CFF8286B3DD1EB,578AF4DED0853F4E5998DB4AEAF9CBEA8D945F60B620A38D1A3C13B2BC7BA8E1
A010307,Telekom Security OV RSA CA 22,Intermediate Certificate,Trusted,2022-06-21,2032-06-21,D5D9445EEAA5576081DDF2E6C0904091BBC79BA10915E5215C8A2A7D87915FFD,91E2F5788D5810EBA7BA58737DE1548A8ECACD014598BC0B143E041B17052552
A011984,Telekom Security OV RSA CA 24,Intermediate Certificate,Trusted,2024-11-26,2034-11-25,2D815F28B2493BC25DEEA56148EC47879DDE8348B82096FCD1112FA4AB4902D3,EFC65CADBB59ADB6EFE84DA22311B35624B71B3B1EA0DA8B6655174EC8978646
A013041,Telekom Security OV RSA CA 26A,Intermediate Certificate,Trusted,2026-03-19,2029-03-18,C76E23DFA0014B885A6DED8E6D64C295AF4991DC7872C1AF8B0FEF527E263929,EFC65CADBB59ADB6EFE84DA22311B35624B71B3B1EA0DA8B6655174EC8978646
A013042,Telekom Security OV RSA CA 26B,Intermediate Certificate,Trusted,2026-03-19,2029-03-18,2082B641B4AD7F20A8CEE7F1FB85571EA461222FE933DFF2FB246ED5AC7EADA2,EFC65CADBB59ADB6EFE84DA22311B35624B71B3B1EA0DA8B6655174EC8978646
A012826,Telekom Security OV RSA qualified CA 25,Intermediate Certificate,Trusted,2025-10-23,2035-10-22,AF33778A2215533739B9FB3A2E38D9B66D44785B6C0803D2C1E2CEB54503DD61,EFC65CADBB59ADB6EFE84DA22311B35624B71B3B1EA0DA8B6655174EC8978646
A012822,Telekom Security OV qualified CA 25,Intermediate Certificate,Trusted,2025-10-23,2033-09-30,AC2930B9D77A3F0D253374FA01CD3F44E80184D60C5693637DFA2CC427C3E92B,91E2F5788D5810EBA7BA58737DE1548A8ECACD014598BC0B143E041B17052552
A012172,Telekom Security SMIME CA 25,Intermediate Certificate,Trusted,2025-02-27,2033-09-30,BE096522370C4BABCA86876B3060A94FC3D157613C3500606A9E5691DA7D11E7,91E2F5788D5810EBA7BA58737DE1548A8ECACD014598BC0B143E041B17052552
A010922,Telekom Security SMIME ECC CA 23,Intermediate Certificate,Trusted,2023-03-28,2033-03-27,EA45DD36FD0CA91706080F68F7213D55E658249A20C81AFDD34E80CC5EC3E349,3AE6DF7E0D637A65A8C81612EC6F9A142F85A16834C10280D88E707028518755
A011448,Telekom Security SMIME ECC CA 24,Intermediate Certificate,Trusted,2024-02-13,2034-02-12,F33B1859C34A063E941DC7D8F3F5378833C4770D48B7454EE1CDCD9A8194935A,3AE6DF7E0D637A65A8C81612EC6F9A142F85A16834C10280D88E707028518755
A011223,Telekom Security SMIME RSA CA 23,Intermediate Certificate,Trusted,2023-03-28,2033-03-27,EB48699C89C702DAC2C05F483396489BBBF71AA0ACAC0F52596A5DE97CEBD913,78A656344F947E9CC0F734D9053D32F6742086B6B9CD2CAE4FAE1A2E4EFDE048
A011449,Telekom Security SMIME RSA CA 24,Intermediate Certificate,Trusted,2024-02-13,2034-02-12,0E2CFE3B15D2A754BD86DDDA077AC4A3DF961A9FA6B59278DD72098024D04567,78A656344F947E9CC0F734D9053D32F6742086B6B9CD2CAE4FAE1A2E4EFDE048
A010446,Telekom Security ServerID EV Class 3 CA,Intermediate Certificate,Trusted,2022-08-02,2027-08-02,5092CE0E3F70F2FD9561C34623B546F7D333EF1B633C147D1290E28DE986A230,FD73DAD31C644FF1B43BEF0CCDDA96710B9CD9875ECA7E31707AF3E96D522BBD
A010445,Telekom Security ServerID OV Class 2 CA,Intermediate Certificate,Trusted,2022-08-02,2027-08-02,944ACE961DB316BEB694E01C302C46FED40DC0291729E7DAF58550C3CB55E791,91E2F5788D5810EBA7BA58737DE1548A8ECACD014598BC0B143E041B17052552
A013039,Telekom Security TLS ECC Root 2020,Intermediate Certificate,Trusted,2026-03-19,2033-09-30,4DCE5A017BB3D81ACF823E815AABCB83752AD3E2883B359DF42935DFBD497075,FD73DAD31C644FF1B43BEF0CCDDA96710B9CD9875ECA7E31707AF3E96D522BBD
A013038,Telekom Security TLS RSA Root 2023,Intermediate Certificate,Trusted,2026-03-19,2033-09-30,6306C491F9D1CECEDEF46420E028601922C0106DD0B48A61A7454F9ED38CD649,FD73DAD31C644FF1B43BEF0CCDDA96710B9CD9875ECA7E31707AF3E96D522BBD
A011206,Telia Class 1 CA v3,Intermediate Certificate,Trusted,2023-08-16,2043-11-28,E85BA26F89FEB670A2638E1E293054DE1A955DD1909A0AFD508B1F87F06104A9,242B69742FCB1E5B2ABF98898B94572187544E5B4D9911786573621F6A74B82C
A011207,Telia Class 2 CA v3,Intermediate Certificate,Trusted,2023-08-16,2043-11-28,96FD4A9ED8E28B901D5E93E265992A9D411D49DC2280B5CF89398A862B7E26EC,242B69742FCB1E5B2ABF98898B94572187544E5B4D9911786573621F6A74B82C
A005976,Telia Domain Validation CA v3,Intermediate Certificate,Trusted,2018-11-29,2043-11-29,A7E83056E9B3D9DDB1816B95518F6A5E5A1DFDFA28F60533B1C850855EAA4263,242B69742FCB1E5B2ABF98898B94572187544E5B4D9911786573621F6A74B82C
A012015,Telia EC DV CA v4,Intermediate Certificate,Trusted,2024-12-19,2048-05-23,69E4AA2C42958ADABC4B171A41C2D9E7B2EB7C91772FBD4B5EFB1C845CD52FAF,098E08A91DBBF77478B96CCEB89B1413A5DA37B7C862606A955DEB07179F4326
A011307,Telia EC Email Root CA v3,Intermediate Certificate,Trusted,2023-11-15,2043-11-28,18C2FC38AFD8E668A89A6FC1E8A924C8D5C6BD1A70089FDDE56361CDA92EF445,242B69742FCB1E5B2ABF98898B94572187544E5B4D9911786573621F6A74B82C
A012014,Telia EC TLS Root CA v3,Intermediate Certificate,Trusted,2024-12-19,2043-11-28,70F84634C3246A43E9722CB1E0ABC5BB9BCA62FFFB70EB7EA73F4BB706C853C1,242B69742FCB1E5B2ABF98898B94572187544E5B4D9911786573621F6A74B82C
A011208,Telia Email CA v5,Intermediate Certificate,Trusted,2023-08-16,2043-11-28,E26BA792CDF9E21B6402044DD9A61E2E1537D5FFD22EE2478979408E3233310A,242B69742FCB1E5B2ABF98898B94572187544E5B4D9911786573621F6A74B82C
A012017,Telia RSA DV CA v4,Intermediate Certificate,Trusted,2024-12-19,2048-05-23,BF062E12C8BBF2E6685831FE000CAF67342E225A8A249187CC3953B38D40DE04,D13DB1294C45EBC6FC86C6BBF69FA29BDFE692DFF7C713C243C7A956C6A2284C
A011519,Telia RSA Email CA v6,Intermediate Certificate,Trusted,2024-03-25,2048-05-23,BD6E7EDCEBE62E4571F180001568F861DE2AA7AF6D98E7C338D426F54123785B,5B0C502A7D963BA55217396FDA9B3DC78171000AEEFF42CECC3A20A7938163E8
A011311,Telia RSA Email Root CA v3,Intermediate Certificate,Trusted,2023-11-15,2043-11-28,D46F8990078A9B2AE08F3C50E9CB1A07373D574003A66BB72EC3A99CBE2A3382,242B69742FCB1E5B2ABF98898B94572187544E5B4D9911786573621F6A74B82C
A012018,Telia RSA OV CA v4,Intermediate Certificate,Trusted,2024-12-19,2048-05-23,DCC4EA67E1B46C2D00745046F3FBF3115A4E819B92AEE7B92A0F8DBA0796CF9A,D13DB1294C45EBC6FC86C6BBF69FA29BDFE692DFF7C713C243C7A956C6A2284C
A012016,Telia RSA TLS Root CA v3,Intermediate Certificate,Trusted,2024-12-19,2043-11-28,5573DFB5C894B95B85D26F9C57591257561A09CD37726D13835ECAC28A1E9C7C,242B69742FCB1E5B2ABF98898B94572187544E5B4D9911786573621F6A74B82C
A006492,Telia Root CA v2,Intermediate Certificate,Trusted,2018-11-29,2043-11-29,242B69742FCB1E5B2ABF98898B94572187544E5B4D9911786573621F6A74B82C,EF6F29F636F62BDD4753122F41F3419EE7C2877587BE4A9807ADF58946458E7F
A005975,Telia Root CA v2,Intermediate Certificate,Trusted,2018-11-29,2032-10-18,EF6F29F636F62BDD4753122F41F3419EE7C2877587BE4A9807ADF58946458E7F,DD6936FE21F8F077C123A1A521C12224F72255B73E03A7260693E8A24B0FA389
A005977,Telia Server CA v3,Intermediate Certificate,Trusted,2018-11-29,2043-11-29,1281AD8FABE883F209E9636448D1A80C373DAA7686C813A270FAD48F5F5E589A,242B69742FCB1E5B2ABF98898B94572187544E5B4D9911786573621F6A74B82C
A011493,Tesla China Public RSA TLS Issuing CA 2024,Intermediate Certificate,Trusted,2024-03-13,2034-03-12,7754CAB7C25AD2605A681E3A04187C1E3B3A46F188A8247DC86E02A0FC336F91,371A00DC0533B3721A7EEB40E8419E70799D2B0A0F2C1D80693165F7CEC4AD75
A011492,Tesla Public RSA TLS Issuing CA 2024,Intermediate Certificate,Trusted,2024-03-13,2034-03-12,32952030B947D80858A87425788518BDF6D94A631D55E20117585C89EBB29197,371A00DC0533B3721A7EEB40E8419E70799D2B0A0F2C1D80693165F7CEC4AD75
A007128,Thawte EV RSA CA G2,Intermediate Certificate,Trusted,2020-07-02,2030-07-02,3286691412F30ECE5C065FD62F4392A4762D1E77815338359DF390299FBD61EF,CB3CCBB76031E5E0138F8DD39A23F9DE47FFC35E43C1144CEA27D46A5AB1CB5F
A010393,Thawte G5 TLS CN ECC P-384 SHA384 2022 CA1,Intermediate Certificate,Trusted,2022-07-12,2032-07-11,D604F0148A25D93BAB577D38705CBAAE2C4477DE7EB51D86A0F6B26584013D7A,018E13F0772532CF809BD1B17281867283FC48C6E13BE9C69812854A490C1B05
A010394,Thawte G5 TLS CN RSA4096 SHA384 2022 CA1,Intermediate Certificate,Trusted,2022-07-12,2032-07-11,1E89E3D2702D3F1735DCE7DA99561600534A06454A94874D0780D0443CAF4151,371A00DC0533B3721A7EEB40E8419E70799D2B0A0F2C1D80693165F7CEC4AD75
A010269,Thawte G5 TLS EC P-384 SHA384 2022 CA1,Intermediate Certificate,Trusted,2022-05-26,2032-05-25,7F4E38B8B22F91DAF46ED5856D6E7F1180296FB152C026473C6328519D2AC99A,018E13F0772532CF809BD1B17281867283FC48C6E13BE9C69812854A490C1B05
A010434,Thawte G5 TLS ECC P-384 SHA384 2022 CA2,Intermediate Certificate,Trusted,2022-07-28,2032-07-27,0215DB7E22D36D0E7535A12691A9EC0DC7F43D83AB580C0709711C1E7A9B55EC,018E13F0772532CF809BD1B17281867283FC48C6E13BE9C69812854A490C1B05
A010266,Thawte G5 TLS RSA4096 SHA384 2022 CA1,Intermediate Certificate,Trusted,2022-05-26,2032-05-25,48569C4FABFF4E3AA22E0E19613E90DA89AA2EE2469B0718695437F5384EDC4C,371A00DC0533B3721A7EEB40E8419E70799D2B0A0F2C1D80693165F7CEC4AD75
A005954,Thawte Partner CA,Intermediate Certificate,Trusted,2018-11-20,2028-11-20,635AF6889F49060FE0E7BABC0F23314FB118F3B18243DD17F47D8647A69684B1,CB3CCBB76031E5E0138F8DD39A23F9DE47FFC35E43C1144CEA27D46A5AB1CB5F
A004734,Thawte TLS ECC CA G1,Intermediate Certificate,Trusted,2017-11-02,2027-11-02,AE82201F565E0439B7F4AD689327594EB974A4F781B1A6CBFED59BD382317F13,31AD6648F8104138C738F39EA4320133393E3A18CC02296EF97C2AC9EF6731D0
A004724,Thawte TLS RSA CA G1,Intermediate Certificate,Trusted,2017-11-02,2027-11-02,4BCC5E234FE81EDE4EAF883AA19C31335B0B26E85E066B9945E4CB6153EB20C2,CB3CCBB76031E5E0138F8DD39A23F9DE47FFC35E43C1144CEA27D46A5AB1CB5F
A012162,The University of Texas at Arlington RSA Secure Email CA 2,Intermediate Certificate,Trusted,2025-02-27,2035-02-26,81F418BA1FA7DF8CEBAFDA10C9177847693C854774066E31D867008F17732539,D5917A7791EB7CF20A2E57EB98284A67B28A57E89182DA53D546678C9FDE2B4F
A011648,The University of Texas at Austin RSA Secure Email CA 2,Intermediate Certificate,Trusted,2024-06-05,2034-06-04,6097F7F0D5492BBEF9F9815470BDDC7202A0E19F3F5C323658DE632D55125998,D5917A7791EB7CF20A2E57EB98284A67B28A57E89182DA53D546678C9FDE2B4F
A011650,The University of Texas at Dallas RSA Secure Email CA 2,Intermediate Certificate,Trusted,2024-06-05,2034-06-04,7911DA119614D2FF6E81AC9973AE366F9A7E993A81EAA1DD180DA4455D8D11D9,D5917A7791EB7CF20A2E57EB98284A67B28A57E89182DA53D546678C9FDE2B4F
A006948,Thomson Reuters Special Services CA - G2,Intermediate Certificate,Trusted,2020-03-25,2030-03-25,B84D709820A8FEB41CE1872E237260B446F99BD3CC158F7738D9146B13FAE64E,7D05EBB682339F8C9451EE094EEBFEFA7953A114EDB2F44949452FAB7D2FC185
A007266,Trafigura PTE Ltd Atlas R45 SMIME CA 2020,Intermediate Certificate,Trusted,2020-07-28,2030-07-28,36FCE16CC976727765DF5E9FADB12C544D704C35150D1F17DDE1A42A85B88BE4,319AF0A7729E6F89269C131EA6A3A16FCD86389FDCAB3C47A4A675C161A3F974
A007815,Trust Italia Intermediate CA,Intermediate Certificate,Trusted,2021-06-28,2036-06-27,1D64D347A041AE7A4F9545047E3760D16ECF98360CDF7888A1CC23C2AFA3BC27,7D05EBB682339F8C9451EE094EEBFEFA7953A114EDB2F44949452FAB7D2FC185
A011779,Trust Italia Intermediate CA G2,Intermediate Certificate,Trusted,2024-08-14,2034-08-13,02AF66C64A57A322DF7451B417E8DAD0B84DCC7EF2A8AB488992E35787B27B11,7D05EBB682339F8C9451EE094EEBFEFA7953A114EDB2F44949452FAB7D2FC185
A007614,Trust Italia S.p.A. Class 1 - Public Trust CA,Intermediate Certificate,Trusted,2021-03-11,2031-03-10,AA10D99FD120217012E67F225DB544CBBAEA13BB01F7B0B766520C13FA1A33FF,7D05EBB682339F8C9451EE094EEBFEFA7953A114EDB2F44949452FAB7D2FC185
A007615,Trust Italia S.p.A. Class 2 - Public Trust CA,Intermediate Certificate,Trusted,2021-03-11,2031-03-10,38CF02E361BC737A46DCF02DC1A5664936868267CBF8D4423488BD538EB76518,7D05EBB682339F8C9451EE094EEBFEFA7953A114EDB2F44949452FAB7D2FC185
A011653,Trust Italia S.p.A. Mailbox Validated - Public Trust CA,Intermediate Certificate,Trusted,2024-06-05,2034-06-04,601EE30F57FDDFD8C7F051C7F379081F3DF893A61BA5BE518DC50F7F9F654CB6,7D05EBB682339F8C9451EE094EEBFEFA7953A114EDB2F44949452FAB7D2FC185
A011654,Trust Italia S.p.A. Sponsor Validated - Public Trust CA,Intermediate Certificate,Trusted,2024-06-05,2034-06-04,261F131BEF55C14992A756D2DC3F1003EEEDAEA7920E6059CD0ABB076AC494D6,7D05EBB682339F8C9451EE094EEBFEFA7953A114EDB2F44949452FAB7D2FC185
A004728,Trust Provider B.V. TLS RSA CA G1,Intermediate Certificate,Trusted,2017-11-02,2027-11-02,009871C3A4C607311E5AE92F01095F9BF76100B8794AB0A9A5210E6794C8607C,CB3CCBB76031E5E0138F8DD39A23F9DE47FFC35E43C1144CEA27D46A5AB1CB5F
A006834,Trust Provider B.V. TLS RSA EV CA G2,Intermediate Certificate,Trusted,2020-02-21,2030-02-21,B23A29C312A7A80B0FE6B4E71B909CAE92AD649E88766E56C9EE8E1D7C013945,CB3CCBB76031E5E0138F8DD39A23F9DE47FFC35E43C1144CEA27D46A5AB1CB5F
A004707,TrustAsia DV SSL CA - C3,Intermediate Certificate,Trusted,2017-10-23,2027-05-14,C25F1E96000BC36E2AA5CD54BF24F48B76890A162E1AD8E104992650510626C2,9E852C59DFC6FD6ABD4E17EA80B5F4E56FC04192D107258D54DA8A92528670D6
A011910,TrustAsia DV TLS ECC CA 2024,Intermediate Certificate,Trusted,2024-05-15,2034-05-15,73E9BE7D57BD5C72A06304463D32F8F85ECA12E2F2D284E48AE83F653FDB4EB6,C0076B9EF0531FB1A656D67C4EBE97CD5DBAA41EF44598ACC2489878C92D8711
A012053,TrustAsia DV TLS ECC CA 2025,Intermediate Certificate,Trusted,2025-01-08,2035-01-07,332F96D9C2105900ED4EC2929CF786677DD6B0DF2210D646CCA89B84321B1327,31AD6648F8104138C738F39EA4320133393E3A18CC02296EF97C2AC9EF6731D0
A010243,TrustAsia DV TLS ECC CA G4,Intermediate Certificate,Trusted,2021-05-20,2041-05-19,C28348740DA36CF14DDC49280CF030AB9CE3B0ACE093B0E1BA189456F4918B9C,BE4B56CB5056C0136A526DF444508DAA36A0B54F42E4AC38F72AF470E479654C
A011911,TrustAsia DV TLS RSA CA 2024,Intermediate Certificate,Trusted,2024-05-15,2034-05-15,5EB0217B928C2DE1170FCE110CACC3C89A42492E4F97F5AE1EB8CD54F8A68EEB,06C08D7DAFD876971EB1124FE67F847EC0C7A158D3EA53CBE940E2EA9791F4C3
A012052,TrustAsia DV TLS RSA CA 2025,Intermediate Certificate,Trusted,2025-01-08,2035-01-07,A2BDAA59BF9E8C3FC1FD4A94A85159B5618BE132B162C594944CAD4377ECA78C,CB3CCBB76031E5E0138F8DD39A23F9DE47FFC35E43C1144CEA27D46A5AB1CB5F
A012071,TrustAsia DV TLS RSA CA C5,Intermediate Certificate,Trusted,2025-01-15,2035-01-03,282C0E6401E5C33D1C89F2835FAE01B0F9585C51A71766FDCED3AA5B2222B796,FE7696573855773E37A95E7AD4D9CC96C30157C15D31765BA9B15704E1AE78FD
A010232,TrustAsia DV TLS RSA CA G3,Intermediate Certificate,Trusted,2021-05-20,2041-05-19,E0DD6743D6D08E2AB18884ED1E7E46B3D9726FFFA9B1866642AEBF266FDA2654,E0D3226AEB1163C2E48FF9BE3B50B4C6431BE7BB1EACC5C36B5D5EC509039A08
A010203,TrustAsia ECC DV TLS CA G3,Intermediate Certificate,Trusted,2022-04-20,2032-04-19,52C730094BD1AF98EC95105B6D58F09BBF080A8661FEF03C5E7E31C1C71AA39E,4FF460D54B9C86DABFBCFC5712E0400D2BED3FBC4D4FBDAA86E06ADCD2A9AD7A
A010205,TrustAsia ECC EV TLS CA G3,Intermediate Certificate,Trusted,2022-04-20,2032-04-19,A7C081E1F8D6C80C4F3DAE57DEF94D11AB2D6A6439F98775E010022A90D6D1E6,4FF460D54B9C86DABFBCFC5712E0400D2BED3FBC4D4FBDAA86E06ADCD2A9AD7A
A010204,TrustAsia ECC OV TLS CA G3,Intermediate Certificate,Trusted,2022-04-20,2032-04-19,397808DAB0765B2D224831FCD34BFE56A4093F14C48A700727BB31A7AD420CB4,4FF460D54B9C86DABFBCFC5712E0400D2BED3FBC4D4FBDAA86E06ADCD2A9AD7A
A011601,TrustAsia ECC Secure Email CA 3,Intermediate Certificate,Trusted,2024-05-01,2034-04-30,177AC6B42931BD7D6D5E1F1FB6EB959245750A8CEF04E7E2FBC10DB677E01BB0,22D9599234D60F1D4BC7C7E96F43FA555B07301FD475175089DAFB8C25E477B3
A010046,TrustAsia ECC Secure Email CA G2,Intermediate Certificate,Trusted,2022-01-10,2028-12-31,9ACA5C9670937BC1DC3DE4DD0A75D2A86214549C572D50FFD3F8C8430ECAF1A7,D7A7A0FB5D7E2731D771E9484EBCDEF71D5F0C3E0A2948782BC83EE0EA699EF4
A004710,TrustAsia EV SSL CA - C3,Intermediate Certificate,Trusted,2017-10-23,2027-05-14,BC0878CBBC4E0DAF7A9DA464AB16262A235BFDAED33B9F9569BA18FF34997580,9E852C59DFC6FD6ABD4E17EA80B5F4E56FC04192D107258D54DA8A92528670D6
A011907,TrustAsia EV TLS ECC CA 2024 V2,Intermediate Certificate,Trusted,2024-07-18,2034-07-18,D19E1FCD8E12747D75B74A28318EEFDD700F616E2B215701BBE804C3CDDA027B,C0076B9EF0531FB1A656D67C4EBE97CD5DBAA41EF44598ACC2489878C92D8711
A012075,TrustAsia EV TLS ECC CA C5,Intermediate Certificate,Trusted,2025-01-15,2035-01-03,3ACC4CAD7718C2E5BF549BFE1DAB9234B2EB71C00E72A554759745A611D81774,6B328085625318AA50D173C98D8BDA09D57E27413D114CF787A0F5D06C030CF6
A010241,TrustAsia EV TLS ECC CA G4,Intermediate Certificate,Trusted,2021-05-20,2041-05-19,C261EE3D4BBDC456FFB67868363FED80CB5C9AD7AF3F5A5DACBE32BECDDD88A7,BE4B56CB5056C0136A526DF444508DAA36A0B54F42E4AC38F72AF470E479654C
A011914,TrustAsia EV TLS RSA CA 2024 V2,Intermediate Certificate,Trusted,2024-07-18,2034-07-18,D886C235FAFADD2E4734924CF58B4D8F0CB7065F0F5451B3E1C308F92EF7B2EB,06C08D7DAFD876971EB1124FE67F847EC0C7A158D3EA53CBE940E2EA9791F4C3
A012072,TrustAsia EV TLS RSA CA C5,Intermediate Certificate,Trusted,2025-01-15,2035-01-03,A18CBF79E904E3BCC9D74D5ED062A46A90E2C7D89904114EC38B18650CD83E2C,FE7696573855773E37A95E7AD4D9CC96C30157C15D31765BA9B15704E1AE78FD
A010233,TrustAsia EV TLS RSA CA G3,Intermediate Certificate,Trusted,2021-05-20,2041-05-19,15DDF98C57E0F46E5C5EE00283BC4AF8FE0E8D2C42151630DEFFFA285EA62D09,E0D3226AEB1163C2E48FF9BE3B50B4C6431BE7BB1EACC5C36B5D5EC509039A08
A004709,TrustAsia OV SSL CA - C3,Intermediate Certificate,Trusted,2017-10-23,2027-05-14,7A142B1A5E16215183A13E840A862A437E293D9366921DB07EDB54F138AC0D78,9E852C59DFC6FD6ABD4E17EA80B5F4E56FC04192D107258D54DA8A92528670D6
A011909,TrustAsia OV TLS ECC CA 2024,Intermediate Certificate,Trusted,2024-05-15,2034-05-15,0E975E62A83030EAE3F441BAFFBFD7574FB7235EECB50F1F747DF8F0506D245E,C0076B9EF0531FB1A656D67C4EBE97CD5DBAA41EF44598ACC2489878C92D8711
A012076,TrustAsia OV TLS ECC CA C5,Intermediate Certificate,Trusted,2025-01-15,2035-01-03,C66497D671E53EE16A3D90A65C24A06FD7C0465E4DCFD4F8EF86B6CC75FC7760,6B328085625318AA50D173C98D8BDA09D57E27413D114CF787A0F5D06C030CF6
A010242,TrustAsia OV TLS ECC CA G4,Intermediate Certificate,Trusted,2021-05-20,2041-05-19,EEE6BAF50B14BCA04202B496737E676F713E7431FFD4FCA1309F661481EC520F,BE4B56CB5056C0136A526DF444508DAA36A0B54F42E4AC38F72AF470E479654C
A011912,TrustAsia OV TLS RSA CA 2024,Intermediate Certificate,Trusted,2024-05-15,2034-05-15,D0B626C8AD93962296B3920106ED7FB3818FCB98E0B73E799141B42521335B0F,06C08D7DAFD876971EB1124FE67F847EC0C7A158D3EA53CBE940E2EA9791F4C3
A012073,TrustAsia OV TLS RSA CA C5,Intermediate Certificate,Trusted,2025-01-15,2035-01-03,ABF95652710CE99ECFBCBDAFCDCA81F3865BA1F88161ADA61090E502A6B1667E,FE7696573855773E37A95E7AD4D9CC96C30157C15D31765BA9B15704E1AE78FD
A010235,TrustAsia OV TLS RSA CA G3,Intermediate Certificate,Trusted,2021-05-20,2041-05-19,573F5F797482F567EDC7901879457BC46C9DF0ACFD8CE7B1A8FB7E2218FA477B,E0D3226AEB1163C2E48FF9BE3B50B4C6431BE7BB1EACC5C36B5D5EC509039A08
A010199,TrustAsia RSA DV TLS CA G3,Intermediate Certificate,Trusted,2022-04-20,2032-04-19,0E5B00721B63C04A57E04135A4A9042C4965B4F50C505FE26D34E0E71855EE47,E793C9B02FD8AA13E21C31228ACCB08119643B749C898964B1746D46C3D4CBD2
A010201,TrustAsia RSA EV TLS CA G3,Intermediate Certificate,Trusted,2022-04-20,2032-04-19,DE9D075656763AE7086373EB90126EC240E4E08089B61C3C9A1B025CB6F411C3,E793C9B02FD8AA13E21C31228ACCB08119643B749C898964B1746D46C3D4CBD2
A010200,TrustAsia RSA OV TLS CA G3,Intermediate Certificate,Trusted,2022-04-20,2032-04-19,E4892C9A4B6E9393EBDFEDCBC2FA07B7C6B480A2915C66F47099E6F2FFE9A1C5,E793C9B02FD8AA13E21C31228ACCB08119643B749C898964B1746D46C3D4CBD2
A011600,TrustAsia RSA Secure Email CA 3,Intermediate Certificate,Trusted,2024-05-01,2034-04-30,713B9480F53CBC4F26E508357175743CD66B5B2E4E59BDBCB975894D607CA604,D5917A7791EB7CF20A2E57EB98284A67B28A57E89182DA53D546678C9FDE2B4F
A010042,TrustAsia RSA Secure Email CA G2,Intermediate Certificate,Trusted,2022-01-10,2028-12-31,4AF84168916F1B695D3CF845640FB407A655047979CC7B3BD70E12B53CE14196,D7A7A0FB5D7E2731D771E9484EBCDEF71D5F0C3E0A2948782BC83EE0EA699EF4
A012074,TrustAsia SMIME CA 2025,Intermediate Certificate,Trusted,2025-01-15,2035-01-03,E802A9679975DAD283EC482666D82A7CE54E1086873510F5A4CC49BD913CECAC,FE7696573855773E37A95E7AD4D9CC96C30157C15D31765BA9B15704E1AE78FD
A011905,TrustAsia SMIME ECC CA 2024,Intermediate Certificate,Trusted,2024-05-15,2034-05-15,E21C0762F0B1777AB2B06E9F9273BE251AB9FBB3D5DD901F60750EF9B53B8488,436472C1009A325C54F1A5BBB5468A7BAEECCBE05DE5F099CB70D3FE41E13C16
A011906,TrustAsia SMIME RSA CA 2024,Intermediate Certificate,Trusted,2024-05-15,2034-05-15,BC2197C0C1FF17C553370BF9955B9B50C8C9D27A0C28F78704E00C881F1458AA,C7796BEB62C101BB143D262A7C96A0C6168183223EF50D699632D86E03B8CC9B
A005626,TrustAsia Secure Email CA,Intermediate Certificate,Trusted,2018-04-27,2028-04-27,047217772051D292238F3355F5C5435E9B84364CCD143FC49F9C31CD605439F0,3E9099B5015E8F486C00BCEA9D111EE721FABA355A89BCF1DF69561E3DC6325C
A005627,TrustAsia Secure Enterprise Email CA,Intermediate Certificate,Trusted,2018-04-27,2028-04-27,3D774B65EE95FD6EFD1C8732B57E607C9BEE423C36E46F6E1CC8CA1F0AE62E23,3E9099B5015E8F486C00BCEA9D111EE721FABA355A89BCF1DF69561E3DC6325C
A004737,TrustAsia TLS ECC CA G9,Intermediate Certificate,Trusted,2017-11-02,2027-11-02,877F24CE70F4A3047E4EA70BEC1BC31BE9B6533ADFF3A393FF9BFB3C81029446,31AD6648F8104138C738F39EA4320133393E3A18CC02296EF97C2AC9EF6731D0
A012786,TrustAsia TLS ECC Root CA,Intermediate Certificate,Trusted,2025-10-07,2029-01-14,FBE52F7D83E613D166F592A9227B08A9235E3DAA875FBA2ACD10A8C0D220DA2F,5C58468D55F58E497E743982D2B50010B6D165374ACF83A7D4A32DB768C4408E
A012051,TrustAsia TLS Pro ECC CA 2025,Intermediate Certificate,Trusted,2025-01-08,2035-01-07,CCB2B1567BE8FCB35BC39FEEDB95312D82ADFE21C98956F4FA3AC72E26AED359,31AD6648F8104138C738F39EA4320133393E3A18CC02296EF97C2AC9EF6731D0
A012050,TrustAsia TLS Pro RSA CA 2025,Intermediate Certificate,Trusted,2025-01-08,2035-01-07,416A2C89515B8BC14E13677024E2A82E8B1B2F4117A88FD11B8BBD25D1A5C517,CB3CCBB76031E5E0138F8DD39A23F9DE47FFC35E43C1144CEA27D46A5AB1CB5F
A004729,TrustAsia TLS RSA CA G8,Intermediate Certificate,Trusted,2017-11-02,2027-11-02,036A18F5F0EB9DD5EE02B7854DF5C33845601D8939CFB7B607F69D142C01D909,CB3CCBB76031E5E0138F8DD39A23F9DE47FFC35E43C1144CEA27D46A5AB1CB5F
A012785,TrustAsia TLS RSA Root CA,Intermediate Certificate,Trusted,2025-10-07,2029-01-14,CE0DF856EA6CC0EBE068F55C4CC4DE77DEF45CACB2D4E946D8ADE706666F5887,5C58468D55F58E497E743982D2B50010B6D165374ACF83A7D4A32DB768C4408E
A013106,TrustID CA A13,Intermediate Certificate,Trusted,2023-01-10,2028-01-08,B46D3890E6F96851C9FBC9BE87F6C742297ADCC1EA0EC0E8BD714C007A019C2C,30D0895A9A448A262091635522D1F52010B5867ACAE12C78EF958FD4F4389F2F
A013105,TrustID CA A14,Intermediate Certificate,Trusted,2024-01-22,2029-01-19,D961E10E03A039C4BA4DB3D5442166FED653074015F53D99CF345672E57482F5,30D0895A9A448A262091635522D1F52010B5867ACAE12C78EF958FD4F4389F2F
A012019,TrustID ECC SMIME CA 1,Intermediate Certificate,Trusted,2024-12-23,2032-06-21,0E5F94F4C41242B98A7C1DB0855A390DC51F65478EF89BA0F5FCA511C355DF64,3B48B18D6F20B2369A7D4056A0F5736E7650D653802305A50E83B9C3376D9E18
A011834,TrustID Enterprise TLS CA 3,Intermediate Certificate,Trusted,2024-09-16,2032-09-16,86A2E3105F21D5DEDE5A437CEDA47BBE2044D775F6F77F346B1D4BD03A1F5907,5D56499BE4D2E08BCFCAD08A3E38723D50503BDE706948E42F55603019E528AE
A012111,TrustID RSA SMIME CA 2,Intermediate Certificate,Trusted,2025-01-29,2032-07-28,4F17A4F8650DF43D87F96CAC0202A5DF90E1F70F4E9FE943348AA3B9C3460875,53850DBA0B62839FED4C0E3E1B95CB7E9C4CF2ED7C3E5AE2D3D3F535EB5A2653
A012110,TrustID RSA Server CA 2,Intermediate Certificate,Trusted,2025-01-29,2032-07-28,915D668811D195CC7C9614DC3F828DF3B291B35E610ABB2E6B4493862F4DE379,4C53D6746D9502530D235A82F9CF8382F5779D5DDDDBD373ABE1724FC1EFE796
A013107,TrustID SAIC Public Email Issuing CA,Intermediate Certificate,Trusted,2023-04-10,2026-10-13,AC5D9A4A7C7379E7BD0A075DCBDF4547333F48839267469E62673B56E688A583,30D0895A9A448A262091635522D1F52010B5867ACAE12C78EF958FD4F4389F2F
A013108,TrustID SAIC Public Email Issuing CA 2,Intermediate Certificate,Trusted,2024-09-17,2029-09-15,99451FBBDF460C77308EDC6D8E37A3B80D856C94FEC834C53D6A13EA4EB89F39,30D0895A9A448A262091635522D1F52010B5867ACAE12C78EF958FD4F4389F2F
A006724,TrustID Server CA E1,Intermediate Certificate,Trusted,2019-12-12,2029-12-12,743E328F329E194DA252711BF6BFF00CF63B6A4C0AA66B2E1967716910678971,5D56499BE4D2E08BCFCAD08A3E38723D50503BDE706948E42F55603019E528AE
A006723,TrustID Server CA O1,Intermediate Certificate,Trusted,2019-12-12,2029-12-12,6BAAB0C433D779FD6A4B6D56D6304D5E6EA5DE689FE35A43038A4028F345DF60,5D56499BE4D2E08BCFCAD08A3E38723D50503BDE706948E42F55603019E528AE
A004711,TrustOcean Certification Authority,Intermediate Certificate,Trusted,2017-10-23,2027-05-14,A416A2BA490C454E23B85BF087DB7B137F4F47D9747E60F8692FF4C8DF0E062B,9E852C59DFC6FD6ABD4E17EA80B5F4E56FC04192D107258D54DA8A92528670D6
A013227,TrustSafe TLS ECC SubCA 2,Intermediate Certificate,Trusted,2026-06-12,2036-06-09,86E7A398D1140FF32A3B14A67C55CAB5F097196ABBBD9241F31DBD2FD6CAA3BD,369EC927C0A23C8928841D993E1C25851F7FFFE251D8F7CFEDC58095228BDE7D
A010083,TrustSafe TLS ECC SubCA R1,Intermediate Certificate,Trusted,2022-03-04,2032-02-26,5EAF05CFC9A017730D01E6688D6E39710E01FDE374E74B1B25D3A48076AE5DB8,108162F2B35ED71C6EA9502F94B93E9754789DDE871B2AC26CE06D47207A95CC
A013230,TrustSafe TLS RSA SubCA 2,Intermediate Certificate,Trusted,2026-06-12,2036-06-09,EA9B2113957C01E46182C41A5CC8018C6040F11DE62EB2BD689967AFB97626EE,9574C647736E1AF3EA347CFE7603B6456E91685E74C52AE590FC4C25AB767F99
A010084,TrustSafe TLS RSA SubCA R1,Intermediate Certificate,Trusted,2022-03-04,2032-02-26,98A0C3BA1899258595D04F15D134C5732E864B755C648A48D1C17F0A260EF5A7,586A5C9836D9FB3BE863BA765A7966D940297FEC7BDD488016C7AA1EAE1F1D51
A011425,TrustSign BR RSA DV SSL CA 3,Intermediate Certificate,Trusted,2024-01-31,2034-01-30,264D980B48BB1DA32FBB147B81043445AC4C85639594BA15AD9A2B8836A2DAC0,E793C9B02FD8AA13E21C31228ACCB08119643B749C898964B1746D46C3D4CBD2
A011427,TrustSign BR RSA EV SSL CA 3,Intermediate Certificate,Trusted,2024-01-31,2034-01-30,A021D8E774C6A33C736BDB5C176925ADDF446C99679BCDCD82E5BD2EA5FE444D,E793C9B02FD8AA13E21C31228ACCB08119643B749C898964B1746D46C3D4CBD2
A011426,TrustSign BR RSA OV SSL CA 3,Intermediate Certificate,Trusted,2024-01-31,2034-01-30,D66A9D196CD2C27D74D719CA2825C45846B543502376981378567797B8571D3A,E793C9B02FD8AA13E21C31228ACCB08119643B749C898964B1746D46C3D4CBD2
A005985,TrustSign ECC DV CA,Intermediate Certificate,Trusted,2018-12-03,2028-12-02,72376D590D9A665D396A51D2AEA9334638FD4B13D6F5E993298322F344F2B79E,4FF460D54B9C86DABFBCFC5712E0400D2BED3FBC4D4FBDAA86E06ADCD2A9AD7A
A012389,TrustSign ECC DV SSL CA 2,Intermediate Certificate,Trusted,2025-05-14,2035-05-13,CF6D70322D565F7163324AB66047636151595602FAB7A2EC2B997AB907520F8B,C90F26F0FB1B4018B22227519B5CA2B53E2CA5B3BE5CF18EFE1BEF47380C5383
A005987,TrustSign ECC EV CA,Intermediate Certificate,Trusted,2018-12-03,2028-12-02,025764E6E19D90BC6CC70669445593D53FC0D9836F7B9428036208610B539943,4FF460D54B9C86DABFBCFC5712E0400D2BED3FBC4D4FBDAA86E06ADCD2A9AD7A
A012390,TrustSign ECC EV SSL CA 2,Intermediate Certificate,Trusted,2025-05-14,2035-05-13,9DF60520781C31E8E81894703DC60A3EBAF9898C4DCC1750366EEC03DC942636,C90F26F0FB1B4018B22227519B5CA2B53E2CA5B3BE5CF18EFE1BEF47380C5383
A005986,TrustSign ECC OV CA,Intermediate Certificate,Trusted,2018-12-03,2028-12-02,B691B46A9A510DBD66B989DA9AD06904AC06473D8D0D79F2195D6B13FFB4A183,4FF460D54B9C86DABFBCFC5712E0400D2BED3FBC4D4FBDAA86E06ADCD2A9AD7A
A012388,TrustSign ECC OV SSL CA 2,Intermediate Certificate,Trusted,2025-05-14,2035-05-13,478FFF7B1B8E7E74FFCDA3EBAE2983EE01C0C04B858BB3EFDB2A7D4FB21E0CF9,C90F26F0FB1B4018B22227519B5CA2B53E2CA5B3BE5CF18EFE1BEF47380C5383
A005982,TrustSign RSA DV CA,Intermediate Certificate,Trusted,2018-12-03,2028-12-02,F5BCF3AA7A2D161A1821204F525337C6CF949E735AD3D336E4764B25A76C2A5A,E793C9B02FD8AA13E21C31228ACCB08119643B749C898964B1746D46C3D4CBD2
A012385,TrustSign RSA DV SSL CA 2,Intermediate Certificate,Trusted,2025-05-14,2035-05-13,BE8AAB3371A02E9A13FB4FAFC196BDF65B3B20E2877ED70F43308ED60BCDDFC2,7BB647A62AEEAC88BF257AA522D01FFEA395E0AB45C73F93F65654EC38F25A06
A005984,TrustSign RSA EV CA,Intermediate Certificate,Trusted,2018-12-03,2028-12-02,BAC4F03DC635BDAE067F7BFE77AB06D88B5BA4668B0F46157E53D6CA9310077F,E793C9B02FD8AA13E21C31228ACCB08119643B749C898964B1746D46C3D4CBD2
A012387,TrustSign RSA EV SSL CA 2,Intermediate Certificate,Trusted,2025-05-14,2035-05-13,5F958A21DA1EFC348C7C3DCA6B49482D6158E05BAA72EE9563E734971317F813,7BB647A62AEEAC88BF257AA522D01FFEA395E0AB45C73F93F65654EC38F25A06
A005983,TrustSign RSA OV CA,Intermediate Certificate,Trusted,2018-12-03,2028-12-02,74508462A5C2A4F25BDCB55CB259310A056B7D623DD8E55351F3B42F1D32486B,E793C9B02FD8AA13E21C31228ACCB08119643B749C898964B1746D46C3D4CBD2
A012386,TrustSign RSA OV SSL CA 2,Intermediate Certificate,Trusted,2025-05-14,2035-05-13,925BAFB1BFD177EFD76C8CC8912CE2B00E053A5635671EDFC6946109FC34F749,7BB647A62AEEAC88BF257AA522D01FFEA395E0AB45C73F93F65654EC38F25A06
A007169,Trusted Root TLS CA SHA256 G3,Intermediate Certificate,Trusted,2020-07-05,2027-04-25,91F19CE503C9FE7FF9587D8EFBEF7315AAEE77DC2D14526126493B4AD6FE801F,CBB522D7B7F127AD6A0113865BDF1CD4102E7D0759AF635A7CF4720DC963C53B
A007170,Trusted Root nonTLS CA SHA256 G3,Intermediate Certificate,Trusted,2020-07-05,2027-04-25,3A30D4A3043F195609E30F747754699CC6CC97E1F5FCB83DE87E659E579E39AD,CBB522D7B7F127AD6A0113865BDF1CD4102E7D0759AF635A7CF4720DC963C53B
A004094,Trusted Secure Certificate Authority DV,Intermediate Certificate,Trusted,2016-12-20,2026-12-20,583453EC0ADD8526801E62FB85078F0B24845F0B67612830DDA97EC0E829F41D,E793C9B02FD8AA13E21C31228ACCB08119643B749C898964B1746D46C3D4CBD2
A004095,Trusted Secure ECC Certificate Authority,Intermediate Certificate,Trusted,2016-12-20,2026-12-20,D9352669E29349329AF4745C55A6C159DC979AB745925170A1980668382ACBC0,4FF460D54B9C86DABFBCFC5712E0400D2BED3FBC4D4FBDAA86E06ADCD2A9AD7A
A004096,Trusted Secure ECC Certificate Authority DV,Intermediate Certificate,Trusted,2016-12-20,2026-12-20,A4A7D05F29685679E3C00A322CE6B6CD57FDDA5F2EF42C6C6E73581C8A471077,4FF460D54B9C86DABFBCFC5712E0400D2BED3FBC4D4FBDAA86E06ADCD2A9AD7A
A013197,Trustgate SMIME G2 E31 CA,Intermediate Certificate,Trusted,2026-05-27,2031-05-16,749D9CDF01084CB5DA49DDEF11E193ECFA6530E67419302C4D945BAF74342145,6B328085625318AA50D173C98D8BDA09D57E27413D114CF787A0F5D06C030CF6
A004560,Trustico ECC DV CA,Intermediate Certificate,Trusted,2017-09-08,2027-09-08,3989A31702E9E6A9485F3C92A77D21B1852C7F6722F23D44B8CBE72A926EC854,1793927A0614549789ADCE2F8F34F7F0B66D0F3AE3A3B84D21EC15DBBA4FADC7
A012373,Trustico ECC DV SSL CA 2,Intermediate Certificate,Trusted,2025-05-14,2035-05-13,06CE0F74E43FFFE1EF28C106FC80C7E995CAE22DC3B6C29B064B88043974AFC0,C90F26F0FB1B4018B22227519B5CA2B53E2CA5B3BE5CF18EFE1BEF47380C5383
A004562,Trustico ECC EV CA,Intermediate Certificate,Trusted,2017-09-08,2027-09-08,4D8ED4A3B5F3CF74FEC875E8204212A72197D71DDA3A07AE5FA5BEFEB61EC9C6,1793927A0614549789ADCE2F8F34F7F0B66D0F3AE3A3B84D21EC15DBBA4FADC7
A012374,Trustico ECC EV SSL CA 2,Intermediate Certificate,Trusted,2025-05-14,2035-05-13,AD50CB73CF91D1566301310E0E5B5B90B9E72C47E8137CAE6B3B3ACD1237733F,C90F26F0FB1B4018B22227519B5CA2B53E2CA5B3BE5CF18EFE1BEF47380C5383
A004561,Trustico ECC OV CA,Intermediate Certificate,Trusted,2017-09-08,2027-09-08,48A2F7D7E80D42E722A752D892381C06EEC4414155C9D6452AA506EEA4ED43F6,1793927A0614549789ADCE2F8F34F7F0B66D0F3AE3A3B84D21EC15DBBA4FADC7
A012372,Trustico ECC OV SSL CA 2,Intermediate Certificate,Trusted,2025-05-14,2035-05-13,673E34582AD9EEC8186D59B07877482B186121603EC5CF1E5E40E560A8172A2C,C90F26F0FB1B4018B22227519B5CA2B53E2CA5B3BE5CF18EFE1BEF47380C5383
A004592,Trustico RSA Client CA,Intermediate Certificate,Trusted,2017-09-08,2027-09-08,97221453BB214642C1DC5ABCDA79FE4EEDB5F2B03944F002B81B847C39F80FEC,52F0E1C4E58EC629291B60317F074671B85D7EA80D5B07273463534B32B40234
A004557,Trustico RSA DV CA,Intermediate Certificate,Trusted,2017-09-08,2027-09-08,33CFB062CD2951E4DD1A256BED156BEA53F290D039DEEFB85BE95E1901216A36,52F0E1C4E58EC629291B60317F074671B85D7EA80D5B07273463534B32B40234
A012371,Trustico RSA DV SSL CA 2,Intermediate Certificate,Trusted,2025-05-14,2035-05-13,0C91C1AA252380ACB3DE162338BE4025E0430A4109DDDCD7D6716B2D746C6920,7BB647A62AEEAC88BF257AA522D01FFEA395E0AB45C73F93F65654EC38F25A06
A004559,Trustico RSA EV CA,Intermediate Certificate,Trusted,2017-09-08,2027-09-08,663A4E658FBBF74FC19B0155F2FACB12CC9B697058F447EF791178FE9B8D073D,52F0E1C4E58EC629291B60317F074671B85D7EA80D5B07273463534B32B40234
A012370,Trustico RSA EV SSL CA 2,Intermediate Certificate,Trusted,2025-05-14,2035-05-13,2742F2AB6DAEC25C4F08C577F9EB5E2A5D956AED4FD6BD652BF2FD08E8877AB3,7BB647A62AEEAC88BF257AA522D01FFEA395E0AB45C73F93F65654EC38F25A06
A004558,Trustico RSA OV CA,Intermediate Certificate,Trusted,2017-09-08,2027-09-08,AFE1595E7097CCDFB432CEA639BDEE86CF2576C27DF36F9C691CF03E1324C1D4,52F0E1C4E58EC629291B60317F074671B85D7EA80D5B07273463534B32B40234
A012369,Trustico RSA OV SSL CA 2,Intermediate Certificate,Trusted,2025-05-14,2035-05-13,195A9705A1333E07B0F54861EE0C7A5F694289B736CAC7A6DBBDA229992FB1C5,7BB647A62AEEAC88BF257AA522D01FFEA395E0AB45C73F93F65654EC38F25A06
A007932,TunTrust Root CA,Intermediate Certificate,Trusted,2019-04-18,2044-04-18,BABBCA986946352CF9BF382E880652F4E94DBC4FEDD0F1CC21FA9973C96D65AB,2E44102AB58CB85419451C8E19D9ACF3662CAFBC614B6A53960A30F7D0E2EB41
A006592,TunTrust Services CA,Intermediate Certificate,Trusted,2019-04-26,2039-04-26,063627355C941A1C93FC515CBAEF2F173D4A646DDEB139CB8C75C1022222994F,2E44102AB58CB85419451C8E19D9ACF3662CAFBC614B6A53960A30F7D0E2EB41
A012411,TuringSign ECC Secure CA 2,Intermediate Certificate,Trusted,2025-05-27,2030-05-26,A5F41EDF8D6E045FF3FEED676650CE08375D3A9EF210C1695C47AA9DFF11D5C5,6B9C08E86EB0F767CFAD65CD98B62149E5494A67F5845E7BD1ED019F27B86BD6
A013014,TuringSign ECC Secure CA 3,Intermediate Certificate,Trusted,2026-02-25,2029-02-24,7AF2B5644C9FD0D1E73F58047DCF0F5346C6551A84D61A49FBC64B595ACEC72F,EEC997C0C30F216F7E3B8B307D2BAE42412D753FC8219DAFD1520B2572850F49
A012410,TuringSign RSA Secure CA 2,Intermediate Certificate,Trusted,2025-05-27,2030-05-26,A6F9C967EB8AA9283A1CA649B87B764720E9F5C3AFA81C150676F4CA36E98CF6,6B9C08E86EB0F767CFAD65CD98B62149E5494A67F5845E7BD1ED019F27B86BD6
A013020,TuringSign RSA Secure CA 3,Intermediate Certificate,Trusted,2026-02-25,2029-02-24,EAF9DF32DA5800A0A3804EB4F0106733030CC8C2AEDBE0E5B0EBD034A7CE8402,9AE36232A5189FFDDB353DFD26520C015395D22777DAC59DB57B98C089A651E6
A013339,UAE QTSP Advanced CA,Intermediate Certificate,Trusted,2026-08-06,2036-08-05,029F54FDDC7EC492747037A524E9D6A13C80236D53487E75C4EDCC191EFE70BB,125609AA301DA0A249B97A8239CB6A34216F44DCAC9F3954B14292F2E8C8608F
A013340,UAE QTSP Device and Management CA,Intermediate Certificate,Trusted,2026-08-06,2036-08-05,D9656F4E4D83F62783D9ADE60104EED90D9CC50C29A6EF0A78367751D2F8C748,125609AA301DA0A249B97A8239CB6A34216F44DCAC9F3954B14292F2E8C8608F
A013342,UAE QTSP Qualified eSeal CA LP,Intermediate Certificate,Trusted,2026-08-06,2036-08-05,E3473AECEF108B1EE6F49E177B25023605A0C041B1D97A9F59CFFC00D22E0251,125609AA301DA0A249B97A8239CB6A34216F44DCAC9F3954B14292F2E8C8608F
A013341,UAE QTSP Qualified eSeal CA LP-QSCD,Intermediate Certificate,Trusted,2026-08-06,2036-08-05,6B1EA2DEE0F34A7E53D64EBBF39C583DAF9418D83A5AA9E6258E4F2BE707B36E,125609AA301DA0A249B97A8239CB6A34216F44DCAC9F3954B14292F2E8C8608F
A013344,UAE QTSP Qualified eSignature CA (NP),Intermediate Certificate,Trusted,2026-08-06,2036-08-05,8C5710BF1601919795673E9FF97F9C19ACC7FA478E9E99CB6CF5B612A96C697B,125609AA301DA0A249B97A8239CB6A34216F44DCAC9F3954B14292F2E8C8608F
A013343,UAE QTSP Qualified eSignature CA NP-QSCD,Intermediate Certificate,Trusted,2026-08-06,2036-08-05,DB9F48A53106A06A00472FF182914502FE5C816BBC4BB5468332396919BEE571,125609AA301DA0A249B97A8239CB6A34216F44DCAC9F3954B14292F2E8C8608F
A013346,UAE QTSP Validation Service CA,Intermediate Certificate,Trusted,2026-08-06,2036-08-05,3213CE37224C4E954DAAAEEDDA098EB708911D0548FD3E30ED8FFC1841BD5D65,125609AA301DA0A249B97A8239CB6A34216F44DCAC9F3954B14292F2E8C8608F
A011396,UCA Global G2 Root,Intermediate Certificate,Trusted,2024-01-08,2029-01-06,BB61408AED9F530B2EC0545E53BA2C8EBEAA57D9976447DB1663CED4600CD6B7,5C58468D55F58E497E743982D2B50010B6D165374ACF83A7D4A32DB768C4408E
A011395,UCA Global G2 Root,Intermediate Certificate,Trusted,2024-01-08,2029-01-06,BFA95C5DF164B659FA32F6D10564D7170DDE661A853A782E6AB63639433BCB41,5C58468D55F58E497E743982D2B50010B6D165374ACF83A7D4A32DB768C4408E
A007936,ULA CA - G5,Intermediate Certificate,Trusted,2021-10-11,2031-10-10,818B703BC75A0E86692DE5F4477E8D8E085071E2435CB0FEA829CA9FEB72BA7C,7D05EBB682339F8C9451EE094EEBFEFA7953A114EDB2F44949452FAB7D2FC185
A011813,ULA CA - G6,Intermediate Certificate,Trusted,2024-09-04,2034-09-03,054B8B4242D6C216D97EBB401570F8519D9FEC2C3C01E022A3C5C0612B416F4A,7D05EBB682339F8C9451EE094EEBFEFA7953A114EDB2F44949452FAB7D2FC185
A012161,ULA CA - G7,Intermediate Certificate,Trusted,2025-02-26,2035-02-25,10FC8BECBC62C04EADDCA5D0200C632166C1A2CBDC9510CB8BA18A5307200C4F,7D05EBB682339F8C9451EE094EEBFEFA7953A114EDB2F44949452FAB7D2FC185
A006162,USERTrust ECC Certification Authority,Intermediate Certificate,Trusted,2019-03-12,2028-12-31,A6CF64DBB4C8D5FD19CE48896068DB03B533A8D1336C6256A87D00CBB3DEF3EA,D7A7A0FB5D7E2731D771E9484EBCDEF71D5F0C3E0A2948782BC83EE0EA699EF4
A004595,USERTrust ECC Client Authentication and Secure Email CA,Intermediate Certificate,Trusted,2014-09-12,2029-09-11,52DFD735D4ADA4AEACB2D77968F9711143FB0C3C5A83B50AC4DEB987A878E509,4FF460D54B9C86DABFBCFC5712E0400D2BED3FBC4D4FBDAA86E06ADCD2A9AD7A
A001804,USERTrust ECC Domain Validation Secure Server CA,Intermediate Certificate,Trusted,2014-08-22,2029-08-21,72956A1C5AA5D91AC69CD63107A25AA1843819DDC21C5108EC1D97F3229603CE,4FF460D54B9C86DABFBCFC5712E0400D2BED3FBC4D4FBDAA86E06ADCD2A9AD7A
A001806,USERTrust ECC Extended Validation Secure Server CA,Intermediate Certificate,Trusted,2013-04-15,2028-04-14,E81443141E3C1232D06465E11BBD1F6CA7181A3E037F815BB8FAAEADE6BEBED1,4FF460D54B9C86DABFBCFC5712E0400D2BED3FBC4D4FBDAA86E06ADCD2A9AD7A
A001874,USERTrust ECC Organization Validation Secure Server CA,Intermediate Certificate,Trusted,2014-08-22,2029-08-21,46D3B50FEDCF8C36B5F672239CC3A2E9E02ED15F33CBDC0C262A8647849403F4,4FF460D54B9C86DABFBCFC5712E0400D2BED3FBC4D4FBDAA86E06ADCD2A9AD7A
A006161,USERTrust RSA Certification Authority,Intermediate Certificate,Trusted,2019-03-12,2028-12-31,68B9C761219A5B1F0131784474665DB61BBDB109E00F05CA9F74244EE5F5F52B,D7A7A0FB5D7E2731D771E9484EBCDEF71D5F0C3E0A2948782BC83EE0EA699EF4
A004615,USERTrust RSA Client Authentication and Secure Email CA,Intermediate Certificate,Trusted,2014-09-12,2029-09-11,433D103DE099CC3F3414D004F870F4DA5C9E7F41A48BA8ACBAF3F91EEFCB0D60,E793C9B02FD8AA13E21C31228ACCB08119643B749C898964B1746D46C3D4CBD2
A001766,USERTrust RSA Domain Validation Secure Server CA,Intermediate Certificate,Trusted,2014-08-22,2029-08-21,6EE065AF58B7043CB2372FC6639E3486304FCD094D9CB6838D76A88CE20C30DD,E793C9B02FD8AA13E21C31228ACCB08119643B749C898964B1746D46C3D4CBD2
A001769,USERTrust RSA Extended Validation Secure Server CA,Intermediate Certificate,Trusted,2012-02-12,2027-02-11,5367692ECE62B758D04D9B7E6DFB0DB307F859EBC6A6CB5F77FF24561D7CC004,E793C9B02FD8AA13E21C31228ACCB08119643B749C898964B1746D46C3D4CBD2
A001768,USERTrust RSA Extended Validation Secure Server CA,Intermediate Certificate,Trusted,2012-02-12,2027-02-11,125A5FD7C640D5E59F5CE5763CD8C932F5E597DDDC4EAF1D59667CF4B556A237,E793C9B02FD8AA13E21C31228ACCB08119643B749C898964B1746D46C3D4CBD2
A001770,USERTrust RSA Organization Validation Secure Server CA,Intermediate Certificate,Trusted,2014-08-22,2029-08-21,2E4A61E5238E556E8CEDBCC0B4F3DE2178245664A0BE195B3855B4C85DBDEEFF,E793C9B02FD8AA13E21C31228ACCB08119643B749C898964B1746D46C3D4CBD2
A012163,UT Health San Antonio RSA Secure Email CA 2,Intermediate Certificate,Trusted,2025-02-27,2035-02-26,2CDB785514360364A8116C0B7973FE89B63DA67759DB381C9E09DB3E45B81A15,D5917A7791EB7CF20A2E57EB98284A67B28A57E89182DA53D546678C9FDE2B4F
A011649,UTHealth Houston RSA Secure Email CA 2,Intermediate Certificate,Trusted,2024-06-05,2034-06-04,A9B25845A63DF5B4FCCDDD6E23DB832AD30312231D4BD32321DC03DD56F12B3D,D5917A7791EB7CF20A2E57EB98284A67B28A57E89182DA53D546678C9FDE2B4F
A004331,UZI-register Medewerker niet op naam CA G3,Intermediate Certificate,Trusted,2017-05-09,2028-11-12,38DED3FF6827579008AF4887EB9698A3CFA927FA8ED59F06BA090FB9A63E2D77,D9581DBDE99B39EEFF6CE5C80DE1650DA0C1C8A109705ED286C53BC95E6655E4
A006262,UZI-register Medewerker niet op naam CA G3,Intermediate Certificate,Trusted,2019-04-18,2028-11-12,972957304031234ED17679FDCB97556D6173D5F2BF0E6E66D612680CA6E77685,D9581DBDE99B39EEFF6CE5C80DE1650DA0C1C8A109705ED286C53BC95E6655E4
A004329,UZI-register Medewerker op naam CA G3,Intermediate Certificate,Trusted,2017-05-09,2028-11-12,D8553A2880E96B7AA4C7413DD903AFD3D580504695DD26A168FD48CCE7B1474A,8222BC4FE7A3DDCA9EF0BF0D682AC888799F87822D15332A54C0BFDFC6854F7B
A006264,UZI-register Medewerker op naam CA G3,Intermediate Certificate,Trusted,2019-04-18,2028-11-12,D28DB435E31212A3BDCCF87620F6544B99A9C02328BF983E882FD0627A1D130F,8222BC4FE7A3DDCA9EF0BF0D682AC888799F87822D15332A54C0BFDFC6854F7B
A006265,UZI-register Zorgverlener CA G3,Intermediate Certificate,Trusted,2019-04-18,2028-11-12,507DB60D263D3D09D283DE2E3AA435DFD8775E52BC335702E3832BBB57EC1CBD,8222BC4FE7A3DDCA9EF0BF0D682AC888799F87822D15332A54C0BFDFC6854F7B
A004330,UZI-register Zorgverlener CA G3,Intermediate Certificate,Trusted,2017-05-09,2028-11-12,3EAD4F72F06F1054881D2728DE033A8E13FADE6BD165084018EB943C17378DAA,8222BC4FE7A3DDCA9EF0BF0D682AC888799F87822D15332A54C0BFDFC6854F7B
A001779,UbiquiTLS™ DV ECC Server CA,Intermediate Certificate,Trusted,2016-03-29,2031-03-29,A9F8D0EC60F72D8AC879F6E3CC380E500098BC0080C07AC539FAE682543FFC02,1793927A0614549789ADCE2F8F34F7F0B66D0F3AE3A3B84D21EC15DBBA4FADC7
A001810,UbiquiTLS™ DV RSA Server CA,Intermediate Certificate,Trusted,2016-03-29,2031-03-29,F00322C97B57CEA6D64A6A1D365C6C6B7F0EBA3089876C1430E1063E8A82A676,52F0E1C4E58EC629291B60317F074671B85D7EA80D5B07273463534B32B40234
A012984,UniTrust Global TLS ECC Root CA R2,Intermediate Certificate,Trusted,2026-02-05,2029-02-04,F2384371C93EB284166FD07A34F211FAA697B6FC20D4D31F7A8E4A3283CA3FF1,9BEA11C976FE014764C1BE56A6F914B5A560317ABD9988393382E5161AA0493C
A012985,UniTrust Global TLS RSA Root CA R1,Intermediate Certificate,Trusted,2026-02-05,2029-02-04,50404B08111323C691E1695737556E4AFCDCC87EADD22C5503B6D03392AADDDF,9BEA11C976FE014764C1BE56A6F914B5A560317ABD9988393382E5161AA0493C
A013158,Unicom DV TLS ECC CA 2026,Intermediate Certificate,Trusted,2026-04-28,2029-04-28,22308985643AAA31DEFD3B66AC3196E8F85141520D749C56BCA5357F36ECC166,C0076B9EF0531FB1A656D67C4EBE97CD5DBAA41EF44598ACC2489878C92D8711
A013156,Unicom DV TLS RSA CA 2026,Intermediate Certificate,Trusted,2026-04-28,2029-04-28,6DFF56CFA823978CB9AFF815C3C6986DFB360C63B324A2CB48F5B36335F6F344,06C08D7DAFD876971EB1124FE67F847EC0C7A158D3EA53CBE940E2EA9791F4C3
A013159,Unicom TLS ECC CA 2026,Intermediate Certificate,Trusted,2026-04-28,2029-04-28,D382F9ABD9494129B4F4E55C52A6DDEF195953CD2C871A01A53F3CBFCA57C4F2,C0076B9EF0531FB1A656D67C4EBE97CD5DBAA41EF44598ACC2489878C92D8711
A013157,Unicom TLS RSA CA 2026,Intermediate Certificate,Trusted,2026-04-28,2029-04-28,6FF5FB96C87E5A384D61B25A5BDAE087F804DE20DDA876050CE10AC5018A5415,06C08D7DAFD876971EB1124FE67F847EC0C7A158D3EA53CBE940E2EA9791F4C3
A011057,Uniper SE SMIME CA,Intermediate Certificate,Trusted,2023-06-29,2033-06-28,43067D5EF78F7276DF9B23855BF54E8DDB7DEF0D8B79A365573D05627F0A6638,552F7BDCF1A7AF9E6CE672017F4F12ABF77240C78E761AC203D1D9D20AC89988
A011612,Uniper SMIME CA G2,Intermediate Certificate,Trusted,2024-05-15,2034-05-14,5828E5B8E043088CC15F16753F90D143212A875D1662757A7858D510228F0F3F,552F7BDCF1A7AF9E6CE672017F4F12ABF77240C78E761AC203D1D9D20AC89988
A007587,United Trust,Intermediate Certificate,Trusted,2021-02-24,2027-05-31,68FC6237C4B8722A1BDFB9583F728840A18BFCC3D6C6E1D6B0A307624577DBD0,9E852C59DFC6FD6ABD4E17EA80B5F4E56FC04192D107258D54DA8A92528670D6
A006977,University of Crete TLS RSA SubCA R1,Intermediate Certificate,Trusted,2020-03-24,2028-03-22,5DABDA046272EEC89ECB95A6297DBA910D0144F7EEB5814D073AE54A4A8CF646,A040929A02CE53B4ACF4F2FFC6981CE4496F755E6D45FE0B2A692BCD52523F36
A006764,University of Ioannina TLS RSA SubCA R1,Intermediate Certificate,Trusted,2020-01-21,2028-01-19,46727B90C5A5F73375082D9B1BC9F17B445F5020A95E37DFDF1EF20B287C5115,A040929A02CE53B4ACF4F2FFC6981CE4496F755E6D45FE0B2A692BCD52523F36
A006979,University of Macedonia TLS RSA SubCA R1,Intermediate Certificate,Trusted,2020-03-24,2028-03-22,6539235A5A1F94180C5233EAF8A5D67102DEAA16C0751AEF35B3E67CE5607F29,A040929A02CE53B4ACF4F2FFC6981CE4496F755E6D45FE0B2A692BCD52523F36
A006765,University of Patras TLS RSA SubCA R1,Intermediate Certificate,Trusted,2020-01-21,2028-01-19,673E34D7E1E6B25C187F391CC49138B4722A907E33F5B7487B613BB6DFE78909,A040929A02CE53B4ACF4F2FFC6981CE4496F755E6D45FE0B2A692BCD52523F36
A006973,University of Piraeus TLS RSA SubCA R1,Intermediate Certificate,Trusted,2020-03-24,2028-03-22,25EED131D7193597E48D4E36536CC5CFFBF9EB2042C62573AE8968D8A3695F1C,A040929A02CE53B4ACF4F2FFC6981CE4496F755E6D45FE0B2A692BCD52523F36
A007049,University of West Attica TLS RSA SubCA R1,Intermediate Certificate,Trusted,2020-05-20,2028-05-18,1E3349CD366A93E59EF4152A1E483DAC6076184C5D46D4CDA00E6093EFC9E6A3,A040929A02CE53B4ACF4F2FFC6981CE4496F755E6D45FE0B2A692BCD52523F36
A006983,University of Western Macedonia TLS RSA SubCA R1,Intermediate Certificate,Trusted,2020-03-24,2028-03-22,EFB44844F37EE6DE3FB4CC8D2C0C832FC8FEEBA9506237E0D1FC7AD4574A4CCA,A040929A02CE53B4ACF4F2FFC6981CE4496F755E6D45FE0B2A692BCD52523F36
A006761,University of the Aegean TLS RSA SubCA R1,Intermediate Certificate,Trusted,2020-01-21,2028-01-19,7E2C537397E7B8D9B24D87F304C96EA057A407CE11D0B66D99BA4B8A22BB1167,A040929A02CE53B4ACF4F2FFC6981CE4496F755E6D45FE0B2A692BCD52523F36
A006981,University of the Peloponnese TLS RSA SubCA R1,Intermediate Certificate,Trusted,2020-03-24,2028-03-22,1C9D3E8E0CF1E4F39C734D19E479AE971FC3066C000353A2B6AF32795A97EA1B,A040929A02CE53B4ACF4F2FFC6981CE4496F755E6D45FE0B2A692BCD52523F36
A007129,VMware Issuing SM,Intermediate Certificate,Trusted,2020-07-02,2030-07-02,2996B56FE08307B04F8963B83F4AFAC25F47C34B33C25DB399F3A850D158C9F1,7D05EBB682339F8C9451EE094EEBFEFA7953A114EDB2F44949452FAB7D2FC185
A011164,Valid Certificadora ECC DV SSL CA,Intermediate Certificate,Trusted,2023-08-02,2033-08-01,265FBBF5EA8612B964BDD232002040F5E5320FC358359318E216668DEDDC44CA,4FF460D54B9C86DABFBCFC5712E0400D2BED3FBC4D4FBDAA86E06ADCD2A9AD7A
A012750,Valid Certificadora ECC DV SSL CA 2,Intermediate Certificate,Trusted,2025-09-24,2035-09-23,9E249CB29241A095DF4EE535582F568A21A8D29742920DEADD29BA7AA323A6CE,C90F26F0FB1B4018B22227519B5CA2B53E2CA5B3BE5CF18EFE1BEF47380C5383
A011165,Valid Certificadora ECC EV SSL CA,Intermediate Certificate,Trusted,2023-08-02,2033-08-01,39118A120E7D36886AE632F6166B259EA9575EF1D09A4CBEC0E17D836C30DB05,4FF460D54B9C86DABFBCFC5712E0400D2BED3FBC4D4FBDAA86E06ADCD2A9AD7A
A012752,Valid Certificadora ECC EV SSL CA 2,Intermediate Certificate,Trusted,2025-09-24,2035-09-23,3311677406F43F0563B48EF841565287AD29B9A6F61168E3DF32AAA77BACDB0B,C90F26F0FB1B4018B22227519B5CA2B53E2CA5B3BE5CF18EFE1BEF47380C5383
A011166,Valid Certificadora ECC OV SSL CA,Intermediate Certificate,Trusted,2023-08-02,2033-08-01,736D5AA3DAC34C7A7988CEE0DEBF4F168E3E066217E5A838EA725808897F7332,4FF460D54B9C86DABFBCFC5712E0400D2BED3FBC4D4FBDAA86E06ADCD2A9AD7A
A012751,Valid Certificadora ECC OV SSL CA 2,Intermediate Certificate,Trusted,2025-09-24,2035-09-23,964C8F062FBCE6265B8DD20C62E3953AD9C05474305870469F82DF5A2EF825AE,C90F26F0FB1B4018B22227519B5CA2B53E2CA5B3BE5CF18EFE1BEF47380C5383
A011167,Valid Certificadora RSA DV SSL CA,Intermediate Certificate,Trusted,2023-08-02,2033-08-01,37D49D96D32D9BF868433EBCBCA72001B17EF59AF659FF1AAF316EA20C84A8FF,E793C9B02FD8AA13E21C31228ACCB08119643B749C898964B1746D46C3D4CBD2
A012746,Valid Certificadora RSA DV SSL CA 2,Intermediate Certificate,Trusted,2025-09-24,2035-09-23,79A3558FADA3EB2C36B5E7D1C2B5BFE4F889C6AE76AF45DD4EB86F4FFA19B760,7BB647A62AEEAC88BF257AA522D01FFEA395E0AB45C73F93F65654EC38F25A06
A011168,Valid Certificadora RSA EV SSL CA,Intermediate Certificate,Trusted,2023-08-02,2033-08-01,54126BB984B3E3635B91197633ECB4A898AF2FF0781A7F33E9297365DF6B3B0C,E793C9B02FD8AA13E21C31228ACCB08119643B749C898964B1746D46C3D4CBD2
A012748,Valid Certificadora RSA EV SSL CA 2,Intermediate Certificate,Trusted,2025-09-24,2035-09-23,F3C0BE55E207F0CE55FC213F476F6059447FF6BE578B6ED0314F9A378AA4B915,7BB647A62AEEAC88BF257AA522D01FFEA395E0AB45C73F93F65654EC38F25A06
A011169,Valid Certificadora RSA OV SSL CA,Intermediate Certificate,Trusted,2023-08-02,2033-08-01,CE7FCBEBACDD059E410DD7628B2326D7391960B7136CC00134B935CFE8B59771,E793C9B02FD8AA13E21C31228ACCB08119643B749C898964B1746D46C3D4CBD2
A012747,Valid Certificadora RSA OV SSL CA 2,Intermediate Certificate,Trusted,2025-09-24,2035-09-23,B190DC1084D34126E10DB2CA28DB83D11262D15A12BC4B7262A298A4B2A1EF35,7BB647A62AEEAC88BF257AA522D01FFEA395E0AB45C73F93F65654EC38F25A06
A011170,Valid Certificadora RSA Secure Email CA,Intermediate Certificate,Trusted,2023-08-02,2033-08-01,306FA9611D44DB0B8B6276C34C07A7C24E2CB0AA9512CF4AE1036E2223B65129,E793C9B02FD8AA13E21C31228ACCB08119643B749C898964B1746D46C3D4CBD2
A012749,Valid Certificadora RSA Secure Email CA 2,Intermediate Certificate,Trusted,2025-09-24,2035-09-23,0164CBAD580367435DAB104F3780D107455B74CF849F956B28496C5CCCB8EBA2,D5917A7791EB7CF20A2E57EB98284A67B28A57E89182DA53D546678C9FDE2B4F
A010107,Verokey Assured Business ID and Secure Email,Intermediate Certificate,Trusted,2022-03-17,2031-11-09,4D7DA8F7A331D30C8955C8F9A79CE75A109F2BA41969EEFF6C13A5475E1B9935,3E9099B5015E8F486C00BCEA9D111EE721FABA355A89BCF1DF69561E3DC6325C
A011436,Verokey Assured Business ID and Secure Email G2,Intermediate Certificate,Trusted,2024-01-30,2031-11-09,421D08ED8E5E01B538ED9789CCE47A453791A39A600941BD40B7123DD5285247,3E9099B5015E8F486C00BCEA9D111EE721FABA355A89BCF1DF69561E3DC6325C
A007810,Verokey Assured ID and Secure Email,Intermediate Certificate,Trusted,2021-06-25,2031-06-24,03375E02E15A4D8887A382E554A739928B827A4C1B5D2EE7A57A252E22117700,E793C9B02FD8AA13E21C31228ACCB08119643B749C898964B1746D46C3D4CBD2
A012230,Verokey ECC Domain Validation Secure Server CA 2,Intermediate Certificate,Trusted,2025-03-27,2035-03-26,EB6DE067B498AE0AA233984F2FEA003375EF116CB64BF69AF1B2817D95AB24F9,C90F26F0FB1B4018B22227519B5CA2B53E2CA5B3BE5CF18EFE1BEF47380C5383
A012232,Verokey ECC Extended Validation Secure Server CA 2,Intermediate Certificate,Trusted,2025-03-27,2035-03-26,06CB28A47912CE4179A8DB0311885F361D85C36BCA82459C5980516E2CAE8128,C90F26F0FB1B4018B22227519B5CA2B53E2CA5B3BE5CF18EFE1BEF47380C5383
A012231,Verokey ECC Organization Validation Secure Server CA 2,Intermediate Certificate,Trusted,2025-03-27,2035-03-26,B558989554D8D45FDEC5E807E45FD8488446661FA2897194D6C4C2AC51A4B1AA,C90F26F0FB1B4018B22227519B5CA2B53E2CA5B3BE5CF18EFE1BEF47380C5383
A007808,Verokey High Assurance Business,Intermediate Certificate,Trusted,2021-06-25,2031-06-24,D3419986A48765825D13B301547B27DC56A0ECD309198AFE9A7D7FAAD64969AA,E793C9B02FD8AA13E21C31228ACCB08119643B749C898964B1746D46C3D4CBD2
A007814,Verokey High Assurance Business (ECC),Intermediate Certificate,Trusted,2021-06-25,2031-06-24,82A1BBA2EBFEAEAE6C9D34E841A1A896377FE2D037DCA8A9DEFF7D38070398D6,4FF460D54B9C86DABFBCFC5712E0400D2BED3FBC4D4FBDAA86E06ADCD2A9AD7A
A010109,Verokey High Assurance Verified Business ECC,Intermediate Certificate,Trusted,2022-03-17,2032-03-16,34263E9424D819B94BCFA87E69DD9EF43205D4E2DE84A53497314063D822969B,31AD6648F8104138C738F39EA4320133393E3A18CC02296EF97C2AC9EF6731D0
A010110,Verokey High Assurance Verified Business G2,Intermediate Certificate,Trusted,2022-03-17,2032-03-16,BE89264A58313012B749603C9BEBC3CD7914DB716A49E5E0EA97E43A3883A5DF,552F7BDCF1A7AF9E6CE672017F4F12ABF77240C78E761AC203D1D9D20AC89988
A013302,Verokey High Assurance Verified Business G3,Intermediate Certificate,Trusted,2026-07-16,2036-07-15,24820DED011977F1819280981819B97A96D7D16415D102C3E6EF4CAB1FEF9A84,720BD4DA21AF8A76B9EF53FD01EAD227601F9513B3338DE06C997CA688492D34
A011758,Verokey High Assurance Verified Business SHA256,Intermediate Certificate,Trusted,2024-07-24,2034-07-23,A542DE4E6ECD35ABEB009EB5D5EC3887EC4371794BCF25CEEAE0E1881C51D5DD,CB3CCBB76031E5E0138F8DD39A23F9DE47FFC35E43C1144CEA27D46A5AB1CB5F
A012227,Verokey RSA Domain Validation Secure Server CA 2,Intermediate Certificate,Trusted,2025-03-27,2035-03-26,2C5B56AFFDA4C387D5B475A4D913C543E7A9BE37FB032F9B23B7D16899D7CEFE,7BB647A62AEEAC88BF257AA522D01FFEA395E0AB45C73F93F65654EC38F25A06
A012229,Verokey RSA Extended Validation Secure Server CA 2,Intermediate Certificate,Trusted,2025-03-27,2035-03-26,D7AE768CB9B4750FED64A570F1B11E28ECD8684E8208CB8C74183640E822999C,7BB647A62AEEAC88BF257AA522D01FFEA395E0AB45C73F93F65654EC38F25A06
A012228,Verokey RSA Organization Validation Secure Server CA 2,Intermediate Certificate,Trusted,2025-03-27,2035-03-26,901DBCB16DB64755D5C4FB8933F55BB459710CB52FBADACD5AA10AAEBB912AC2,7BB647A62AEEAC88BF257AA522D01FFEA395E0AB45C73F93F65654EC38F25A06
A010111,Verokey Secure Email,Intermediate Certificate,Trusted,2022-03-17,2031-11-09,0E6DDE73CC50DE243F83724F5635360556F0BB18FAB31266B046B55A0FBBAFE6,3E9099B5015E8F486C00BCEA9D111EE721FABA355A89BCF1DF69561E3DC6325C
A011435,Verokey Secure Email G2,Intermediate Certificate,Trusted,2024-01-30,2031-11-09,940444F98EA287D6F4853763AD6DEA123813BAB5705B71CA391714322269A4C0,3E9099B5015E8F486C00BCEA9D111EE721FABA355A89BCF1DF69561E3DC6325C
A007809,Verokey Secure Site,Intermediate Certificate,Trusted,2021-06-25,2031-06-24,65EB972CEB69E84A30446A2AAD8B3F79F0E8044270BDFA2E9B6AE5D2AD55189E,E793C9B02FD8AA13E21C31228ACCB08119643B749C898964B1746D46C3D4CBD2
A007813,Verokey Secure Site (ECC),Intermediate Certificate,Trusted,2021-06-25,2031-06-24,496F7549918CA64448FDEA1BA605AE3A8EDA377AD21CCED17E798586468B1A01,4FF460D54B9C86DABFBCFC5712E0400D2BED3FBC4D4FBDAA86E06ADCD2A9AD7A
A010113,Verokey Secure Web ECC,Intermediate Certificate,Trusted,2022-03-17,2032-03-16,BCFD2614E42D63C59691C3CE8BEC792DE2FCE89CED4F9C460D0A848573074FCB,31AD6648F8104138C738F39EA4320133393E3A18CC02296EF97C2AC9EF6731D0
A010114,Verokey Secure Web G2,Intermediate Certificate,Trusted,2022-03-17,2032-03-16,5EE5AAD704A8B698883F4029720C8FA1CB79C9FA3463CC24340629EBE6C5A62B,CB3CCBB76031E5E0138F8DD39A23F9DE47FFC35E43C1144CEA27D46A5AB1CB5F
A011759,Verokey Secure Web G3,Intermediate Certificate,Trusted,2024-07-24,2034-07-23,CB01BEAC6315F30EB675B19CA08DC249E73867B0DAFAB5A5C30631A2372B2E65,552F7BDCF1A7AF9E6CE672017F4F12ABF77240C78E761AC203D1D9D20AC89988
A007811,Verokey Verified Business,Intermediate Certificate,Trusted,2021-06-25,2031-06-24,49263D4AD84F392D7E92C4C2F2240405CC86FADF12B6BA60A774513C93C10186,E793C9B02FD8AA13E21C31228ACCB08119643B749C898964B1746D46C3D4CBD2
A007812,Verokey Verified Business (ECC),Intermediate Certificate,Trusted,2021-06-25,2031-06-24,C627355D5D7C032E8D056DFB252CE6C6C15495F7362D47AE5F7C92AFEB3B62B2,4FF460D54B9C86DABFBCFC5712E0400D2BED3FBC4D4FBDAA86E06ADCD2A9AD7A
A010116,Verokey Verified Business ECC,Intermediate Certificate,Trusted,2022-03-17,2032-03-16,F1ED3B35C92FA5DAAAA3DD45F99EBA3B823A2FB1C24A89CED1699D95E02564A2,31AD6648F8104138C738F39EA4320133393E3A18CC02296EF97C2AC9EF6731D0
A010117,Verokey Verified Business G2,Intermediate Certificate,Trusted,2022-03-17,2032-03-16,7EDBE6F8C49A1E3988CAADD438B72F07B6AF9CE751CF5835163161D63CAE4DDF,CB3CCBB76031E5E0138F8DD39A23F9DE47FFC35E43C1144CEA27D46A5AB1CB5F
A011760,Verokey Verified Business SHA256,Intermediate Certificate,Trusted,2024-07-24,2034-07-23,B10ED8C2C76C7C99FC175B23B8E78F3F0C15D197DF3AA2C87FF29E92414711E9,CB3CCBB76031E5E0138F8DD39A23F9DE47FFC35E43C1144CEA27D46A5AB1CB5F
A010847,"Vitalwerks Internet Solutions, No-IP TLS ICA",Intermediate Certificate,Trusted,2023-02-23,2033-02-22,2AE0626F9A43EDB2B0A22D410EB06C482EF982563A717A247287C504D79BF980,CB3CCBB76031E5E0138F8DD39A23F9DE47FFC35E43C1144CEA27D46A5AB1CB5F
A006796,Volvo Car Corporation CA,Intermediate Certificate,Trusted,2020-02-05,2030-02-05,B1D29BE013CF27982AAAB694785A3E9F5A169A682F8B8D38677694670C428288,7D05EBB682339F8C9451EE094EEBFEFA7953A114EDB2F44949452FAB7D2FC185
A011370,WE1,Intermediate Certificate,Trusted,2023-12-13,2029-02-20,1DFC1605FBAD358D8BC844F76D15203FAC9CA5C1A79FD4857FFAF2864FBEBF96,349DFA4058C5E263123B398AE795573C4E1313C83FE68F93556CD5E8031B3C7D
A011366,WE1,Intermediate Certificate,Trusted,2023-12-13,2029-02-20,A287FFAB762CC69A26D482037EDF701F653CE899025C62A7E5CB88BB9B419CBB,B085D70B964F191A73E4AF0D54AE7A0E07AAFDAF9B71DD0862138AB7325A24A2
A011367,WE2,Intermediate Certificate,Trusted,2023-12-13,2029-02-20,54F8CA858BCC7591F28D8DC3772E9BC581717F3A23A288BFD405939C36208DE5,B085D70B964F191A73E4AF0D54AE7A0E07AAFDAF9B71DD0862138AB7325A24A2
A011371,WE2,Intermediate Certificate,Trusted,2023-12-13,2029-02-20,9C3F2FD11C57D7C649AD5A0932C0F0D29756F6A0A1C74C43E1E89A62D64CD320,349DFA4058C5E263123B398AE795573C4E1313C83FE68F93556CD5E8031B3C7D
A011372,WE3,Intermediate Certificate,Trusted,2023-12-13,2029-02-20,9F819A4C876E12DC84E6FE0E37C1A69B137094B453FA98449398F4B71F4D0092,349DFA4058C5E263123B398AE795573C4E1313C83FE68F93556CD5E8031B3C7D
A011368,WE3,Intermediate Certificate,Trusted,2023-12-13,2029-02-20,54C660DA29D75FC81F07AD6DC8BB7AEE2258E071E8B1077544FA5622FF44C99D,B085D70B964F191A73E4AF0D54AE7A0E07AAFDAF9B71DD0862138AB7325A24A2
A011373,WE4,Intermediate Certificate,Trusted,2023-12-13,2029-02-20,D0C97E56C7B0BA812D944AD771F7799B5D4144A2327A4E416554F7EE2AA0AEAE,349DFA4058C5E263123B398AE795573C4E1313C83FE68F93556CD5E8031B3C7D
A011369,WE4,Intermediate Certificate,Trusted,2023-12-13,2029-02-20,9D5E86906A1680A86BE278CF76E3D2B62B775186101461D303CEE910D94CE13A,B085D70B964F191A73E4AF0D54AE7A0E07AAFDAF9B71DD0862138AB7325A24A2
A011380,WE5,Intermediate Certificate,Trusted,2023-12-13,2029-02-20,847409E63526F162753AC49F75218EFAAFA7D5C94ADE9095CE72E7F6B6E3AC99,34D8A73EE208D9BCDB0D956520934B4E40E69482596E8B6F73C8426B010A6F48
A002016,WISeKey CertifyID Advanced Services CA 4,Intermediate Certificate,Trusted,2016-02-10,2037-12-11,41144BD4174C3152E1CA526F77D9F9CE89DEBC4EBA6C778F815C21164B5101D3,41C923866AB4CAD6B7AD578081582E020797A6CBDF4FFF78CE8396B38937D7F5
A011589,WISeKey CertifyID Client ECC CA 1,Intermediate Certificate,Trusted,2024-02-20,2039-02-16,1F5233119B894DB95B4A3737397366457B566308CF8E30C4D2935EA7049013D0,D9A32485A8CCA85539CEF12FFFFF711378A17851D73DA2732AB4302D763BD62B
A011590,WISeKey CertifyID Client RSA CA 1,Intermediate Certificate,Trusted,2024-02-20,2039-02-16,41F8755AEE782FF08D8EBB579ABC33C93E9E5613FC146F86A86E012860B54ADA,D02A0F994A868C66395F2E7A880DF509BD0C29C96DE16015A0FD501EDA4F96A9
A007131,WISeKey CertifyID Personal GB CA 3,Intermediate Certificate,Trusted,2020-07-04,2039-12-01,E5937790AA6915755C9A532B10C9610A07C9877C7C60E1B819A294207A3786F5,6B9C08E86EB0F767CFAD65CD98B62149E5494A67F5845E7BD1ED019F27B86BD6
A007132,WISeKey CertifyID Personal GB CA 4,Intermediate Certificate,Trusted,2020-07-04,2035-07-04,8D45BF32C041A7EE46325F06AE604FAF7142DD99373DDB1EB74C70488A56FFB8,6B9C08E86EB0F767CFAD65CD98B62149E5494A67F5845E7BD1ED019F27B86BD6
A007130,WISeKey CertifyID SSL GB CA 2,Intermediate Certificate,Trusted,2020-07-04,2035-07-04,C8A610BA9417770D2C02DE22BCA8C56A428AF75E8E354EFA36C568221DDB7CFC,6B9C08E86EB0F767CFAD65CD98B62149E5494A67F5845E7BD1ED019F27B86BD6
A011459,WISeKey CertifyID SSL GC CA 1,Intermediate Certificate,Trusted,2024-02-20,2039-02-16,B05E05CFCBF81813EC30FA3F74920AA23FED367E147CC81E1121F64698449D0F,8560F91C3624DABA9570B5FEA0DBE36FF11A8323BE9486854FB3F34A5571198D
A011591,WISeKey CertifyID Server ECC CA 1,Intermediate Certificate,Trusted,2024-02-20,2039-02-16,042FCAA086492C92FB02A82AC957489E5C61E47B6E9A6901BBB548A8AC88A380,EEC997C0C30F216F7E3B8B307D2BAE42412D753FC8219DAFD1520B2572850F49
A013015,WISeKey CertifyID Server ECC CA 2,Intermediate Certificate,Trusted,2026-02-25,2029-02-24,4D9D5F52BBE26DB419698A4C7DDC268FBEF3A07915A712F0947FAAE96FB92E93,EEC997C0C30F216F7E3B8B307D2BAE42412D753FC8219DAFD1520B2572850F49
A011592,WISeKey CertifyID Server RSA CA 1,Intermediate Certificate,Trusted,2024-02-20,2039-02-16,AE70FF8A3E11C7F95C3BAB3C8FB55EF4CB06EB4559469E9B90ED6EF7FC6DDE4E,9AE36232A5189FFDDB353DFD26520C015395D22777DAC59DB57B98C089A651E6
A013021,WISeKey CertifyID Server RSA CA 2,Intermediate Certificate,Trusted,2026-02-25,2029-02-24,E5B02775C1430090A66450502C3A91AAE1264C2582FEE57C9E5CF9CE4D94C07D,9AE36232A5189FFDDB353DFD26520C015395D22777DAC59DB57B98C089A651E6
A011375,WR1,Intermediate Certificate,Trusted,2023-12-13,2029-02-20,B10B6F00E609509E8700F6D34687A2BFCE38EA05A8FDF1CDC40C3A2A0D0D0E45,D947432ABDE7B7FA90FC2E6B59101B1280E0E1C7E4E40FA3C6887FFF57A7F4CF
A011376,WR2,Intermediate Certificate,Trusted,2023-12-13,2029-02-20,E6FE22BF45E4F0D3B85C59E02C0F495418E1EB8D3210F788D48CD5E1CB547CD4,D947432ABDE7B7FA90FC2E6B59101B1280E0E1C7E4E40FA3C6887FFF57A7F4CF
A011377,WR3,Intermediate Certificate,Trusted,2023-12-13,2029-02-20,2FE357DB13751FF9160E87354975B3407498F41C9BD16A48657866E6E5A9B4C7,D947432ABDE7B7FA90FC2E6B59101B1280E0E1C7E4E40FA3C6887FFF57A7F4CF
A011378,WR4,Intermediate Certificate,Trusted,2023-12-13,2029-02-20,DC9416C2F855126D6DE977677538F2F967FF4998E90DFA435A17219BE077FC06,D947432ABDE7B7FA90FC2E6B59101B1280E0E1C7E4E40FA3C6887FFF57A7F4CF
A006573,WebNIC Assured ID CA,Intermediate Certificate,Trusted,2019-09-23,2029-09-22,7CB1F0F103D4EE82D9AD41F69023C594211F5285C394E87D54BF0474622C8265,52F0E1C4E58EC629291B60317F074671B85D7EA80D5B07273463534B32B40234
A006575,WebNIC ECC Business Secure Site CA,Intermediate Certificate,Trusted,2019-09-23,2029-09-22,04114A5423DA5CA7A0C78ADC8B63D8893E3343084E13367C1AF8324726ECFA73,1793927A0614549789ADCE2F8F34F7F0B66D0F3AE3A3B84D21EC15DBBA4FADC7
A006574,WebNIC ECC Domain Secure Site CA,Intermediate Certificate,Trusted,2019-09-23,2029-09-22,3EDBFFFC34EBA02E0DBA9CD119DBCF98D7497257377AF8BC6210D88100120A78,1793927A0614549789ADCE2F8F34F7F0B66D0F3AE3A3B84D21EC15DBBA4FADC7
A006576,WebNIC ECC Extended Validation Secure Site CA,Intermediate Certificate,Trusted,2019-09-23,2029-09-22,5FA49B36C72D03E42DAA4302500D646C948C87AC36ED30CC3DBDDBBE24C64633,1793927A0614549789ADCE2F8F34F7F0B66D0F3AE3A3B84D21EC15DBBA4FADC7
A006570,WebNIC RSA Business Secure Site CA,Intermediate Certificate,Trusted,2019-09-23,2029-09-22,48855C93594527339D98449689FAB7C315FF5465066C516C29DBDCF1853901D3,52F0E1C4E58EC629291B60317F074671B85D7EA80D5B07273463534B32B40234
A006569,WebNIC RSA Domain Secure Site CA,Intermediate Certificate,Trusted,2019-09-23,2029-09-22,668901E5764D7D9099ABC21348599D9FF36B916CA839B351E6875B18B16130BE,52F0E1C4E58EC629291B60317F074671B85D7EA80D5B07273463534B32B40234
A006571,WebNIC RSA Extended Validation Secure Site CA,Intermediate Certificate,Trusted,2019-09-23,2029-09-22,198E332F10FA0F58AF083AE964BC6441F06CD0FAD319B1235FE3ED0F7C6EAF93,52F0E1C4E58EC629291B60317F074671B85D7EA80D5B07273463534B32B40234
A004775,Wells Fargo Public Trust Certification Authority 01 G2,Intermediate Certificate,Trusted,2017-11-15,2027-11-15,CF7CFA4F9DBCCBCA6D20EFDEBEAD4E173B34E76BDA1EB1E619F44E06E95FC208,CB3CCBB76031E5E0138F8DD39A23F9DE47FFC35E43C1144CEA27D46A5AB1CB5F
A012893,WhiteSSL DV TLS G2 E36 CA,Intermediate Certificate,Trusted,2026-01-14,2036-01-02,436E0B7A910D045E7D87A00A320D66D7A4935D3C25EE906CA69CED227AB2CBF5,6B328085625318AA50D173C98D8BDA09D57E27413D114CF787A0F5D06C030CF6
A004410,WoSign DV SSL CA,Intermediate Certificate,Trusted,2017-05-18,2027-05-18,0330286DF3612C0E968DCD518A7A316D5E0790D1CA324B906B0EF017C0BE3EA7,5C58468D55F58E497E743982D2B50010B6D165374ACF83A7D4A32DB768C4408E
A004064,WoSign EV SSL CA,Intermediate Certificate,Trusted,2016-11-10,2026-11-10,C0AB07D9071A4CC1D34409178F8BCA058310A8B111DDCFA655658760226F50F9,5C58468D55F58E497E743982D2B50010B6D165374ACF83A7D4A32DB768C4408E
A004065,WoSign OV SSL CA,Intermediate Certificate,Trusted,2016-11-09,2026-11-09,C7F546F0C76C9A0DA9992E9884E6248B7CA2BB6ADE838BD7A03A8C41EE2A3064,5C58468D55F58E497E743982D2B50010B6D165374ACF83A7D4A32DB768C4408E
A005668,WoTrus DV SSL CA,Intermediate Certificate,Trusted,2018-04-17,2027-05-18,6970E396621417DCEE315AAC28BB5EA3161F175020F7F4E9BA17DADE58DBB08D,5C58468D55F58E497E743982D2B50010B6D165374ACF83A7D4A32DB768C4408E
A006144,WoTrus DV Server CA,Intermediate Certificate,Trusted,2019-02-27,2029-02-26,E36F165FF7739CD900A2562767B3EAFBE67A34C83C3A82F4C21D5F51C3ED191E,52F0E1C4E58EC629291B60317F074671B85D7EA80D5B07273463534B32B40234
A006744,WoTrus DV Server CA  [Run by the Issuer],Intermediate Certificate,Trusted,2020-01-08,2030-01-07,F8E3BF1EFE08EF700C4EDBFDC4FF319D58ECB780DFB0DDA7D51047B39B28718E,E793C9B02FD8AA13E21C31228ACCB08119643B749C898964B1746D46C3D4CBD2
A005670,WoTrus EV SSL CA,Intermediate Certificate,Trusted,2018-04-17,2027-05-18,EA6963696750564A228B3EB88E0FD4304C5DA27A7AF92D1D4199357A50078315,5C58468D55F58E497E743982D2B50010B6D165374ACF83A7D4A32DB768C4408E
A006746,WoTrus EV Server CA  [Run by the Issuer],Intermediate Certificate,Trusted,2020-01-08,2030-01-07,27EFE682C7479C38133A0943666FBC9103FCBB1A919634E439711CBEA7E3CFC7,E793C9B02FD8AA13E21C31228ACCB08119643B749C898964B1746D46C3D4CBD2
A005669,WoTrus OV SSL CA,Intermediate Certificate,Trusted,2018-04-17,2027-05-18,F6BF88B2A8DCD4FEB4015984EC2F1427C8017D140CF41F22EE689E0D6718012F,5C58468D55F58E497E743982D2B50010B6D165374ACF83A7D4A32DB768C4408E
A006745,WoTrus OV Server CA  [Run by the Issuer],Intermediate Certificate,Trusted,2020-01-08,2030-01-07,0ED9963E1BBA0417E1FC17BD38E92061F965113B921CB357F131F12F08534557,E793C9B02FD8AA13E21C31228ACCB08119643B749C898964B1746D46C3D4CBD2
A012621,WoTrus RSA DV SSL CA 2,Intermediate Certificate,Trusted,2025-08-20,2035-08-19,DB10CA90087DE9AA76AFBAF8453BF4EF39D7156D4DD8AD436DF8DC6EBD5CA9AF,7BB647A62AEEAC88BF257AA522D01FFEA395E0AB45C73F93F65654EC38F25A06
A012623,WoTrus RSA EV SSL CA 2,Intermediate Certificate,Trusted,2025-08-20,2035-08-19,B2DABC9CEB9D472D5BC642F4D54CE72748E0E900ECAAE3B7168D98C8FB7527D6,7BB647A62AEEAC88BF257AA522D01FFEA395E0AB45C73F93F65654EC38F25A06
A012622,WoTrus RSA OV SSL CA 2,Intermediate Certificate,Trusted,2025-08-20,2035-08-19,4B35D616F8727F462EE883E8411DDE27363E8509764C2F5104654FCF484E2B37,7BB647A62AEEAC88BF257AA522D01FFEA395E0AB45C73F93F65654EC38F25A06
A010378,Xcc Trust DV SSL CA,Intermediate Certificate,Trusted,2022-07-01,2027-06-30,B81D7010D7E495179BB5BB504223EF2EEF3056557EE3924533718169F1A670C8,5C58468D55F58E497E743982D2B50010B6D165374ACF83A7D4A32DB768C4408E
A010379,Xcc Trust OV SSL CA,Intermediate Certificate,Trusted,2022-07-01,2027-06-30,2628D65E94D62E57B6344C31B22920EDA316D9BE68EEF5EACC7362206B7DEAFA,5C58468D55F58E497E743982D2B50010B6D165374ACF83A7D4A32DB768C4408E
A010589,XinChaCha Trust Client,Intermediate Certificate,Trusted,2022-08-24,2032-08-23,8888FB2CF867B85B07968D540C4F2700045C1F954E63DEAFA614B77900D9388E,E793C9B02FD8AA13E21C31228ACCB08119643B749C898964B1746D46C3D4CBD2
A010591,XinChaCha Trust Client - ECC,Intermediate Certificate,Trusted,2022-08-24,2032-08-23,6F4504EABC24E8A53E8F7CAD1A3D9D85FACFC3DF59EF5611B94C0143BDEADF87,4FF460D54B9C86DABFBCFC5712E0400D2BED3FBC4D4FBDAA86E06ADCD2A9AD7A
A010587,XinChaCha Trust DV CA,Intermediate Certificate,Trusted,2022-08-24,2032-08-23,3D9316114671635DA0E9F8AD6F1D8F0B12532C97A5AF0719F849FEFC82B91502,E793C9B02FD8AA13E21C31228ACCB08119643B749C898964B1746D46C3D4CBD2
A010592,XinChaCha Trust DV CA - ECC,Intermediate Certificate,Trusted,2022-08-24,2032-08-23,63DBE67556DB017A41A12E60B912CE59DA5445FF68203CA91B94A4E2A45541B1,4FF460D54B9C86DABFBCFC5712E0400D2BED3FBC4D4FBDAA86E06ADCD2A9AD7A
A011641,XinChaCha Trust DV TLS G2 R34 CA,Intermediate Certificate,Trusted,2024-05-28,2034-05-16,B5C87A0B2239DAFE0A5285E340626269ACA5E90F57492C38E9050CA5D18BC21A,FE7696573855773E37A95E7AD4D9CC96C30157C15D31765BA9B15704E1AE78FD
A012961,XinChaCha Trust ECC DV SSL CA 2,Intermediate Certificate,Trusted,2026-02-04,2036-02-03,2015751BB91FE3217EDB167B6015C31263A68860D8B7F169CA302EF56DDAB6D5,C90F26F0FB1B4018B22227519B5CA2B53E2CA5B3BE5CF18EFE1BEF47380C5383
A012963,XinChaCha Trust ECC EV SSL CA 2,Intermediate Certificate,Trusted,2026-02-04,2036-02-03,D3C55B93369061B0CCBAA74F8142BD2A3570EA03C29C1C38953295F815F9949B,C90F26F0FB1B4018B22227519B5CA2B53E2CA5B3BE5CF18EFE1BEF47380C5383
A012962,XinChaCha Trust ECC OV SSL CA 2,Intermediate Certificate,Trusted,2026-02-04,2036-02-03,EA6ED0BF00D0C7E9F143D84F570E292DD1D631F9129D961BE2EC8ECC67FCFBB9,C90F26F0FB1B4018B22227519B5CA2B53E2CA5B3BE5CF18EFE1BEF47380C5383
A012964,XinChaCha Trust ECC Secure Email CA 2,Intermediate Certificate,Trusted,2026-02-04,2036-02-03,D272C2F28CB62DE55D0B4F2BFB02F5AE546B44754B7BABF61617780E7260CF91,22D9599234D60F1D4BC7C7E96F43FA555B07301FD475175089DAFB8C25E477B3
A010593,XinChaCha Trust EV CA,Intermediate Certificate,Trusted,2022-08-24,2032-08-23,668FBB257435CF6DC01339AF0B272AD15CF4676776A2861CDAF7B4B598BFF169,E793C9B02FD8AA13E21C31228ACCB08119643B749C898964B1746D46C3D4CBD2
A010590,XinChaCha Trust EV CA - ECC,Intermediate Certificate,Trusted,2022-08-24,2032-08-23,6A0B7E50404712521760A30BF44270EEAC8A602FE97AC36EAEA93A72FB3EA379,4FF460D54B9C86DABFBCFC5712E0400D2BED3FBC4D4FBDAA86E06ADCD2A9AD7A
A011643,XinChaCha Trust EV TLS G2 R34 CA,Intermediate Certificate,Trusted,2024-05-28,2034-05-16,D79F1F0C8141804B39D04B2592D57AFEBE74F9460654AFF491490DBB7C5A2D74,FE7696573855773E37A95E7AD4D9CC96C30157C15D31765BA9B15704E1AE78FD
A010595,XinChaCha Trust OV CA,Intermediate Certificate,Trusted,2022-08-24,2032-08-23,F07274D7FD0F2CC71BEBBAB0AE38C78A355E440A5CB71180365E38DD6D5483C3,E793C9B02FD8AA13E21C31228ACCB08119643B749C898964B1746D46C3D4CBD2
A010588,XinChaCha Trust OV CA - ECC,Intermediate Certificate,Trusted,2022-08-24,2032-08-23,143613DBECC6542100B246BF51952364CF7023C656F7067BB66D2D347DFB17C6,4FF460D54B9C86DABFBCFC5712E0400D2BED3FBC4D4FBDAA86E06ADCD2A9AD7A
A011644,XinChaCha Trust OV TLS G2 R34 CA,Intermediate Certificate,Trusted,2024-05-28,2034-05-16,B5D46DC027130E5CED3BE5083EB34028DD9230F4D5A36AD1924D21C0EF984CBA,FE7696573855773E37A95E7AD4D9CC96C30157C15D31765BA9B15704E1AE78FD
A012956,XinChaCha Trust RSA DV SSL CA 2,Intermediate Certificate,Trusted,2026-02-04,2036-02-03,DCC3F2DAC794463BA0EE149DC3374A130E8253C7F763D9B83A936C572B7077B1,7BB647A62AEEAC88BF257AA522D01FFEA395E0AB45C73F93F65654EC38F25A06
A012958,XinChaCha Trust RSA EV SSL CA 2,Intermediate Certificate,Trusted,2026-02-04,2036-02-03,A701EDB9D65BCF07BB720B0F24FA8EF6B0AA77DBAB6217CE2823C2DD15F6D4BD,7BB647A62AEEAC88BF257AA522D01FFEA395E0AB45C73F93F65654EC38F25A06
A012957,XinChaCha Trust RSA OV SSL CA 2,Intermediate Certificate,Trusted,2026-02-04,2036-02-03,33DE08064FB44C594FC5D2E8052CEE780D961DA43804AA77D43CBA9FE53F904B,7BB647A62AEEAC88BF257AA522D01FFEA395E0AB45C73F93F65654EC38F25A06
A012959,XinChaCha Trust RSA Secure Email CA 2,Intermediate Certificate,Trusted,2026-02-04,2036-02-03,2DB5F502BFDD8224E075572F84E01F08EE04F021A10BEAFC094ECCD133A46AD3,D5917A7791EB7CF20A2E57EB98284A67B28A57E89182DA53D546678C9FDE2B4F
A012009,XinNet DV TLS CA,Intermediate Certificate,Trusted,2024-12-17,2034-12-05,305EEB4EB23FBCE99276CD08CA51FECCE6E96786C87F5AD84804AAA1F15CF8A5,FE7696573855773E37A95E7AD4D9CC96C30157C15D31765BA9B15704E1AE78FD
A012818,XinNet DV TLS ECC CA 2025,Intermediate Certificate,Trusted,2025-10-21,2030-10-21,444B2CBD5E5C0FB1910525B5C99363B03B6496EA4A0ACD03A081DA9821FDFCB7,C0076B9EF0531FB1A656D67C4EBE97CD5DBAA41EF44598ACC2489878C92D8711
A012811,XinNet DV TLS RSA CA 2025,Intermediate Certificate,Trusted,2025-10-21,2030-10-21,6B44BD0934E37E144307D5DE3591344C81482DCA70D7D8D6ECB4F59802FC0F85,06C08D7DAFD876971EB1124FE67F847EC0C7A158D3EA53CBE940E2EA9791F4C3
A010596,XinNet ECC DV,Intermediate Certificate,Trusted,2022-08-26,2032-08-25,580FF2BBCB44D874025CEDAC187332E9FF9FFE5175BDF9D43BF1C52EC8D67B13,4FF460D54B9C86DABFBCFC5712E0400D2BED3FBC4D4FBDAA86E06ADCD2A9AD7A
A010599,XinNet ECC EV,Intermediate Certificate,Trusted,2022-08-26,2032-08-25,1221AAB60379E9FE79909AA108DC1C2D3FC312F671CB4BCDE01C4E67D7E7C08C,4FF460D54B9C86DABFBCFC5712E0400D2BED3FBC4D4FBDAA86E06ADCD2A9AD7A
A010600,XinNet ECC OV,Intermediate Certificate,Trusted,2022-08-26,2032-08-25,5A0268935CC510B44BFDFE3D4C2ACCDE487DDC091319A7858948E911AB5E44CA,4FF460D54B9C86DABFBCFC5712E0400D2BED3FBC4D4FBDAA86E06ADCD2A9AD7A
A012010,XinNet EV TLS CA,Intermediate Certificate,Trusted,2024-12-17,2034-12-05,44489A469C5CF8B2007E2E58125DDBC24F4186EF3B1C75C2B219DDE6A64FAA7F,FE7696573855773E37A95E7AD4D9CC96C30157C15D31765BA9B15704E1AE78FD
A012820,XinNet EV TLS ECC CA 2025,Intermediate Certificate,Trusted,2025-10-21,2030-10-21,CA87FC9758893E2F608966DE66EA5E6E8547046071A491807484E3BD0D9B8FD4,C0076B9EF0531FB1A656D67C4EBE97CD5DBAA41EF44598ACC2489878C92D8711
A012813,XinNet EV TLS RSA CA 2025,Intermediate Certificate,Trusted,2025-10-21,2030-10-21,8F2EE5A96CCD83A2B7FA82582A52B49AEFB1164B928F5E39A041288A6103DFD4,06C08D7DAFD876971EB1124FE67F847EC0C7A158D3EA53CBE940E2EA9791F4C3
A012011,XinNet OV TLS CA,Intermediate Certificate,Trusted,2024-12-17,2034-12-05,472CE6D110A5F3C58B6A34F307EFD5AF173402D6E25C109C455EE390A1C6E3C0,FE7696573855773E37A95E7AD4D9CC96C30157C15D31765BA9B15704E1AE78FD
A012819,XinNet OV TLS ECC CA 2025,Intermediate Certificate,Trusted,2025-10-21,2030-10-21,62B54213496E9101FFAFC8FAB3E68357F79A259F67F3D7860FA76754AF5BF0DB,C0076B9EF0531FB1A656D67C4EBE97CD5DBAA41EF44598ACC2489878C92D8711
A012812,XinNet OV TLS RSA CA 2025,Intermediate Certificate,Trusted,2025-10-21,2030-10-21,5F8E084A637F101975F29272DC35EEB0AFDE0F857B519FB558319DE700CA5EC2,06C08D7DAFD876971EB1124FE67F847EC0C7A158D3EA53CBE940E2EA9791F4C3
A010597,XinNet RSA DV,Intermediate Certificate,Trusted,2022-08-26,2032-08-25,9416C71FA3755CB6E7CDBBA039F630604D0171934F97824E8F3EAD4B2A8A5720,E793C9B02FD8AA13E21C31228ACCB08119643B749C898964B1746D46C3D4CBD2
A010598,XinNet RSA EV,Intermediate Certificate,Trusted,2022-08-26,2032-08-25,B9AF33FA426F2C8B1983856A5F91FC0D28EC930D1419888FC30DF5FB4DE7615F,E793C9B02FD8AA13E21C31228ACCB08119643B749C898964B1746D46C3D4CBD2
A010601,XinNet RSA OV,Intermediate Certificate,Trusted,2022-08-26,2032-08-25,34EBDE3775FC63B6E80F0E47EB0A2E268F7FE4EFF512DD41118D8405027475FE,E793C9B02FD8AA13E21C31228ACCB08119643B749C898964B1746D46C3D4CBD2
A011089,Xinnet DV SSL,Intermediate Certificate,Trusted,2023-07-05,2028-07-05,9C53902F9501F6D89766999DBE2AD1A1436420B652535CDC2DC51CCFE2FFEE68,9BEA11C976FE014764C1BE56A6F914B5A560317ABD9988393382E5161AA0493C
A012285,Xinnet DV TLS RSA CA G2,Intermediate Certificate,Trusted,2025-04-27,2035-04-27,CC379B3FC6555754C11696364926F828A1FAFED714C9AD9203227174E7603BBA,9BEA11C976FE014764C1BE56A6F914B5A560317ABD9988393382E5161AA0493C
A011088,Xinnet OV SSL,Intermediate Certificate,Trusted,2023-07-05,2028-07-05,3C07D7EFC8D458F668C10D4F06F90503CCD25D59E2B3F1D58B32884D9E4E3809,9BEA11C976FE014764C1BE56A6F914B5A560317ABD9988393382E5161AA0493C
A012282,Xinnet OV TLS RSA CA G2,Intermediate Certificate,Trusted,2025-04-27,2035-04-27,D0AEB66EF3649A73FA1F8A0317DB54C61257A7F4A14D1112BE742B5EB63F6622,9BEA11C976FE014764C1BE56A6F914B5A560317ABD9988393382E5161AA0493C
A012684,YE1,Intermediate Certificate,Trusted,2025-09-03,2028-09-02,A2372D06431E9716365EEED47EC020351497D182FCC038E457E58168A03CAC07,E14FFCAD5B0025731006CAA43A121A22D8E9700F4FB9CF852F02A708AA5D5666
A012685,YE2,Intermediate Certificate,Trusted,2025-09-03,2028-09-02,97658DE8C68DFA98ACE1E5028A63D54A1AAE911B3E21471076C6850CD08CBAB4,E14FFCAD5B0025731006CAA43A121A22D8E9700F4FB9CF852F02A708AA5D5666
A012686,YE3,Intermediate Certificate,Trusted,2025-09-03,2028-09-02,82BCFC482CC19F71E6F98F4A027616EBDA6D47096D408B336160D1C0EF8B995A,E14FFCAD5B0025731006CAA43A121A22D8E9700F4FB9CF852F02A708AA5D5666
A012687,YR1,Intermediate Certificate,Trusted,2025-09-03,2028-09-02,13949634D99CD6FD6AA80BC034FEFACCEB1969FEEF986586713ECDBB05758D3F,E57B7E6F150C419102E8D5C055729FF967B9D1A829BF00CEC89CA604EBF4A86F
A012688,YR2,Intermediate Certificate,Trusted,2025-09-03,2028-09-02,238B85A0099C65B970477D5724F1A1D475CE5058CFFE4EFA8733899BDB863C47,E57B7E6F150C419102E8D5C055729FF967B9D1A829BF00CEC89CA604EBF4A86F
A012689,YR3,Intermediate Certificate,Trusted,2025-09-03,2028-09-02,35500CB63B8D9769528D65D87220F51C069807A595ACBF2FB6ECA38FBE0A4BD2,E57B7E6F150C419102E8D5C055729FF967B9D1A829BF00CEC89CA604EBF4A86F
A007537,Yekta Domain Validated SSL CA 1,Intermediate Certificate,Trusted,2021-01-20,2027-05-31,3818995B28A090D83A61667117D50C77C1F1DC7A137680F2E55CE755314F2D0A,9E852C59DFC6FD6ABD4E17EA80B5F4E56FC04192D107258D54DA8A92528670D6
A007538,Yekta Organization Validated SSL CA 1,Intermediate Certificate,Trusted,2021-01-20,2027-05-31,17F08A4F5DC38C49BB17DCD64B2CE742CFEAB99BE5B67DBC14C2E896771C60E1,9E852C59DFC6FD6ABD4E17EA80B5F4E56FC04192D107258D54DA8A92528670D6
A011281,ZDNS ECC DV SSL CA,Intermediate Certificate,Trusted,2023-10-26,2033-10-25,E95EF2C74714C4F557B76EF2CFEBC3779F5011CDF572A2316D43357CCBF34896,4FF460D54B9C86DABFBCFC5712E0400D2BED3FBC4D4FBDAA86E06ADCD2A9AD7A
A011283,ZDNS ECC EV SSL CA,Intermediate Certificate,Trusted,2023-10-26,2033-10-25,F8E11AB7F833BBE93BD13BBED3E30A3EABA9E34A4510E344ABC93404C26D1801,4FF460D54B9C86DABFBCFC5712E0400D2BED3FBC4D4FBDAA86E06ADCD2A9AD7A
A011282,ZDNS ECC OV SSL CA,Intermediate Certificate,Trusted,2023-10-26,2033-10-25,3DC272BDEE4E4604D498732C28C026963E3CB21DF198A29DB9428578B2447DA1,4FF460D54B9C86DABFBCFC5712E0400D2BED3FBC4D4FBDAA86E06ADCD2A9AD7A
A011278,ZDNS RSA DV SSL CA,Intermediate Certificate,Trusted,2023-10-26,2033-10-25,3CC2C132FC23B5AC675F89F81974105208D1EAA3FB61B40615FEA2A6868E7DF9,E793C9B02FD8AA13E21C31228ACCB08119643B749C898964B1746D46C3D4CBD2
A011280,ZDNS RSA EV SSL CA,Intermediate Certificate,Trusted,2023-10-26,2033-10-25,41C29F80B918EF9605CDDCEBDBDB2683C310C5CF0AA7D8EBF6788393501E90B9,E793C9B02FD8AA13E21C31228ACCB08119643B749C898964B1746D46C3D4CBD2
A011279,ZDNS RSA OV SSL CA,Intermediate Certificate,Trusted,2023-10-26,2033-10-25,24D072DEA5EF54FD6AB3AFB5F27BA337727DE7128D009E07EE6FD3FF19F2D89B,E793C9B02FD8AA13E21C31228ACCB08119643B749C898964B1746D46C3D4CBD2
A011494,ZIPAIR-Public-CA-G2,Intermediate Certificate,Trusted,2024-03-13,2029-03-12,3762B847AC53E454AF86A2ECC3E328B2696F370AECDA70C726B6A877FF266252,7D05EBB682339F8C9451EE094EEBFEFA7953A114EDB2F44949452FAB7D2FC185
A006810,ZeroSSL ECC Business Secure Site CA,Intermediate Certificate,Trusted,2020-01-30,2030-01-29,B5F4C5D185A8C87C78B6F67DFDCFD4E1BBB073E77A264455DA961DD9BE91D1CE,4FF460D54B9C86DABFBCFC5712E0400D2BED3FBC4D4FBDAA86E06ADCD2A9AD7A
A012743,ZeroSSL ECC DV SSL CA 2,Intermediate Certificate,Trusted,2025-09-24,2035-09-23,BEC84FCE0DAA423F3B3EED38EA48066CC5618F5244AD65CD9F8624A813FA4C3D,C90F26F0FB1B4018B22227519B5CA2B53E2CA5B3BE5CF18EFE1BEF47380C5383
A006811,ZeroSSL ECC Domain Secure Site CA,Intermediate Certificate,Trusted,2020-01-30,2030-01-29,5DD661D3CB33B5005CBED045A223DDC4445AAA41D1ACB5DF700884CAD9BA4195,4FF460D54B9C86DABFBCFC5712E0400D2BED3FBC4D4FBDAA86E06ADCD2A9AD7A
A012745,ZeroSSL ECC EV SSL CA 2,Intermediate Certificate,Trusted,2025-09-24,2035-09-23,57547A979F1032E7AE83ACAE1ED2CB0F7BC306EB4A52731E2AB7EDBE736D9D63,C90F26F0FB1B4018B22227519B5CA2B53E2CA5B3BE5CF18EFE1BEF47380C5383
A006812,ZeroSSL ECC EV Secure Site CA,Intermediate Certificate,Trusted,2020-01-30,2030-01-29,D24195C61F9CDA8562CD75E95565197097BD74DFC07CE2D1DF41488B699DC5E9,4FF460D54B9C86DABFBCFC5712E0400D2BED3FBC4D4FBDAA86E06ADCD2A9AD7A
A012744,ZeroSSL ECC OV SSL CA 2,Intermediate Certificate,Trusted,2025-09-24,2035-09-23,678715AE869ECF5290C49F78062392F6CB58CFF0969763EABA70401BE768109F,C90F26F0FB1B4018B22227519B5CA2B53E2CA5B3BE5CF18EFE1BEF47380C5383
A006807,ZeroSSL RSA Business Secure Site CA,Intermediate Certificate,Trusted,2020-01-30,2030-01-29,36195E76D65598888B05E3899F2112A9C5BEB678155EB815C3371CCBA7C37819,E793C9B02FD8AA13E21C31228ACCB08119643B749C898964B1746D46C3D4CBD2
A012740,ZeroSSL RSA DV SSL CA 2,Intermediate Certificate,Trusted,2025-09-24,2035-09-23,EC9D6BCAB9818B7DD59ED61DA23A658A96A9C4E950EDEE0D2DA93E7CF2174780,7BB647A62AEEAC88BF257AA522D01FFEA395E0AB45C73F93F65654EC38F25A06
A006808,ZeroSSL RSA Domain Secure Site CA,Intermediate Certificate,Trusted,2020-01-30,2030-01-29,21ACC1DBD6944F9AC18C782CB5C328D6C2821C6B63731FA3B8987F5625DE8A0D,E793C9B02FD8AA13E21C31228ACCB08119643B749C898964B1746D46C3D4CBD2
A012742,ZeroSSL RSA EV SSL CA 2,Intermediate Certificate,Trusted,2025-09-24,2035-09-23,578F51AC17E704DBBC0373FCA9CA15312C4E6917042509DB4E0E449B097F1144,7BB647A62AEEAC88BF257AA522D01FFEA395E0AB45C73F93F65654EC38F25A06
A006809,ZeroSSL RSA EV Secure Site CA,Intermediate Certificate,Trusted,2020-01-30,2030-01-29,3F3B0D6A207C50A5829F1B1FE1C6BC3B66106085774614C12227B766728ED2AE,E793C9B02FD8AA13E21C31228ACCB08119643B749C898964B1746D46C3D4CBD2
A012741,ZeroSSL RSA OV SSL CA 2,Intermediate Certificate,Trusted,2025-09-24,2035-09-23,288B5BE19685AB20D28EACAEA7CA65E3E005AAD37797F3435095CB2B93AE9303,7BB647A62AEEAC88BF257AA522D01FFEA395E0AB45C73F93F65654EC38F25A06
A007922,ZoTrus Client CA,Intermediate Certificate,Trusted,2021-09-13,2031-09-12,8328829116390913F0CF7D1810DD84B41FA0B493D421C3F192D39CBF55C5B27A,E793C9B02FD8AA13E21C31228ACCB08119643B749C898964B1746D46C3D4CBD2
A007920,ZoTrus DV SSL CA,Intermediate Certificate,Trusted,2021-09-13,2031-09-12,0AC9FE8438B1FE2FC676416DC976AE8FAA977BCC485D7CA69FAD2C7EBFDCEA5B,E793C9B02FD8AA13E21C31228ACCB08119643B749C898964B1746D46C3D4CBD2
A012319,ZoTrus DV TLS ECC CA 1,Intermediate Certificate,Trusted,2025-05-07,2035-05-05,FF93C10D46B63242394B8891C398A156D20B81F0B918EE52EB9F539126C80D97,5D1BC399274E649E1C72697DE91A54AD725088C5221CB61E17EE9C290BC42A92
A010036,ZoTrus ECC DV SSL CA,Intermediate Certificate,Trusted,2022-01-11,2032-01-10,7CF634F5FAFE9DDCC88B36D6B1E7EBFB7078034D64419E7C678335E56D823421,4FF460D54B9C86DABFBCFC5712E0400D2BED3FBC4D4FBDAA86E06ADCD2A9AD7A
A012954,ZoTrus ECC DV SSL CA 2,Intermediate Certificate,Trusted,2026-02-04,2036-02-03,3E5028950D05210C26E71131B618781F9C27660BBB429D61AD163C347DF92E81,C90F26F0FB1B4018B22227519B5CA2B53E2CA5B3BE5CF18EFE1BEF47380C5383
A010038,ZoTrus ECC EV SSL CA,Intermediate Certificate,Trusted,2022-01-11,2032-01-10,4F4D8CF5E75FF7ADDF677A026A0EFDB243C202DE4D7F446040E5CBEA2CE03D54,4FF460D54B9C86DABFBCFC5712E0400D2BED3FBC4D4FBDAA86E06ADCD2A9AD7A
A010037,ZoTrus ECC OV SSL CA,Intermediate Certificate,Trusted,2022-01-11,2032-01-10,0D63204836ECCA89EFBF4776B8EBC328008131B95D70A927AFE6F0E1E9AED488,4FF460D54B9C86DABFBCFC5712E0400D2BED3FBC4D4FBDAA86E06ADCD2A9AD7A
A007921,ZoTrus EV SSL CA,Intermediate Certificate,Trusted,2021-09-13,2031-09-12,ACFCC02431F4CB82F552C43BBDF8FA0214A5315C73B82CAEFAADB104DE251360,E793C9B02FD8AA13E21C31228ACCB08119643B749C898964B1746D46C3D4CBD2
A012318,ZoTrus EV TLS ECC CA 1,Intermediate Certificate,Trusted,2025-05-07,2035-05-05,1B18C2641FABBF87AF6B1ADEED01D5F234FB1032A70ABF7C36FEAE7A06C10F3C,4CF773F955FDB7A97DB1250F2FD7BA36075A96166BB5CC417B5C021D0F70ADF2
A007919,ZoTrus OV SSL CA,Intermediate Certificate,Trusted,2021-09-13,2031-09-12,F14A7D2427AD0A01B4D7FD79D8D50772D2526E252425F8A09C3037FDFA635F5A,E793C9B02FD8AA13E21C31228ACCB08119643B749C898964B1746D46C3D4CBD2
A012317,ZoTrus OV TLS ECC CA 1,Intermediate Certificate,Trusted,2025-05-07,2035-05-05,689164A2B9F03C0E5E4D616CB1F453BDD5FC1A3D1C6ED93568C83A3812A7FC20,0DA999DF66FD21CAFF5E1376ABAD37B4FD2C8AA69B25A3F60794E6F3AA47D98B
A011575,ZoTrus RSA DV SSL CA,Intermediate Certificate,Trusted,2024-04-14,2034-04-14,69C25861236502F0C223443FD851A2FB6ACB745BB814AD72BB2E50867C52C3BB,9BEA11C976FE014764C1BE56A6F914B5A560317ABD9988393382E5161AA0493C
A011585,ZoTrus RSA DV SSL CA G1,Intermediate Certificate,Trusted,2024-04-27,2034-04-27,E7EF1AD946214B32AF03CC287930D0464ED2C086D7A1447C6E27FC9217D4E16B,9BEA11C976FE014764C1BE56A6F914B5A560317ABD9988393382E5161AA0493C
A011576,ZoTrus RSA OV SSL CA,Intermediate Certificate,Trusted,2024-04-14,2034-04-14,219C59CCD06D0210ADCF6E8125700D1578F69A0670A07FD9DDE99E4AC82524CD,9BEA11C976FE014764C1BE56A6F914B5A560317ABD9988393382E5161AA0493C
A011586,ZoTrus RSA OV SSL CA G1,Intermediate Certificate,Trusted,2024-04-27,2034-04-27,3EC123D71DB27AE1DC8F877286C222F4C4167A2AE4FD7BCF370789EF4A9521B8,9BEA11C976FE014764C1BE56A6F914B5A560317ABD9988393382E5161AA0493C
A011603,ZoTrus RSA Secure Email CA 2,Intermediate Certificate,Trusted,2024-05-01,2034-04-30,E090D357F57E9C5BECB627C685D923331700D1F7EDD72FEC57562C0C00D50A27,D5917A7791EB7CF20A2E57EB98284A67B28A57E89182DA53D546678C9FDE2B4F
A012331,ZoTrus S/MIME RSA CA 1,Intermediate Certificate,Trusted,2025-05-07,2033-05-05,1EF9EB00D2C0D39C315F2585C6A8C2EF7B50CA126BF363E31177BF402E61D613,C3251AB91CC593221FE36D9D5701A5AC531532AFEA816976611F5180995FDDCB
A010285,ZwTrus Client CA,Intermediate Certificate,Trusted,2022-06-06,2032-06-05,C90F5F9BA11E1370818E71F62752476A66916BFBAC29D8F0D155AB7A620D091B,E793C9B02FD8AA13E21C31228ACCB08119643B749C898964B1746D46C3D4CBD2
A010281,ZwTrus DV SSL CA,Intermediate Certificate,Trusted,2022-06-06,2032-06-05,CDE09F4F8C8B8339BF505B5A5222219A4BF49E5373ED060A278B5EE54F1F017F,E793C9B02FD8AA13E21C31228ACCB08119643B749C898964B1746D46C3D4CBD2
A010289,ZwTrus ECC Client CA,Intermediate Certificate,Trusted,2022-06-06,2032-06-05,ADB1D9561FF1C7D6FB704C8DBF8D59862D37BDA89DB0CEA7D1FD347B3637B953,4FF460D54B9C86DABFBCFC5712E0400D2BED3FBC4D4FBDAA86E06ADCD2A9AD7A
A010286,ZwTrus ECC DV SSL CA,Intermediate Certificate,Trusted,2022-06-06,2032-06-05,5953CDFEA3BEDB37E30DE889C3F6D06E000752A305E0E0FC6F544FEE248B325A,4FF460D54B9C86DABFBCFC5712E0400D2BED3FBC4D4FBDAA86E06ADCD2A9AD7A
A010288,ZwTrus ECC EV SSL CA,Intermediate Certificate,Trusted,2022-06-06,2032-06-05,F6BE748B438846F3F520190836F17527EEC709DBA71C9B32F81968ECC0254757,4FF460D54B9C86DABFBCFC5712E0400D2BED3FBC4D4FBDAA86E06ADCD2A9AD7A
A010287,ZwTrus ECC OV SSL CA,Intermediate Certificate,Trusted,2022-06-06,2032-06-05,D945DF5D4917ABA0C63C25AB54410F6DF9BD5D1E1A3843040369981925928F82,4FF460D54B9C86DABFBCFC5712E0400D2BED3FBC4D4FBDAA86E06ADCD2A9AD7A
A010283,ZwTrus EV SSL CA,Intermediate Certificate,Trusted,2022-06-06,2032-06-05,B9B64892D0AD47192C13F15DACCF5BA2041BB39F3041A80FAAAD6FC6C52A8A50,E793C9B02FD8AA13E21C31228ACCB08119643B749C898964B1746D46C3D4CBD2
A010282,ZwTrus OV SSL CA,Intermediate Certificate,Trusted,2022-06-06,2032-06-05,67B7A670E0BE073455222463655FB90C0C2F129B0A3505A28D01475AA9A479A4,E793C9B02FD8AA13E21C31228ACCB08119643B749C898964B1746D46C3D4CBD2
A011429,cPanel ECC Domain Validation Secure Server CA 3,Intermediate Certificate,Trusted,2024-01-31,2034-01-30,51BD8C23F31269463859C1D5BA099A26BA965D94A0F6AF573F95E1976F1C67E0,C90F26F0FB1B4018B22227519B5CA2B53E2CA5B3BE5CF18EFE1BEF47380C5383
A012620,cPanel ECC Extended Validation Secure Server CA 3,Intermediate Certificate,Trusted,2025-08-20,2035-08-19,CDC8FEAB8DD21BAEB4604B8DA3AAF758695C2316AB65CDF8AE9AD6572CC1EBC7,C90F26F0FB1B4018B22227519B5CA2B53E2CA5B3BE5CF18EFE1BEF47380C5383
A012619,cPanel ECC Organization Validation Secure Server CA 3,Intermediate Certificate,Trusted,2025-08-20,2035-08-19,34634DBD0002CF8C4B89707131FEDE72EF2B2F199DFF116B9B3AAD88DFC1BB14,C90F26F0FB1B4018B22227519B5CA2B53E2CA5B3BE5CF18EFE1BEF47380C5383
A004093,cPanel Extended Validation ECC Certification Authority,Intermediate Certificate,Trusted,2016-12-13,2026-12-13,DF653085C8ED5F844CBB09161B8AE0BF2F36822F937BF7BB1A689C6FC8BD579A,1793927A0614549789ADCE2F8F34F7F0B66D0F3AE3A3B84D21EC15DBBA4FADC7
A004091,cPanel Extended Validation RSA Certification Authority,Intermediate Certificate,Trusted,2016-12-13,2026-12-13,7F07C12FFF4653D6BB65F9CCFD1A0E9EE466884EB077277BB9BB45D76243CC22,52F0E1C4E58EC629291B60317F074671B85D7EA80D5B07273463534B32B40234
A004092,cPanel High Assurance ECC Certification Authority,Intermediate Certificate,Trusted,2016-12-13,2026-12-13,EEA152CCF7517E16513206B71C17E204FA4007C26C36051EC67DF4C947463CF8,1793927A0614549789ADCE2F8F34F7F0B66D0F3AE3A3B84D21EC15DBBA4FADC7
A004090,cPanel High Assurance RSA Certification Authority,Intermediate Certificate,Trusted,2016-12-13,2026-12-13,690EF214BC114EF1D726BD7EF03E546CD6CB7BE5BC23FACD391263BFFB57970A,52F0E1C4E58EC629291B60317F074671B85D7EA80D5B07273463534B32B40234
A011428,cPanel RSA Domain Validation Secure Server CA 3,Intermediate Certificate,Trusted,2024-01-31,2034-01-30,A1F3784BEA99641368CD355C1E45AF2DE3157473139AE86A1EC515E2031A6C3F,7BB647A62AEEAC88BF257AA522D01FFEA395E0AB45C73F93F65654EC38F25A06
A012618,cPanel RSA Extended Validation Secure Server CA 3,Intermediate Certificate,Trusted,2025-08-20,2035-08-19,FFFB54DF1EE98D0BB62FE6E84F38BC5ED9FC874E02013BE3C00A3183FBF53951,7BB647A62AEEAC88BF257AA522D01FFEA395E0AB45C73F93F65654EC38F25A06
A012617,cPanel RSA Organization Validation Secure Server CA 3,Intermediate Certificate,Trusted,2025-08-20,2035-08-19,579B30B379E274EA058A116D85E44E4A8ED4A9984637938019860E61EED6FC21,7BB647A62AEEAC88BF257AA522D01FFEA395E0AB45C73F93F65654EC38F25A06
A005980,"cPanel, Inc. Certification Authority 2",Intermediate Certificate,Trusted,2018-12-03,2028-12-02,92C748ECD127AE6055B1808464F3BB113CC51AE0073591B3681EC527C617CC80,E793C9B02FD8AA13E21C31228ACCB08119643B749C898964B1746D46C3D4CBD2
A012276,cerschool OV TLS RSA CA G1,Intermediate Certificate,Trusted,2025-04-27,2035-04-27,04E6B9EAF5EC01A370AD3DFD527E8BB622E3C28C1484EACDB3D2D06DD8F5244E,9BEA11C976FE014764C1BE56A6F914B5A560317ABD9988393382E5161AA0493C
A012920,certSIGN Web CA,Intermediate Certificate,Trusted,2026-01-21,2027-02-06,F21BEF91DDDBB3544D445AB7FF448149545823AC627EFBDCAC2BC6F823AC38C4,657CFE2FA73FAA38462571F332A2363A46FCE7020951710702CDFBB6EEDA3305
A012921,certSIGN Web CA G2,Intermediate Certificate,Trusted,2026-01-21,2033-01-21,0E49BEDBD09341D646EB65CEE9F2F1EE6C8F88BEAA906979A49D1616FC9C03EA,657CFE2FA73FAA38462571F332A2363A46FCE7020951710702CDFBB6EEDA3305
A013101,certSIGN Web CA G4 DV,Intermediate Certificate,Trusted,2026-04-09,2032-09-08,640A4C1279C7BD0A1EF3A230BB03976ECD48F6E9FF31FF4084300D26C3BA0CEC,657CFE2FA73FAA38462571F332A2363A46FCE7020951710702CDFBB6EEDA3305
A012764,certSIGN Web CA G4 DV,Intermediate Certificate,Trusted,2025-09-09,2032-09-08,E4A5781C0711132F5ADA796BB398F03EDA5E66BA47BB895D4969BCE35526A6BD,DA45C759287024D825E94E7964B80D0557BC84CCBCB4BAC8267066F2AED48725
A012766,certSIGN Web CA G4 EV,Intermediate Certificate,Trusted,2025-09-09,2032-09-08,A8BCFFB66A517C68442A5E2EAD033584DB58CA5AB09B19B17C822E82D39ED1B2,DA45C759287024D825E94E7964B80D0557BC84CCBCB4BAC8267066F2AED48725
A013103,certSIGN Web CA G4 EV,Intermediate Certificate,Trusted,2026-04-09,2032-09-08,F74DB322F987A9705C522AA8A3F646DD28EDF505E340C58626BAC0596BA4DE9D,657CFE2FA73FAA38462571F332A2363A46FCE7020951710702CDFBB6EEDA3305
A012765,certSIGN Web CA G4 OV,Intermediate Certificate,Trusted,2025-09-09,2032-09-08,B810CE939B2D63B1BB1927C9D25C0A8F24C98D05DCA9BC6199023AAFAB01923F,DA45C759287024D825E94E7964B80D0557BC84CCBCB4BAC8267066F2AED48725
A013102,certSIGN Web CA G4 OV,Intermediate Certificate,Trusted,2026-04-09,2032-09-08,4B3BF92C22283B526F7B526C068CE8F3331C12AFEAD3207834C8C94C181D7034,657CFE2FA73FAA38462571F332A2363A46FCE7020951710702CDFBB6EEDA3305
A010583,cnTrus Client,Intermediate Certificate,Trusted,2022-08-24,2032-08-23,CDA1086879F99D1F4199789C034E7D313F02CFDDF3338E15EAB786DC374B3052,E793C9B02FD8AA13E21C31228ACCB08119643B749C898964B1746D46C3D4CBD2
A010586,cnTrus Client - ECC,Intermediate Certificate,Trusted,2022-08-24,2032-08-23,0B461FC077482B83E101E4E9D8379A0D34D7584E516C4F9809080F0CEF1D48EF,4FF460D54B9C86DABFBCFC5712E0400D2BED3FBC4D4FBDAA86E06ADCD2A9AD7A
A010582,cnTrus DV SSL - ECC,Intermediate Certificate,Trusted,2022-08-24,2032-08-23,FC30420D68C17C839F3B946EBDB101BF72C64C9E96658C1F3E357E6AD8AACAE2,4FF460D54B9C86DABFBCFC5712E0400D2BED3FBC4D4FBDAA86E06ADCD2A9AD7A
A010576,cnTrus DV SSL CA,Intermediate Certificate,Trusted,2022-08-24,2032-08-23,5B7DA1144D260CB10BF295571C093D506FD2379FDE8710692B8C04BB981A86D4,E793C9B02FD8AA13E21C31228ACCB08119643B749C898964B1746D46C3D4CBD2
A012970,cnTrus ECC DV SSL CA 2,Intermediate Certificate,Trusted,2026-02-04,2036-02-03,7969D8F0CF8C369DF82D318D82D4E2D9FDED95842FA3D7A548B9652B72749F6A,C90F26F0FB1B4018B22227519B5CA2B53E2CA5B3BE5CF18EFE1BEF47380C5383
A012972,cnTrus ECC EV SSL CA 2,Intermediate Certificate,Trusted,2026-02-04,2036-02-03,E315CE7477C0CE1874C489F027BB01DDCFBAD7D067B942F11E4C76EE59B72C13,C90F26F0FB1B4018B22227519B5CA2B53E2CA5B3BE5CF18EFE1BEF47380C5383
A012971,cnTrus ECC OV SSL CA 2,Intermediate Certificate,Trusted,2026-02-04,2036-02-03,D3C8F9F195680A574CFC84828222CDFEF9EE24D1FE63ABA10015CA6ECFBFBA46,C90F26F0FB1B4018B22227519B5CA2B53E2CA5B3BE5CF18EFE1BEF47380C5383
A012973,cnTrus ECC Secure Email CA 2,Intermediate Certificate,Trusted,2026-02-04,2036-02-03,7B93BDDEC1A3E9CC1CCE92A35A44512628ABCE12F4887F4B6B4815B1B4400208,22D9599234D60F1D4BC7C7E96F43FA555B07301FD475175089DAFB8C25E477B3
A010585,cnTrus EV SSL - ECC,Intermediate Certificate,Trusted,2022-08-24,2032-08-23,6F7C6DE02919DFF6F68859E6FB57A02151BBEF7ECFCCFF9A598130496B5A7539,4FF460D54B9C86DABFBCFC5712E0400D2BED3FBC4D4FBDAA86E06ADCD2A9AD7A
A010578,cnTrus EV SSL CA,Intermediate Certificate,Trusted,2022-08-24,2032-08-23,02CE16235A88B97D61A7C16FF5146E4F7BA580881ADC22650033698B4912C939,E793C9B02FD8AA13E21C31228ACCB08119643B749C898964B1746D46C3D4CBD2
A010584,cnTrus OV SSL - ECC,Intermediate Certificate,Trusted,2022-08-24,2032-08-23,16F6798651D5EDB6EEC6F952CE0879F8F42CBE8537B33409A79CA49CDBBCFF99,4FF460D54B9C86DABFBCFC5712E0400D2BED3FBC4D4FBDAA86E06ADCD2A9AD7A
A010577,cnTrus OV SSL CA,Intermediate Certificate,Trusted,2022-08-24,2032-08-23,9924E6FC0E55A9F0FFA998298F30100C1A2B38014CE4B1377D08C42EE4243763,E793C9B02FD8AA13E21C31228ACCB08119643B749C898964B1746D46C3D4CBD2
A012965,cnTrus RSA DV SSL CA 2,Intermediate Certificate,Trusted,2026-02-04,2036-02-03,F659B59D5BFEC06DF86BE2D7978D55CA540FE603E7257EBB740280648AF5C3EF,7BB647A62AEEAC88BF257AA522D01FFEA395E0AB45C73F93F65654EC38F25A06
A012967,cnTrus RSA EV SSL CA 2,Intermediate Certificate,Trusted,2026-02-04,2036-02-03,D35D20A84887BEF2FF6164911BFB0A4246475B94022E1ADAC27D8CA202F8805E,7BB647A62AEEAC88BF257AA522D01FFEA395E0AB45C73F93F65654EC38F25A06
A012966,cnTrus RSA OV SSL CA 2,Intermediate Certificate,Trusted,2026-02-04,2036-02-03,F369A2A7F1CF3ABD1B5F8C68BC528B4976CE5E47AD9C4B4AE90AE9F69078B4CE,7BB647A62AEEAC88BF257AA522D01FFEA395E0AB45C73F93F65654EC38F25A06
A012968,cnTrus RSA Secure Email CA 2,Intermediate Certificate,Trusted,2026-02-04,2036-02-03,CB4DB2DD96FC0055A97ABC83CB4875C797D6A83E0DB4FD7A3442239F34C72E66,D5917A7791EB7CF20A2E57EB98284A67B28A57E89182DA53D546678C9FDE2B4F
A010276,cnWebTrust Client,Intermediate Certificate,Trusted,2022-06-06,2032-06-05,9D913DBCE26C78BA5566B397B951995962CB21188AB7441218F54F375EBF0941,E793C9B02FD8AA13E21C31228ACCB08119643B749C898964B1746D46C3D4CBD2
A010280,cnWebTrust Client - ECC,Intermediate Certificate,Trusted,2022-06-06,2032-06-05,EEFCBAEB86D003EC1B12FE6A8A2A7C8531F3BDCE64D913893F38BAF9AA2316B1,4FF460D54B9C86DABFBCFC5712E0400D2BED3FBC4D4FBDAA86E06ADCD2A9AD7A
A010272,cnWebTrust DV CA,Intermediate Certificate,Trusted,2022-06-06,2032-06-05,35E3A189177A66860D43453DEA17EF74EE6B72477B0E539DA1D23D2577B6EBBA,E793C9B02FD8AA13E21C31228ACCB08119643B749C898964B1746D46C3D4CBD2
A010277,cnWebTrust DV CA - ECC,Intermediate Certificate,Trusted,2022-06-06,2032-06-05,1212E82C76BE77DE743AA91C55FDB3F45544D8CEB9CF6496BD0EAC7ACECAE91F,4FF460D54B9C86DABFBCFC5712E0400D2BED3FBC4D4FBDAA86E06ADCD2A9AD7A
A012979,cnWebTrust ECC DV SSL CA 2,Intermediate Certificate,Trusted,2026-02-04,2036-02-03,CB19B5773D79401BDE5DEFA70CA7B7682884A8EE61766A3EB6ACB1DF2B22B248,C90F26F0FB1B4018B22227519B5CA2B53E2CA5B3BE5CF18EFE1BEF47380C5383
A012981,cnWebTrust ECC EV SSL CA 2,Intermediate Certificate,Trusted,2026-02-04,2036-02-03,1C3A2402E220F18DC7BF812F753183BE4F59E0A830B77E65CC0E5708D3EF16E2,C90F26F0FB1B4018B22227519B5CA2B53E2CA5B3BE5CF18EFE1BEF47380C5383
A012980,cnWebTrust ECC OV SSL CA 2,Intermediate Certificate,Trusted,2026-02-04,2036-02-03,89B13FF3EA81B650BF72F850269D6AC6BBA49B5091A13F6F7CE3F31C0B426DF8,C90F26F0FB1B4018B22227519B5CA2B53E2CA5B3BE5CF18EFE1BEF47380C5383
A012982,cnWebTrust ECC Secure Email CA 2,Intermediate Certificate,Trusted,2026-02-04,2036-02-03,632DFEB223355AE7E3A7D9EC2BA4AB97400331704F0A50534AD482763B995AF1,22D9599234D60F1D4BC7C7E96F43FA555B07301FD475175089DAFB8C25E477B3
A010274,cnWebTrust EV CA,Intermediate Certificate,Trusted,2022-06-06,2032-06-05,697854EB0E9A4779E62ACA1247F58796CC534D549AAFE61D1EFB8A969724F458,E793C9B02FD8AA13E21C31228ACCB08119643B749C898964B1746D46C3D4CBD2
A010279,cnWebTrust EV CA - ECC,Intermediate Certificate,Trusted,2022-06-06,2032-06-05,CE15F4CB63B8945D12D556BD566B40A9A4F62ABD96CD19654AB826541A47584C,4FF460D54B9C86DABFBCFC5712E0400D2BED3FBC4D4FBDAA86E06ADCD2A9AD7A
A010273,cnWebTrust OV CA,Intermediate Certificate,Trusted,2022-06-06,2032-06-05,4D12DB3CC927B260DBF8F27649F0AED05110043033E709344F263930A9EB5631,E793C9B02FD8AA13E21C31228ACCB08119643B749C898964B1746D46C3D4CBD2
A010278,cnWebTrust OV CA - ECC,Intermediate Certificate,Trusted,2022-06-06,2032-06-05,86E87F5CA3AA9638D32173E6DC1DE5919FE633CD970329D33F696501C073F5BD,4FF460D54B9C86DABFBCFC5712E0400D2BED3FBC4D4FBDAA86E06ADCD2A9AD7A
A012974,cnWebTrust RSA DV SSL CA 2,Intermediate Certificate,Trusted,2026-02-04,2036-02-03,9B9A748DB188E2D106DDA8F0D4C64B99377AD04CA4EC195434B6479AA54D38BF,7BB647A62AEEAC88BF257AA522D01FFEA395E0AB45C73F93F65654EC38F25A06
A012976,cnWebTrust RSA EV SSL CA 2,Intermediate Certificate,Trusted,2026-02-04,2036-02-03,14E3A078D1C76AFCF3AF6FAA03FFEA252BB1BBF0651203583C609C9C8E377E94,7BB647A62AEEAC88BF257AA522D01FFEA395E0AB45C73F93F65654EC38F25A06
A012975,cnWebTrust RSA OV SSL CA 2,Intermediate Certificate,Trusted,2026-02-04,2036-02-03,E1533EA2AD1E5B497ED168434380B76A0F8EB80AA626B45A00FCAD294B9EBD63,7BB647A62AEEAC88BF257AA522D01FFEA395E0AB45C73F93F65654EC38F25A06
A012977,cnWebTrust RSA Secure Email CA 2,Intermediate Certificate,Trusted,2026-02-04,2036-02-03,29DD279620E069BEF5C85B2C5D85A0389AB98A23FCB98CC5CB2DC7F1A88A7666,D5917A7791EB7CF20A2E57EB98284A67B28A57E89182DA53D546678C9FDE2B4F
A010943,cyber_Folks,Intermediate Certificate,Trusted,2023-05-15,2027-05-20,35F8CC89610508BC16BD332DA543964698C72D67895FEB4E068BEA5E06686457,9E852C59DFC6FD6ABD4E17EA80B5F4E56FC04192D107258D54DA8A92528670D6
A006090,e-Szigno Class2 CA 2017,Intermediate Certificate,Trusted,2017-09-17,2042-08-22,42DC827F46FB5E85DFFAE47D3C690F501ECE25D575D597A50D8F878FA42AFCEA,BEB00B30839B9BC32C32E4447905950641F26421B15ED089198B518AE2EA1B99
A006094,e-Szigno Class2 SSL CA 2017,Intermediate Certificate,Trusted,2017-09-17,2042-08-22,2A0E3F2A77A80DCBE5CD52D50D65076EBD37FAD531DB10D6A1385A557F7B725D,BEB00B30839B9BC32C32E4447905950641F26421B15ED089198B518AE2EA1B99
A012146,e-Szigno Class2 SSL CA 2017,Intermediate Certificate,Trusted,2025-02-12,2028-02-12,AB5719FE2CAC8FA5F97A1AE086D863C3D9A1023359299882C4AFA81E207BB1CA,3C5F81FEA5FAB82C64BFA2EAECAFCDE8E077FC8620A7CAE537163DF36EDBF378
A006088,e-Szigno Class3 CA 2017,Intermediate Certificate,Trusted,2017-09-17,2042-08-22,4F83842F1F04AB1E04D4D8E751666FCA82E5191CAFC24062BFD1FE77C02CA4B4,BEB00B30839B9BC32C32E4447905950641F26421B15ED089198B518AE2EA1B99
A006093,e-Szigno Class3 SSL CA 2017,Intermediate Certificate,Trusted,2017-09-17,2042-08-22,BCBC18C463B61F3A033B10C74974ED8A2C328AFCD67A338D9871506A3515419F,BEB00B30839B9BC32C32E4447905950641F26421B15ED089198B518AE2EA1B99
A012147,e-Szigno Class3 SSL CA 2017,Intermediate Certificate,Trusted,2025-02-12,2028-02-12,8D2EC30151183E520CCF6AACCDB74565324F9CE6043C87C268BD26FEC197908F,3C5F81FEA5FAB82C64BFA2EAECAFCDE8E077FC8620A7CAE537163DF36EDBF378
A012452,e-Szigno DV TLS CA 2023,Intermediate Certificate,Trusted,2025-05-30,2028-05-29,9B9EE27704A2DF34063ABDD64C2B882861DD87885A3128405EB5EDE0B733D053,B49141502D00663D740F2E7EC340C52800962666121A36D09CF7DD2B90384FB4
A012148,e-Szigno DV TLS CA 2023,Intermediate Certificate,Trusted,2025-02-12,2028-02-12,2E3A5E1D3D84EA50D278DA47907914049082B5ECAA10175E10CA7FA8FC381B74,3C5F81FEA5FAB82C64BFA2EAECAFCDE8E077FC8620A7CAE537163DF36EDBF378
A012043,e-Szigno DV TLS CA 2025,Intermediate Certificate,Trusted,2025-01-06,2028-01-05,C6F243A392D070CB49DC86BAC322AF384D3B82C381DED867EC17CC564CD95C8D,328CDF63622AFB8A3FBC1347FD3389F918DA4A33F80AF34522D34B5BDA9CCB82
A012046,e-Szigno DV TLS CA 2025,Intermediate Certificate,Trusted,2025-01-06,2028-01-05,9BD81C0752E0C4DBC839D22268C59FD25C819992C039A9BC3736B2E178E145BA,3C5F81FEA5FAB82C64BFA2EAECAFCDE8E077FC8620A7CAE537163DF36EDBF378
A013048,e-Szigno DV TLS CA 2026,Intermediate Certificate,Trusted,2026-03-18,2029-03-17,243F58613E1D1F45DE482FD77BF57BBA1C92FF7596CBC3E020450499541F2BDB,B49141502D00663D740F2E7EC340C52800962666121A36D09CF7DD2B90384FB4
A012149,e-Szigno OV TLS CA 2023,Intermediate Certificate,Trusted,2025-02-12,2028-02-12,BC75DB1DF88E0A11C1D432BC31CCF3369CDFBBC48BEDAC9AC41F31F03DEDE8A0,3C5F81FEA5FAB82C64BFA2EAECAFCDE8E077FC8620A7CAE537163DF36EDBF378
A012451,e-Szigno OV TLS CA 2023,Intermediate Certificate,Trusted,2025-05-30,2028-05-29,663E65EB4EB152A8266A1BF475108B73ABC90BC8AD98B58BE16234B281279796,B49141502D00663D740F2E7EC340C52800962666121A36D09CF7DD2B90384FB4
A012041,e-Szigno OV TLS CA 2025,Intermediate Certificate,Trusted,2025-01-06,2028-01-05,097A48703C2E9D3607AC07B19A5D9948F3436AEFBE342A1835F0C725F52B5260,328CDF63622AFB8A3FBC1347FD3389F918DA4A33F80AF34522D34B5BDA9CCB82
A012045,e-Szigno OV TLS CA 2025,Intermediate Certificate,Trusted,2025-01-06,2028-01-05,D733903EBB84E2175FA1B8971840DFABF630B2C0C434D6DC9045DD19B3B95482,3C5F81FEA5FAB82C64BFA2EAECAFCDE8E077FC8620A7CAE537163DF36EDBF378
A013049,e-Szigno OV TLS CA 2026,Intermediate Certificate,Trusted,2026-03-18,2029-03-17,AD2AADACA897DEA22B889DDB381143049AD9975C0819B49350D6219019358A68,B49141502D00663D740F2E7EC340C52800962666121A36D09CF7DD2B90384FB4
A006092,e-Szigno Online SSL CA 2017,Intermediate Certificate,Trusted,2017-09-17,2042-08-22,974B82076154CEFF56ED4DB562186F7394A02FF387AA205D6367A8B08FF7FAA0,BEB00B30839B9BC32C32E4447905950641F26421B15ED089198B518AE2EA1B99
A012150,e-Szigno Online SSL CA 2017,Intermediate Certificate,Trusted,2025-02-12,2028-02-12,5576394132B1074F4FB58AC5AD59CABA10FD69D783D1747C94C00551992C9134,3C5F81FEA5FAB82C64BFA2EAECAFCDE8E077FC8620A7CAE537163DF36EDBF378
A006091,e-Szigno Pseudonymous CA 2017,Intermediate Certificate,Trusted,2017-09-17,2042-08-22,6A6F2FA13B2D9DBBB409802002D3370672760A2178D9B8D5694D660474231FA4,BEB00B30839B9BC32C32E4447905950641F26421B15ED089198B518AE2EA1B99
A006083,e-Szigno Qualified CA 2017,Intermediate Certificate,Trusted,2017-09-17,2042-08-22,5ABE5818F6D02F05106C6C355540E1BE217C2354B535CF2507BF8515E1A6044A,BEB00B30839B9BC32C32E4447905950641F26421B15ED089198B518AE2EA1B99
A006084,e-Szigno Qualified Organization CA 2017,Intermediate Certificate,Trusted,2017-09-17,2042-08-22,12EA26F6EEEFEC76AB8592545403AB88515B00E275D9888713407A86FC5C7FD7,BEB00B30839B9BC32C32E4447905950641F26421B15ED089198B518AE2EA1B99
A006086,e-Szigno Qualified Pseudonymous CA 2017,Intermediate Certificate,Trusted,2017-09-17,2042-08-22,1648CE4AB1BB65C485CB2236C768FABB865147D426915B92AFBCA81E9B2EE3BC,BEB00B30839B9BC32C32E4447905950641F26421B15ED089198B518AE2EA1B99
A006085,e-Szigno Qualified QCP CA 2017,Intermediate Certificate,Trusted,2017-09-17,2042-08-22,6081BEE5B0DF191AC4E265AC0F6F7899F078B8C89F06055AE166AF91DF70D6E0,BEB00B30839B9BC32C32E4447905950641F26421B15ED089198B518AE2EA1B99
A011972,e-Szigno Qualified SMIME CA 2023,Intermediate Certificate,Trusted,2024-07-31,2042-07-13,BD042314382B35B39FEF05E417E0801001596536D35651F1013A5158AAD41560,7A422EC237B4DA7D326C232278F6DBE329B0C9ED5A56AAFCC110A8BC83ED0A96
A012152,e-Szigno Qualified SMIME CA 2023,Intermediate Certificate,Trusted,2025-02-12,2028-02-12,6E6D7A29D18E69699D8A25B29F28957B79202EE01CB12A6A12AF6F67C1A0999B,3C5F81FEA5FAB82C64BFA2EAECAFCDE8E077FC8620A7CAE537163DF36EDBF378
A011248,e-Szigno Qualified SMIME CA 2023,Intermediate Certificate,Trusted,2023-09-18,2042-08-21,A40938BABD88FF42144B611298E90B3426194099152C49EAA4A8A6EAF42D2DD2,BEB00B30839B9BC32C32E4447905950641F26421B15ED089198B518AE2EA1B99
A006087,e-Szigno Qualified TLS CA 2018,Intermediate Certificate,Trusted,2018-07-31,2042-08-22,7DF800075F5203C017364E81195A9AC9FF00C507D64A70F737D8D3E8CB3F0845,BEB00B30839B9BC32C32E4447905950641F26421B15ED089198B518AE2EA1B99
A012153,e-Szigno Qualified TLS CA 2018,Intermediate Certificate,Trusted,2025-02-12,2028-02-12,23596672BF5A6C554737EF12C544FE88793F76C3C1F3CDE19B6A25D90C0E2042,3C5F81FEA5FAB82C64BFA2EAECAFCDE8E077FC8620A7CAE537163DF36EDBF378
A012450,e-Szigno Qualified TLS CA 2023,Intermediate Certificate,Trusted,2025-05-30,2028-05-29,2F419E32E54AF3A3F9BBC9CCF0B9D3AEB3D996D27CDB7891340DB1338DA3DB65,B49141502D00663D740F2E7EC340C52800962666121A36D09CF7DD2B90384FB4
A012154,e-Szigno Qualified TLS CA 2023,Intermediate Certificate,Trusted,2025-02-12,2028-02-12,D00EC5B7B56EF27F65335C0B680B80D7DD1408FF7FD9E985F3184B1C6D0E8BB3,3C5F81FEA5FAB82C64BFA2EAECAFCDE8E077FC8620A7CAE537163DF36EDBF378
A012044,e-Szigno Qualified TLS CA 2025,Intermediate Certificate,Trusted,2025-01-06,2028-01-05,4EF7E47B30C08FCB1692B9B7A6D8F3A9E341C00FB5D4F58716BFB37DEA6437CC,3C5F81FEA5FAB82C64BFA2EAECAFCDE8E077FC8620A7CAE537163DF36EDBF378
A012040,e-Szigno Qualified TLS CA 2025,Intermediate Certificate,Trusted,2025-01-06,2028-01-05,930F2575D4893C0761533AD83442A22C025905C5F3ED6118953EC5A6D846E05F,328CDF63622AFB8A3FBC1347FD3389F918DA4A33F80AF34522D34B5BDA9CCB82
A013047,e-Szigno Qualified TLS CA 2026,Intermediate Certificate,Trusted,2026-03-18,2029-03-17,CBBA5AFBB7E493C2D1EDFBB3B162394BFCEC0345A66DC1A167B203D534FBC15F,B49141502D00663D740F2E7EC340C52800962666121A36D09CF7DD2B90384FB4
A012574,e-Szigno RSA DV TLS CA 2025,Intermediate Certificate,Trusted,2025-07-30,2028-07-29,1A0943C7348DCDF008C0B952A4F676C6EE4037DBA7FB7040BAC79550FA1DA439,A01C4F8F68112FA9DAC50B96809A791480168C8ACB9E51C5482D8D3819688557
A013044,e-Szigno RSA DV TLS CA 2026,Intermediate Certificate,Trusted,2026-03-18,2029-03-17,13623DB5995C969B3B55A6E0AE7B6EB5B8AAC1452F649487F344EF920FFC8A5A,A01C4F8F68112FA9DAC50B96809A791480168C8ACB9E51C5482D8D3819688557
A012575,e-Szigno RSA OV TLS CA 2025,Intermediate Certificate,Trusted,2025-07-30,2028-07-29,C99F52ACF9022A44A37F5B3A6C270F8C545363B30B81A07264987CE7BB1BF865,A01C4F8F68112FA9DAC50B96809A791480168C8ACB9E51C5482D8D3819688557
A013045,e-Szigno RSA OV TLS CA 2026,Intermediate Certificate,Trusted,2026-03-18,2029-03-17,57E738508FA3B08211FEFF1E8D351509A98D5C955FDF973593C7F3C075125EC0,A01C4F8F68112FA9DAC50B96809A791480168C8ACB9E51C5482D8D3819688557
A013046,e-Szigno RSA Qualified TLS CA 2026,Intermediate Certificate,Trusted,2026-03-18,2029-03-17,399CC6D3D41B81F582139244B6B5D8F09E95E571030A6277F8F4051B2E17AF66,A01C4F8F68112FA9DAC50B96809A791480168C8ACB9E51C5482D8D3819688557
A013324,e-Szigno RSA TLS Root CA 2025,Intermediate Certificate,Trusted,2026-07-22,2038-07-16,23D2D00DE33B4B927DABCEF720A36EADB659E79625DBCE5336BE62D0AFCB92AA,B49141502D00663D740F2E7EC340C52800962666121A36D09CF7DD2B90384FB4
A012576,e-Szigno RSA TLS Root CA 2025,Intermediate Certificate,Trusted,2025-07-30,2029-12-30,53B6A499FCC6C04A18A56B574584484072E4A306E07B4DD72D31B105453A1300,3C5F81FEA5FAB82C64BFA2EAECAFCDE8E077FC8620A7CAE537163DF36EDBF378
A012155,e-Szigno SMIME CA 2023,Intermediate Certificate,Trusted,2025-02-12,2028-02-12,F49F1A6386E921E78F40FECE225635246586666E3BAD3E0FA047BCC9769B06FF,3C5F81FEA5FAB82C64BFA2EAECAFCDE8E077FC8620A7CAE537163DF36EDBF378
A011973,e-Szigno SMIME CA 2023,Intermediate Certificate,Trusted,2024-07-31,2042-07-13,1215546B2B1D0A60EA0FE6F6389566E0AD69CE38D9EF41EC15395828D2F8FD6C,7A422EC237B4DA7D326C232278F6DBE329B0C9ED5A56AAFCC110A8BC83ED0A96
A011111,e-Szigno SMIME CA 2023,Intermediate Certificate,Trusted,2023-07-19,2042-08-21,EDFB8A183C13D1B2530F8DE9BC5F0AAEBC7145DECA4FB5094A40B2F6A3987A7C,BEB00B30839B9BC32C32E4447905950641F26421B15ED089198B518AE2EA1B99
A000897,e-Szigno SSL CA 2014,Intermediate Certificate,Trusted,2014-07-08,2029-12-29,EAC241C0440A36830111383336BC20CAC7409C20F6E88D4F84F4827BE919E338,3C5F81FEA5FAB82C64BFA2EAECAFCDE8E077FC8620A7CAE537163DF36EDBF378
A013043,e-Szigno TLS Root CA 2023,Intermediate Certificate,Trusted,2026-03-18,2029-12-30,35328CDA9F14FEB62AC0CCAEE1B10101FD6F44ADD85A51311EA174FD361F4613,3C5F81FEA5FAB82C64BFA2EAECAFCDE8E077FC8620A7CAE537163DF36EDBF378
A006357,eMudhra ECC Domain Validation Secure Server CA,Intermediate Certificate,Trusted,2019-05-14,2029-05-13,18FCE092FA3DDE4554223AE79B0C499A20F4114C363079D23D8EAFDC96739369,4FF460D54B9C86DABFBCFC5712E0400D2BED3FBC4D4FBDAA86E06ADCD2A9AD7A
A006358,eMudhra ECC Extended Validation Secure Server CA,Intermediate Certificate,Trusted,2019-05-14,2029-05-13,67BBD91446D3ADEF9B21C0576996DCD8E6668D6B0C133F076B91FA71CEE6B428,4FF460D54B9C86DABFBCFC5712E0400D2BED3FBC4D4FBDAA86E06ADCD2A9AD7A
A006359,eMudhra ECC Organization Validation Secure Server CA,Intermediate Certificate,Trusted,2019-05-14,2029-05-13,742640AC67F8D71B2C47775074AD8C60BAE2C0123AB18354C24C171932D86183,4FF460D54B9C86DABFBCFC5712E0400D2BED3FBC4D4FBDAA86E06ADCD2A9AD7A
A006353,eMudhra RSA Client Authentication and Secure Email CA,Intermediate Certificate,Trusted,2019-05-14,2029-05-13,25B749D722B0FC884E69CF5A7EAA1B0B1FEF1E259D6D07F08B798E6FEF823E02,E793C9B02FD8AA13E21C31228ACCB08119643B749C898964B1746D46C3D4CBD2
A006354,eMudhra RSA Domain Validation Secure Server CA,Intermediate Certificate,Trusted,2019-05-14,2029-05-13,5048DBABF41BD9EF7D5009405F41B6771AC888DE3EAC90B3058F555964B7E45F,E793C9B02FD8AA13E21C31228ACCB08119643B749C898964B1746D46C3D4CBD2
A006355,eMudhra RSA Extended Validation Secure Server CA,Intermediate Certificate,Trusted,2019-05-14,2029-05-13,45C28BE4342F072CD6219698C3EF2AC6DBA73F19E04DACF2044D2F6993E342B4,E793C9B02FD8AA13E21C31228ACCB08119643B749C898964B1746D46C3D4CBD2
A006356,eMudhra RSA Organization Validation Secure Server CA,Intermediate Certificate,Trusted,2019-05-14,2029-05-13,57C0788E51D7BD14470CF9E4F37D33FBC104C77501EBD957166D14F44C516C30,E793C9B02FD8AA13E21C31228ACCB08119643B749C898964B1746D46C3D4CBD2
A005785,emSign Class 1 CA - C1,Intermediate Certificate,Trusted,2018-02-18,2033-02-18,0EF7B863FAABC384A694FF632DAAF9BD31CED23E9246559A59ECD7472754CCE6,125609AA301DA0A249B97A8239CB6A34216F44DCAC9F3954B14292F2E8C8608F
A005787,emSign Class 2 CA - C1,Intermediate Certificate,Trusted,2018-02-18,2033-02-18,05B30B3FC44F8575334BD812EF9FA8A52A75743E19BC35A5BE3912ECA62C4669,125609AA301DA0A249B97A8239CB6A34216F44DCAC9F3954B14292F2E8C8608F
A005786,emSign Class 3 CA - C1,Intermediate Certificate,Trusted,2018-02-18,2033-02-18,69B0DD09B98F36A9CC7BD7FFE8A00DCD319A5FC947C9C8AF72C92894D8E81092,125609AA301DA0A249B97A8239CB6A34216F44DCAC9F3954B14292F2E8C8608F
A005788,emSign Device CA - C1,Intermediate Certificate,Trusted,2018-02-18,2033-02-18,D034B18751BEE10AAAF94C2F14350D3F654E5B934D0DDA592B31E58187A48952,125609AA301DA0A249B97A8239CB6A34216F44DCAC9F3954B14292F2E8C8608F
A005797,emSign ECC Class 1 CA - C3,Intermediate Certificate,Trusted,2018-02-18,2033-02-18,FAD2E98649F1C606150F55269EBC035AEA22FFAC131DE64BA6900C75D8447B7E,BC4D809B15189D78DB3E1D8CF4F9726A795DA1643CA5F1358E1DDB0EDC0D7EB3
A005796,emSign ECC Class 2 CA - C3,Intermediate Certificate,Trusted,2018-02-18,2033-02-18,DB4591F878F6672F5B70733A66AD7C9537B97E6F0AF5CA49AAB8ECB2CE02F86B,BC4D809B15189D78DB3E1D8CF4F9726A795DA1643CA5F1358E1DDB0EDC0D7EB3
A005798,emSign ECC Class 3 CA - C3,Intermediate Certificate,Trusted,2018-02-18,2033-02-18,5A9A03F2D3FE589BE63CDA11820A9F25F074C92034F51C047D34226D252EC025,BC4D809B15189D78DB3E1D8CF4F9726A795DA1643CA5F1358E1DDB0EDC0D7EB3
A005800,emSign ECC Device CA - C3,Intermediate Certificate,Trusted,2018-02-18,2033-02-18,3D4511D0A80AA949A6D99B253A173471797C4459187A6329E736C37CB5493E46,BC4D809B15189D78DB3E1D8CF4F9726A795DA1643CA5F1358E1DDB0EDC0D7EB3
A005793,emSign ECC EV SSL CA - C3,Intermediate Certificate,Trusted,2018-02-18,2033-02-18,C0A578F2109E6F42D3D939948DEEAB729B20F7B23B4237ABD8494DF554CF985C,BC4D809B15189D78DB3E1D8CF4F9726A795DA1643CA5F1358E1DDB0EDC0D7EB3
A005775,emSign ECC EV SSL CA - G3,Intermediate Certificate,Trusted,2018-02-18,2033-02-18,0116F17F97CDEF4ADE2E63CF2C1B064FD99F404D2B914100BC241F0781853323,86A1ECBA089C4A8D3BBE2734C612BA341D813E043CF9E8A862CD5C57A36BBE6B
A005792,emSign ECC SSL CA - C3,Intermediate Certificate,Trusted,2018-02-18,2033-02-18,A061D445399714C38FC101A6E9AFBDB381F112FA5DE7D5BC14904558D1ED3276,BC4D809B15189D78DB3E1D8CF4F9726A795DA1643CA5F1358E1DDB0EDC0D7EB3
A005774,emSign ECC SSL CA - G3,Intermediate Certificate,Trusted,2018-02-18,2033-02-18,6B51D1DCF4EB7AEE424185CB1B9580574B39CB963863DE3EC1AD31DDB076CE9F,86A1ECBA089C4A8D3BBE2734C612BA341D813E043CF9E8A862CD5C57A36BBE6B
A005784,emSign EV SSL CA - C1,Intermediate Certificate,Trusted,2018-02-18,2033-02-18,F6F159286A1401DE5397E21A0090534A85F5E7B9F98FD4A5A47B1DFFD4BFDED4,125609AA301DA0A249B97A8239CB6A34216F44DCAC9F3954B14292F2E8C8608F
A005769,emSign EV SSL CA - G1,Intermediate Certificate,Trusted,2018-02-18,2033-02-18,4334EEB2CC114F82BEE6F8A7E5AEA03A42EB2E1F70CBD66102E414D72F0033B9,40F6AF0346A99AA1CD1D555A4E9CCE62C7F9634603EE406615833DC8C8D00367
A011851,emSign Root TLS CA - G1,Intermediate Certificate,Trusted,2024-07-11,2039-07-09,9B913476EAB476E21E0887DBCDE44345D1359D28116B83B7CD3E87BD807EBF68,40F6AF0346A99AA1CD1D555A4E9CCE62C7F9634603EE406615833DC8C8D00367
A011858,emSign Root TLS CA - G3,Intermediate Certificate,Trusted,2024-07-11,2039-07-09,3094025792039A68AF6E553686410BDAB7C0D4A36B9084CBA64202E35D6EBBDD,86A1ECBA089C4A8D3BBE2734C612BA341D813E043CF9E8A862CD5C57A36BBE6B
A005783,emSign SSL CA - C1,Intermediate Certificate,Trusted,2018-02-18,2033-02-18,F91AACA0E4E533747A0880BFCF6F26720DC1D05494C3938DA6802290D5A09B32,125609AA301DA0A249B97A8239CB6A34216F44DCAC9F3954B14292F2E8C8608F
A005768,emSign SSL CA - G1,Intermediate Certificate,Trusted,2018-02-18,2033-02-18,47B2EFBC3670E7DB4B41F22C51FC02EE84FB2DBF3082A49F2C2688122E9210A1,40F6AF0346A99AA1CD1D555A4E9CCE62C7F9634603EE406615833DC8C8D00367
A011830,emSign TLS CA - G1,Intermediate Certificate,Trusted,2024-07-11,2039-07-08,DE029E40F6BB851DA4B804C65121D8535084FDF6B3B47DDF7E94B4E46A6C3437,CEF71E70B7C29ADDF6C30CD19E614B38FD5F02A435A0EEDDD0087E183D101A51
A011831,emSign TLS CA - G3,Intermediate Certificate,Trusted,2024-07-11,2039-07-08,04E6DEA261B8720E0525E9DA23282100352BDEBC119CFC3DBD812C3D68A2BCDD,7DD78D5F4F13459A83DFF9ABBBA62EDBAF6F2D102BF257FD712F4D9F2746ED8D
A012414,home pl DV TLS G2 R35 CA,Intermediate Certificate,Trusted,2025-05-28,2035-05-16,CA1A6E0BC3B1C2ED099D42D7030577578D13F63B4B9680A6BAA274DF17C9DE58,FE7696573855773E37A95E7AD4D9CC96C30157C15D31765BA9B15704E1AE78FD
A012890,home pl DV TLS G2 R36 CA,Intermediate Certificate,Trusted,2026-01-14,2036-01-02,EC118EB8BD1B8ECCF0F8CAAEC1BDB9CD7AD495F756B94A58D09BEC62510EB679,FE7696573855773E37A95E7AD4D9CC96C30157C15D31765BA9B15704E1AE78FD
A012415,home pl OV TLS G2 R35 CA,Intermediate Certificate,Trusted,2025-05-28,2035-05-16,418B97140C71058A09E933B089D0D5683E3133CD5F72548F6C15A17579BA27DB,FE7696573855773E37A95E7AD4D9CC96C30157C15D31765BA9B15704E1AE78FD
A012891,home pl OV TLS G2 R36 CA,Intermediate Certificate,Trusted,2026-01-14,2036-01-02,53D56B6022FBFBC72CD9AC6706165D8AA1621FD98E047C4A8F62A58DAD2B2C72,FE7696573855773E37A95E7AD4D9CC96C30157C15D31765BA9B15704E1AE78FD
A012069,iTrust DV TLS CA,Intermediate Certificate,Trusted,2025-01-15,2035-01-03,7CF26EB49E3999795959A80A7305EB7048D179CB15DD2DE897702EBA1F42C082,FE7696573855773E37A95E7AD4D9CC96C30157C15D31765BA9B15704E1AE78FD
A011945,iTrust ECC DV SSL CA,Intermediate Certificate,Trusted,2024-11-06,2034-11-05,94FD12939554F97054583CE858E1AA345FA22EF5F7CA7A80D3EE63C0688CAB56,4FF460D54B9C86DABFBCFC5712E0400D2BED3FBC4D4FBDAA86E06ADCD2A9AD7A
A011954,iTrust ECC DV SSL CA 2,Intermediate Certificate,Trusted,2024-11-06,2034-11-05,5F1DF8B5D0C57AAE4785919908D539E7928738B8CA622100742DB0EC60B9C758,C90F26F0FB1B4018B22227519B5CA2B53E2CA5B3BE5CF18EFE1BEF47380C5383
A011947,iTrust ECC EV SSL CA,Intermediate Certificate,Trusted,2024-11-06,2034-11-05,689BA8075005AAD64E63706950C486142A001D217131A9E2EAD84347B3C7299F,4FF460D54B9C86DABFBCFC5712E0400D2BED3FBC4D4FBDAA86E06ADCD2A9AD7A
A011956,iTrust ECC EV SSL CA 2,Intermediate Certificate,Trusted,2024-11-06,2034-11-05,35E2926EA6DC863BCD8A787CD59918B5FAE66122BE2DDEC38B925A8F255F7FC5,C90F26F0FB1B4018B22227519B5CA2B53E2CA5B3BE5CF18EFE1BEF47380C5383
A011946,iTrust ECC OV SSL CA,Intermediate Certificate,Trusted,2024-11-06,2034-11-05,8ECFADF063633CEF9DA78F7821691D3CBB32213105EAA0DC9F97BBEA9121D72E,4FF460D54B9C86DABFBCFC5712E0400D2BED3FBC4D4FBDAA86E06ADCD2A9AD7A
A011955,iTrust ECC OV SSL CA 2,Intermediate Certificate,Trusted,2024-11-06,2034-11-05,40B4D915303629952E92168CC31D39AD51985FF7F1CAEE7C50F4B87D432BFB36,C90F26F0FB1B4018B22227519B5CA2B53E2CA5B3BE5CF18EFE1BEF47380C5383
A011948,iTrust ECC Secure Email CA,Intermediate Certificate,Trusted,2024-11-06,2034-11-05,506B33503BB6F79424F8249CFEFB0351C3677C00A20E17AB645732677AB506B7,4FF460D54B9C86DABFBCFC5712E0400D2BED3FBC4D4FBDAA86E06ADCD2A9AD7A
A011957,iTrust ECC Secure Email CA 2,Intermediate Certificate,Trusted,2024-11-06,2034-11-05,2BF08AE98D63C5AC1B0FB8E5509E808EC82D7035A550E7D3F9E8ED87B8D851F0,22D9599234D60F1D4BC7C7E96F43FA555B07301FD475175089DAFB8C25E477B3
A012070,iTrust OV TLS CA,Intermediate Certificate,Trusted,2025-01-15,2035-01-03,553602422FD9B73B95DB5D78B24DC83EA58D046D93D4A9D87493AA706CE62F3D,FE7696573855773E37A95E7AD4D9CC96C30157C15D31765BA9B15704E1AE78FD
A011940,iTrust RSA DV SSL CA,Intermediate Certificate,Trusted,2024-11-06,2034-11-05,81AB7A1364FB37A1E23B364BB36FB0B13D2E597B6302ABFFCC52D393A7CD2324,E793C9B02FD8AA13E21C31228ACCB08119643B749C898964B1746D46C3D4CBD2
A011949,iTrust RSA DV SSL CA 2,Intermediate Certificate,Trusted,2024-11-06,2034-11-05,DDA64635E755D08C1CF1380AFFE70E412971B8F7CF0917540826F04570A00CB8,7BB647A62AEEAC88BF257AA522D01FFEA395E0AB45C73F93F65654EC38F25A06
A011942,iTrust RSA EV SSL CA,Intermediate Certificate,Trusted,2024-11-06,2034-11-05,E6D7B5FB7E73CB420550C544FD2FABB044A4AE7A541A01EB748DD7C293442D7F,E793C9B02FD8AA13E21C31228ACCB08119643B749C898964B1746D46C3D4CBD2
A011951,iTrust RSA EV SSL CA 2,Intermediate Certificate,Trusted,2024-11-06,2034-11-05,D662672F2EFD5D91A581ACB3343AC3267E1CD0847F0B52F93ECF900406C8CF1B,7BB647A62AEEAC88BF257AA522D01FFEA395E0AB45C73F93F65654EC38F25A06
A011941,iTrust RSA OV SSL CA,Intermediate Certificate,Trusted,2024-11-06,2034-11-05,DFA704FA092B3F2B2734B6935BB1B73B7C09DCD75C111BD5D87EE9D4A759A7DA,E793C9B02FD8AA13E21C31228ACCB08119643B749C898964B1746D46C3D4CBD2
A011950,iTrust RSA OV SSL CA 2,Intermediate Certificate,Trusted,2024-11-06,2034-11-05,E71ED9AD298AA7E1F943809026D1A1212139909830F024F63693236F59099F78,7BB647A62AEEAC88BF257AA522D01FFEA395E0AB45C73F93F65654EC38F25A06
A011943,iTrust RSA Secure Email CA,Intermediate Certificate,Trusted,2024-11-06,2034-11-05,973F0A984FC266FD43B443206149DFCF813E0A570E6D617D85460EF60ACD9654,E793C9B02FD8AA13E21C31228ACCB08119643B749C898964B1746D46C3D4CBD2
A011952,iTrust RSA Secure Email CA 2,Intermediate Certificate,Trusted,2024-11-06,2034-11-05,964075106DE580392A907E1E2EB53237260FA31CF10D04B3CCF991B65C947EF8,D5917A7791EB7CF20A2E57EB98284A67B28A57E89182DA53D546678C9FDE2B4F
A007319,itsme Sign Issuing CA G2,Intermediate Certificate,Trusted,2020-08-31,2030-08-29,0B7AF5EB38D90B83C893410EC6714601A4EF6EC5C32B9D1D9AD54FBD38E18AEA,8A866FD1B276B57E578E921C65828A2BED58E9F2F288054134B7F1F4BFC9CC74
A007410,itsme Sign Issuing CA G2x,Intermediate Certificate,Trusted,2020-10-05,2030-10-03,B965A4354E7E1FFEDD1F947F13B065819B3A53C6889DC643E1D0D4C514AB68AE,8A866FD1B276B57E578E921C65828A2BED58E9F2F288054134B7F1F4BFC9CC74
A011808,nazwaSSL DV TLS G2 E29 CA,Intermediate Certificate,Trusted,2024-08-20,2029-08-14,7F02E351F89B119741B01D1371CA1B9C14ED8B34D640BA44EFC3ABB9FEBBE7C8,6B328085625318AA50D173C98D8BDA09D57E27413D114CF787A0F5D06C030CF6
A011807,nazwaSSL DV TLS G2 R29 CA,Intermediate Certificate,Trusted,2024-08-20,2029-08-14,AA0C4B7801B09FB77E423C91331EFB62A5A2A8B23A9D7C997E6A9BEEA435D2BF,FE7696573855773E37A95E7AD4D9CC96C30157C15D31765BA9B15704E1AE78FD
A010940,netartSSL,Intermediate Certificate,Trusted,2023-05-10,2027-05-20,5A86CB297E37CFF1DB01FEA8E14FE4C5E054F8B228E976E4A782E3AEA723FC1B,9E852C59DFC6FD6ABD4E17EA80B5F4E56FC04192D107258D54DA8A92528670D6
A013242,netartSSL DV TLS G2 E31 CA,Intermediate Certificate,Trusted,2026-06-17,2031-06-06,B86D04DF2AF712C87B62882E521A13DB26A4C5456017E58F445E529958A79F41,6B328085625318AA50D173C98D8BDA09D57E27413D114CF787A0F5D06C030CF6
A007530,sslTrus (ECC) DV CA,Intermediate Certificate,Trusted,2021-01-01,2030-12-31,54A76847D293ACB8FA1D885DE4BB449956B75092F9623FA43441AB445DD5728A,4FF460D54B9C86DABFBCFC5712E0400D2BED3FBC4D4FBDAA86E06ADCD2A9AD7A
A007532,sslTrus (ECC) EV CA,Intermediate Certificate,Trusted,2021-01-01,2030-12-31,36BA70BAAEDF637B4C16B54651AEC36059DAF64DCF6CAE0D94CB88C2CB4C2702,4FF460D54B9C86DABFBCFC5712E0400D2BED3FBC4D4FBDAA86E06ADCD2A9AD7A
A007531,sslTrus (ECC) OV CA,Intermediate Certificate,Trusted,2021-01-01,2030-12-31,EF150B1A3371475C8B3ED11DBF93BF90840BD5395C6B5FA6AE3BBFA746FAF55B,4FF460D54B9C86DABFBCFC5712E0400D2BED3FBC4D4FBDAA86E06ADCD2A9AD7A
A007528,sslTrus (RSA) DV CA,Intermediate Certificate,Trusted,2021-01-01,2030-12-31,5460496AD49CB821D627DAC8A805129822BAB242B929A0E3195D705761D1D16C,E793C9B02FD8AA13E21C31228ACCB08119643B749C898964B1746D46C3D4CBD2
A007529,sslTrus (RSA) EV CA,Intermediate Certificate,Trusted,2021-01-01,2030-12-31,E755AE9C42C1315F27DCD06451C6ABE0BC6AAD6EDDC2E5635CFC4918192D344C,E793C9B02FD8AA13E21C31228ACCB08119643B749C898964B1746D46C3D4CBD2
A007527,sslTrus (RSA) OV CA,Intermediate Certificate,Trusted,2021-01-01,2030-12-31,868A41400D425A938D7EC06C29097300B12706DB473B6A7950565F98D704F196,E793C9B02FD8AA13E21C31228ACCB08119643B749C898964B1746D46C3D4CBD2
A012948,sslTrus ECC DV SSL CA 2,Intermediate Certificate,Trusted,2026-02-04,2036-02-03,38F59E29D9EB402A727EEF56D463038769B3C69ED463D11BD450E05713BA8290,C90F26F0FB1B4018B22227519B5CA2B53E2CA5B3BE5CF18EFE1BEF47380C5383
A012034,sslTrus ECC DV TLS CA G2,Intermediate Certificate,Trusted,2025-01-05,2035-01-05,32CAA961415106CF471CEA5B15C66464A907C99861A297C359D174624BADB92F,9BEA11C976FE014764C1BE56A6F914B5A560317ABD9988393382E5161AA0493C
A012950,sslTrus ECC EV SSL CA 2,Intermediate Certificate,Trusted,2026-02-04,2036-02-03,0ABBD7409F0684353E81E1DFF5C10463478C815DB9905418DC54B58C8232A2E2,C90F26F0FB1B4018B22227519B5CA2B53E2CA5B3BE5CF18EFE1BEF47380C5383
A012949,sslTrus ECC OV SSL CA 2,Intermediate Certificate,Trusted,2026-02-04,2036-02-03,1A7BA1784763CE63694AC5405A80D2DF2FF68A4F0DE49CFF5B4414B50879638E,C90F26F0FB1B4018B22227519B5CA2B53E2CA5B3BE5CF18EFE1BEF47380C5383
A012035,sslTrus ECC OV TLS CA G2,Intermediate Certificate,Trusted,2025-01-05,2035-01-05,06B7E611243D2901B964FF6D0C53A2DB52BA2E1D41E17D74950E16605D9A2C90,9BEA11C976FE014764C1BE56A6F914B5A560317ABD9988393382E5161AA0493C
A011172,sslTrus ECC Secure Email CA,Intermediate Certificate,Trusted,2023-08-02,2033-08-01,9295C105C28085A1C388CC5F24CD917292009DD71A917499F75E8EEEB02EEEE7,4FF460D54B9C86DABFBCFC5712E0400D2BED3FBC4D4FBDAA86E06ADCD2A9AD7A
A012951,sslTrus ECC Secure Email CA 2,Intermediate Certificate,Trusted,2026-02-04,2036-02-03,F1CB6E4E16ED85C431D9AD38422C679D4404873CB5503A69B7820D1035BFB8EF,22D9599234D60F1D4BC7C7E96F43FA555B07301FD475175089DAFB8C25E477B3
A011840,sslTrus GCC E5 OV TLS CA 2024,Intermediate Certificate,Trusted,2024-09-18,2027-09-18,2872602B9C18774BF4794F6844DCE559C57019930CE72BCF23131DDEF2484DED,179FBC148A3DD00FD24EA13458CC43BFA7F59C8182D783A513F6EBEC100C8924
A011837,sslTrus GCC R6 DV TLS CA 2024,Intermediate Certificate,Trusted,2024-09-18,2027-09-18,183801AE042D1C2E7CFF3EB21C277B0D0823DE52FE0DEABF316FBE17ECC03B9C,2CABEAFE37D06CA22ABA7391C0033D25982952C453647349763A3AB5AD6CCF69
A011839,sslTrus GCC R6 EV TLS CA 2024,Intermediate Certificate,Trusted,2024-09-18,2027-09-18,47347DFE1F786EE18A67DC8FACAD1A058A951F369C0A2AF2B6A168158A42A4D4,2CABEAFE37D06CA22ABA7391C0033D25982952C453647349763A3AB5AD6CCF69
A011838,sslTrus GCC R6 OV TLS CA 2024,Intermediate Certificate,Trusted,2024-09-18,2027-09-18,57A9CFB8EBBB0F1583AB496623D04135B5A1F220D3F31E33007327D3AC3159BC,2CABEAFE37D06CA22ABA7391C0033D25982952C453647349763A3AB5AD6CCF69
A012943,sslTrus RSA DV SSL CA 2,Intermediate Certificate,Trusted,2026-02-04,2036-02-03,C5E118A670B369DB82A8A57BA7FEC9D309879B6393AAAB564ED929D3AF6A4175,7BB647A62AEEAC88BF257AA522D01FFEA395E0AB45C73F93F65654EC38F25A06
A012028,sslTrus RSA DV TLS CA G2,Intermediate Certificate,Trusted,2025-01-05,2035-01-05,B3A5BED750BCE5A08C75E0012B0A6A67954952BC8D12520514CC15CBB0B17039,9BEA11C976FE014764C1BE56A6F914B5A560317ABD9988393382E5161AA0493C
A012945,sslTrus RSA EV SSL CA 2,Intermediate Certificate,Trusted,2026-02-04,2036-02-03,55FCCC0148172404CECB21E0A4690D1026AFD65DFB782513AC4F7E7E22A34F7B,7BB647A62AEEAC88BF257AA522D01FFEA395E0AB45C73F93F65654EC38F25A06
A012944,sslTrus RSA OV SSL CA 2,Intermediate Certificate,Trusted,2026-02-04,2036-02-03,135D6B34B247157D758D5BD3972E15452C8D06E7F190D90A034912FE549FAF6A,7BB647A62AEEAC88BF257AA522D01FFEA395E0AB45C73F93F65654EC38F25A06
A012029,sslTrus RSA OV TLS CA G2,Intermediate Certificate,Trusted,2025-01-05,2035-01-05,F0E647B5A2869A3487507A90549AF039896DB8B0F0E7CF92EF3AB567F3EC5E5C,9BEA11C976FE014764C1BE56A6F914B5A560317ABD9988393382E5161AA0493C
A011174,sslTrus RSA Secure Email CA,Intermediate Certificate,Trusted,2023-08-02,2033-08-01,989CC495E3BB0091753A2305CEA1741C3336DA18EFBE37EB8597FDBCE152E825,E793C9B02FD8AA13E21C31228ACCB08119643B749C898964B1746D46C3D4CBD2
A012947,sslTrus RSA Secure Email CA 2,Intermediate Certificate,Trusted,2026-02-04,2036-02-03,CA96B81034291A6625591ED91E04C04EBF204371833F7BDDC1D5DBF1592A0674,D5917A7791EB7CF20A2E57EB98284A67B28A57E89182DA53D546678C9FDE2B4F
A012708,vTrus DV SSL CA,Intermediate Certificate,Trusted,2025-09-16,2035-09-14,858D7C95AF4AF6336DA1C697FB56344531C5DC9F673BE51603031E530DC6D3AA,8A71DE6559336F426C26E53880D00D88A18DA4C6A91F0DCB6194E206C5C96387
A011326,vTrus DV SSL CA G2,Intermediate Certificate,Trusted,2023-12-07,2027-05-25,D7A43AAB5B59F58CB68CC01CF838A392EE913FF330FE7C3309EDA30B84541D07,9E852C59DFC6FD6ABD4E17EA80B5F4E56FC04192D107258D54DA8A92528670D6
A012705,vTrus ECC DV SSL CA,Intermediate Certificate,Trusted,2025-09-16,2035-09-14,D66D9BF522907D5DC8296582CB9745908E460009792F3EB9AFEC2D71ADF357A1,30FBBA2C32238E2A98547AF97931E550428B9B3F1C8EEB6633DCFA86C5B27DD3
A012706,vTrus ECC EV SSL CA,Intermediate Certificate,Trusted,2025-09-16,2035-09-14,64E6D958EEE44AFD0FE8C4AB93DA50DA536BA7EB426D2D8627BCB64A183D7493,30FBBA2C32238E2A98547AF97931E550428B9B3F1C8EEB6633DCFA86C5B27DD3
A012707,vTrus ECC OV SSL CA,Intermediate Certificate,Trusted,2025-09-16,2035-09-14,D31FC18643699E258A7E10924B1B19F02FF107FBD4C092F3F74F8DCDC7B99CC0,30FBBA2C32238E2A98547AF97931E550428B9B3F1C8EEB6633DCFA86C5B27DD3
A012709,vTrus EV SSL CA,Intermediate Certificate,Trusted,2025-09-16,2035-09-14,4CB67BFAC5BC47C7817C35DA33913AFB021AEE074B89CC753EE566138CB5D016,8A71DE6559336F426C26E53880D00D88A18DA4C6A91F0DCB6194E206C5C96387
A012710,vTrus FastSSL CA G1,Intermediate Certificate,Trusted,2025-09-16,2035-09-14,B3675FE939B18A34ACE9C5AAD7A8780C34340AF7D2352292E5D009AEB2002CF6,8A71DE6559336F426C26E53880D00D88A18DA4C6A91F0DCB6194E206C5C96387
A012711,vTrus OV SSL CA,Intermediate Certificate,Trusted,2025-09-16,2035-09-14,956282AAC9F78D89AB818914DBDB00FB1B9685A099B31DA249FA751605B94DD2,8A71DE6559336F426C26E53880D00D88A18DA4C6A91F0DCB6194E206C5C96387
A011327,vTrus OV SSL CA G2,Intermediate Certificate,Trusted,2023-12-07,2027-05-25,3296EB060C887E8EC0E59903E9CC8D5F6302EE8FABA95620AE5DE2364333F753,9E852C59DFC6FD6ABD4E17EA80B5F4E56FC04192D107258D54DA8A92528670D6
A012712,vTrus YunSSL DV CA,Intermediate Certificate,Trusted,2025-09-16,2035-09-14,7CC4C6289B5C092EE7AC7A5F87BD401668327773299A229D158ECF6B5910B8BA,8A71DE6559336F426C26E53880D00D88A18DA4C6A91F0DCB6194E206C5C96387
A007079,上海锐成信息科技有限公司 DV CA,Intermediate Certificate,Trusted,2020-06-09,2030-06-09,DCB8AEB0053BA5C530F47A2BE1D1E4F77B5A076E1D8A28F6D36C8F1EFDE761A3,E793C9B02FD8AA13E21C31228ACCB08119643B749C898964B1746D46C3D4CBD2
A007080,上海锐成信息科技有限公司 EV CA,Intermediate Certificate,Trusted,2020-06-09,2030-06-09,52B6C4B05B3C521774557CD53EEA5956F36BC94C64B66D99E8A7291FC2FC9C36,E793C9B02FD8AA13E21C31228ACCB08119643B749C898964B1746D46C3D4CBD2
A007081,上海锐成信息科技有限公司 OV CA,Intermediate Certificate,Trusted,2020-06-09,2030-06-09,4C9E799FEA626F5ED35D8F91548FB6A3900503099F32BC49DC0FB566B0A0EF37,E793C9B02FD8AA13E21C31228ACCB08119643B749C898964B1746D46C3D4CBD2
A007082,上海锐成信息科技有限公司 Secure Email CA,Intermediate Certificate,Trusted,2020-06-09,2030-06-09,80077665338A009789F842F3403647A71536C1FB264F35DAECEC0193E6508E0E,E793C9B02FD8AA13E21C31228ACCB08119643B749C898964B1746D46C3D4CBD2
A012068,宝塔 DV TLS CA,Intermediate Certificate,Trusted,2025-01-15,2035-01-03,7AEA9978F8E2030B972B7941DB2C0B67E9FF391A212E608F5AF3EAA989B059CA,FE7696573855773E37A95E7AD4D9CC96C30157C15D31765BA9B15704E1AE78FD
A012816,宝塔 DV TLS ECC CA 2025,Intermediate Certificate,Trusted,2025-10-21,2030-10-21,02918B3CF1C362A12B07DE08E61C886693B4CE5C83FFA46936CB50FB9057B3FF,C0076B9EF0531FB1A656D67C4EBE97CD5DBAA41EF44598ACC2489878C92D8711
A012809,宝塔 DV TLS RSA CA 2025,Intermediate Certificate,Trusted,2025-10-21,2030-10-21,E85A05DE3274CEAB9F2BA4CE9297CABD81674F6DC62CF385E40BFE0A408630D7,06C08D7DAFD876971EB1124FE67F847EC0C7A158D3EA53CBE940E2EA9791F4C3
A011936,宝塔 ECC DV SSL CA,Intermediate Certificate,Trusted,2024-11-06,2034-11-05,9B9C93797DEFD2E75E7752721CE16F0FF1A00B27AABD8495587695F0DC581191,C90F26F0FB1B4018B22227519B5CA2B53E2CA5B3BE5CF18EFE1BEF47380C5383
A011938,宝塔 ECC EV SSL CA,Intermediate Certificate,Trusted,2024-11-06,2034-11-05,28D7854E1DD623A02E59559EC7FEFF5E45DE5B5A66F516F3AD6427C181F25DF1,C90F26F0FB1B4018B22227519B5CA2B53E2CA5B3BE5CF18EFE1BEF47380C5383
A011937,宝塔 ECC OV SSL CA,Intermediate Certificate,Trusted,2024-11-06,2034-11-05,C83370CCB15CF61CD5EA9D5991BD17DB918CA2300200B559ED903413CC34D12C,C90F26F0FB1B4018B22227519B5CA2B53E2CA5B3BE5CF18EFE1BEF47380C5383
A011939,宝塔 ECC Secure Email CA,Intermediate Certificate,Trusted,2024-11-06,2034-11-05,3E057297B9E78E80991B460B1A273E4A83BE1FB0F74783CB9F81456EF1700005,22D9599234D60F1D4BC7C7E96F43FA555B07301FD475175089DAFB8C25E477B3
A011931,宝塔 RSA DV SSL CA,Intermediate Certificate,Trusted,2024-11-06,2034-11-05,2C51FFFD9D0AC72584565A1B52CC2A946E824A8568BF75E60635F876B9FF1045,7BB647A62AEEAC88BF257AA522D01FFEA395E0AB45C73F93F65654EC38F25A06
A011932,宝塔 RSA EV SSL CA,Intermediate Certificate,Trusted,2024-11-06,2034-11-05,C1B6FED4E947A907D83B73406EC5398BCF2A0F93F07367FDE061437C2D7714BD,7BB647A62AEEAC88BF257AA522D01FFEA395E0AB45C73F93F65654EC38F25A06
A011933,宝塔 RSA OV SSL CA,Intermediate Certificate,Trusted,2024-11-06,2034-11-05,3AFF26F35CDEF0EB99C781DA28ECF5F6B539EB7713287A5D5274896B5EFA5B2E,7BB647A62AEEAC88BF257AA522D01FFEA395E0AB45C73F93F65654EC38F25A06
A011934,宝塔 RSA Secure Email CA,Intermediate Certificate,Trusted,2024-11-06,2034-11-05,574D448F0E99C5F4A3F1C3866D18A78A3F455030EBB48451965D15502E471A91,D5917A7791EB7CF20A2E57EB98284A67B28A57E89182DA53D546678C9FDE2B4F
A012817,宝塔 TLS ECC CA 2025,Intermediate Certificate,Trusted,2025-10-21,2030-10-21,93582DD97B62EFBE54F6F435EE88C7129D01A7054FB3FBB818934FF674028959,C0076B9EF0531FB1A656D67C4EBE97CD5DBAA41EF44598ACC2489878C92D8711
A012810,宝塔 TLS RSA CA 2025,Intermediate Certificate,Trusted,2025-10-21,2030-10-21,A38B6509D5EEC4E7C91DABAC460D30A75D2B408C86D2BBC7D45463815844CD40,06C08D7DAFD876971EB1124FE67F847EC0C7A158D3EA53CBE940E2EA9791F4C3
A011125,时代互联 ECC DV SSL CA,Intermediate Certificate,Trusted,2023-08-02,2033-08-01,018F6B363B543A4399448A1EBAB9250EBFD0720016B0B411FC86F7E7366C6782,4FF460D54B9C86DABFBCFC5712E0400D2BED3FBC4D4FBDAA86E06ADCD2A9AD7A
A011126,时代互联 ECC EV SSL CA,Intermediate Certificate,Trusted,2023-08-02,2033-08-01,ABDCE06D6612F3D88765CD579F684F8F2825B24C483121D4AF0A6DB38FDCAF44,4FF460D54B9C86DABFBCFC5712E0400D2BED3FBC4D4FBDAA86E06ADCD2A9AD7A
A011127,时代互联 ECC OV SSL CA,Intermediate Certificate,Trusted,2023-08-02,2033-08-01,D1F35AFDA0483B9478B4DABB819F9887E8A7FBF6BE1B38B38CED919567C3E72E,4FF460D54B9C86DABFBCFC5712E0400D2BED3FBC4D4FBDAA86E06ADCD2A9AD7A
A011128,时代互联 ECC Secure Email CA,Intermediate Certificate,Trusted,2023-08-02,2033-08-01,E28C33D74EB5C3EA936AE55A5CBC4F1EBA9C604404032FB33DBF158D6AC821E5,4FF460D54B9C86DABFBCFC5712E0400D2BED3FBC4D4FBDAA86E06ADCD2A9AD7A
A011130,时代互联 RSA DV SSL CA,Intermediate Certificate,Trusted,2023-08-02,2033-08-01,52EACD1404AF447BC93247677D3BE85C6A36FF2114BE8E95BC12E94C0470A0DF,E793C9B02FD8AA13E21C31228ACCB08119643B749C898964B1746D46C3D4CBD2
A011131,时代互联 RSA EV SSL CA,Intermediate Certificate,Trusted,2023-08-02,2033-08-01,D0E9157456A6E76D99CBD9458447CC32214346A5B6C55854871A005EE6E500F8,E793C9B02FD8AA13E21C31228ACCB08119643B749C898964B1746D46C3D4CBD2
A011132,时代互联 RSA OV SSL CA,Intermediate Certificate,Trusted,2023-08-02,2033-08-01,193D60082F32E695F00AF8E03B37987AA908ACE8B78DD0DEA7E0022B825D257B,E793C9B02FD8AA13E21C31228ACCB08119643B749C898964B1746D46C3D4CBD2
A011133,时代互联 RSA Secure Email CA,Intermediate Certificate,Trusted,2023-08-02,2033-08-01,FBB8107CACE356051AD04B63B830904BF7882ACE8DC1A248A5ABB75F1A744954,E793C9B02FD8AA13E21C31228ACCB08119643B749C898964B1746D46C3D4CBD2
A010953,纳网 ECC Domain Validation Secure Server CA,Intermediate Certificate,Trusted,2023-05-20,2033-05-19,3717264D6C5D049B1AD59F4B5761EFC94ABC3254285D1E68109108405086C4F2,4FF460D54B9C86DABFBCFC5712E0400D2BED3FBC4D4FBDAA86E06ADCD2A9AD7A
A010955,纳网 ECC Extended Validation Secure Server CA,Intermediate Certificate,Trusted,2023-05-20,2033-05-19,E7DB0014494048F226A673C28B725E8DDB9CCD4867A8552D7AE85C2523BD2655,4FF460D54B9C86DABFBCFC5712E0400D2BED3FBC4D4FBDAA86E06ADCD2A9AD7A
A010954,纳网 ECC Organization Validation Secure Server CA,Intermediate Certificate,Trusted,2023-05-20,2033-05-19,CACB3945A2D3097A5EFC54FBD2E0EE2E1FBEA711DAD665BC7F952DA92AC8D657,4FF460D54B9C86DABFBCFC5712E0400D2BED3FBC4D4FBDAA86E06ADCD2A9AD7A
A010956,纳网 ECC Secure Email CA,Intermediate Certificate,Trusted,2023-05-20,2033-05-19,406D1BF5BEFEDFFADBA368FB6AE22E86C81B66AF0C99B15DA6769452726F6C60,4FF460D54B9C86DABFBCFC5712E0400D2BED3FBC4D4FBDAA86E06ADCD2A9AD7A
A010948,纳网 RSA Domain Validation Secure Server CA,Intermediate Certificate,Trusted,2023-05-20,2033-05-19,347DF1F3872D14EED14DB387E41BEEBD39B5CF0B468EC08806D06108D564F463,E793C9B02FD8AA13E21C31228ACCB08119643B749C898964B1746D46C3D4CBD2
A010950,纳网 RSA Extended Validation Secure Server CA,Intermediate Certificate,Trusted,2023-05-20,2033-05-19,9B78649DBD76CB5E1BBB4386342E452FC87C99BC711905E5F429126E58006FB6,E793C9B02FD8AA13E21C31228ACCB08119643B749C898964B1746D46C3D4CBD2
A010949,纳网 RSA Organization Validation Secure Server CA,Intermediate Certificate,Trusted,2023-05-20,2033-05-19,1D7B3634DE39ED80A3C483DDD5AB23CA0BC6BAC9B2ABA3DB7AA332BC0FCB2A55,E793C9B02FD8AA13E21C31228ACCB08119643B749C898964B1746D46C3D4CBD2
A010951,纳网 RSA Secure Email CA,Intermediate Certificate,Trusted,2023-05-20,2033-05-19,8C917F3CD9465EECF80F336352A1FB89045BCD19783351F159252C50A2A62B1A,E793C9B02FD8AA13E21C31228ACCB08119643B749C898964B1746D46C3D4CBD2
A000069,AAA Certificate Services,Root Certificate,Included,2004-01-01,2028-12-31,D7A7A0FB5D7E2731D771E9484EBCDEF71D5F0C3E0A2948782BC83EE0EA699EF4,
A004112,AC RAIZ FNMT-RCM,Root Certificate,Included,2008-10-29,2030-01-01,EBC5570C29018C4D67B1AA127BAF12F703B4611EBC17B7DAB5573894179B93FA,
A006325,AC RAIZ FNMT-RCM SERVIDORES SEGUROS,Root Certificate,Included,2018-12-20,2043-12-20,554153B13D2CF9DDB753BFBE1A4E0AE08D0AA4187058FE60A2B862B2E4B87BCB,
A000071,ACCVRAIZ1,Root Certificate,Included,2011-05-05,2030-12-31,9A6EC012E1A7DA9DBE34194D478AD7C0DB1822FB071DF12981496ED104384113,
A006554,ANF Secure Server Root CA,Root Certificate,Included,2019-09-04,2039-08-30,FB8FEC759169B9106B1E511644C618C51304373F6C0643088D8BEFFD1B997599,
A000073,Actalis Authentication Root CA,Root Certificate,Included,2011-09-22,2030-09-22,55926084EC963A64B96E2ABE01CE0BA86A64FBFEBCC7AAB5AFC155B37FD76066,
A002375,Amazon Root CA 1,Root Certificate,Included,2015-05-26,2038-01-17,8ECDE6884F3D87B1125BA31AC3FCB13D7016DE7F57CC904FE1CB97C6AE98196E,
A002365,Amazon Root CA 2,Root Certificate,Included,2015-05-26,2040-05-26,1BA5B2AA8C65401A82960118F80BEC4F62304D83CEC4713A19C39C011EA46DB4,
A002356,Amazon Root CA 3,Root Certificate,Included,2015-05-26,2040-05-26,18CE6CFE7BF14E60B2E347B8DFE868CB31D02EBB3ADA271569F50343B46DB3A4,
A002388,Amazon Root CA 4,Root Certificate,Included,2015-05-26,2040-05-26,E35D28419ED02025CFA69038CD623962458DA5C695FBDEA3C22B0BFB25897092,
A000085,Atos TrustedRoot 2011,Root Certificate,Included,2011-07-07,2030-12-31,F356BEA244B7A91EB35D53CA9AD7864ACE018E2D35D5F8F96DDF68A6F41AA474,
A010382,Atos TrustedRoot Root CA ECC G2 2020,Root Certificate,Included,2020-12-15,2040-12-10,E38655F4B0190C84D3B3893D840A687E190A256D98052F159E6D4A39F589A6EB,
A010383,Atos TrustedRoot Root CA ECC TLS 2021,Root Certificate,Included,2021-04-22,2041-04-17,B2FAE53E14CCD7AB9212064701AE279C1D8988FACB775FA8A008914E663988A8,
A010380,Atos TrustedRoot Root CA RSA G2 2020,Root Certificate,Included,2020-12-15,2040-12-10,78833A783BB2986C254B9370D3C20E5EBA8FA7840CBF63FE17297A0B0119685E,
A010381,Atos TrustedRoot Root CA RSA TLS 2021,Root Certificate,Included,2021-04-22,2041-04-17,81A9088EA59FB364C548A6F85559099B6F0405EFBF18E5324EC9F457BA00112F,
A006173,Autoridad de Certificacion Firmaprofesional CIF A62634068,Root Certificate,Included,2014-09-23,2036-05-05,57DE0583EFD2B26E0361DA99DA9DF4648DEF7EE8441C3B728AFA9BCDE0F9B26A,
A007085,BJCA Global Root CA1,Root Certificate,Included,2019-12-19,2044-12-12,F3896F88FE7C0A882766A7FA6AD2749FB57A7F3E98FB769C1FA7B09C2C44D5AE,
A007086,BJCA Global Root CA2,Root Certificate,Included,2019-12-19,2044-12-12,574DF6931E278039667B720AFDC1600FC27EB66DD3092979FB73856487212882,
A000090,Buypass Class 2 Root CA,Root Certificate,Included,2010-10-26,2040-10-26,9A114025197C5BB95D94E63D55CD43790847B646B23CDF11ADA4A00EFF15FB48,
A000092,Buypass Class 3 Root CA,Root Certificate,Included,2010-10-26,2040-10-26,EDF7EBBCA27A2A384D387B7D4010C666E2EDB4843E4C29B4AE1D5B9332E6B24D,
A000095,CA Disig Root R2,Root Certificate,Included,2012-07-19,2042-07-19,E23D4A036D7B70E9F595B1422079D2B91EDFBB1FB651A0633EAA8A9DC5F80703,
A000295,CFCA EV ROOT,Root Certificate,Included,2012-08-08,2029-12-31,5CC3D78E4E1D5E45547A04E6873E64F90CF9536D1CCC2EF800F355C4C5FD70FD,
A000108,COMODO Certification Authority,Root Certificate,Included,2006-12-01,2029-12-31,0C2CD63DF7806FA399EDE809116B575BF87989F06518F9808C860503178BAF66,
A000109,COMODO ECC Certification Authority,Root Certificate,Included,2008-03-06,2038-01-18,1793927A0614549789ADCE2F8F34F7F0B66D0F3AE3A3B84D21EC15DBBA4FADC7,
A000285,COMODO RSA Certification Authority,Root Certificate,Included,2010-01-19,2038-01-18,52F0E1C4E58EC629291B60317F074671B85D7EA80D5B07273463534B32B40234,
A007890,Certainly Root E1,Root Certificate,Included,2021-04-01,2046-04-01,B4585F22E4AC756A4E8612A1361C5D9D031A93FD84FEBB778FA3068B0FC42DC2,
A007889,Certainly Root R1,Root Certificate,Included,2021-04-01,2046-04-01,77B82CD8644C4305F7ACC5CB156B45675004033D51C60C6202A8E0C33467D3A0,
A000098,Certigna,Root Certificate,Included,2007-06-29,2027-06-29,E3B6A2DB2ED7CE48842F7AC53241C7B71D54144BFB40C11F3F1D0B42F5EEA12D,
A003629,Certigna Root CA,Root Certificate,Included,2013-10-01,2033-10-01,D48D3D23EEDB50A459E55197601C27774B9D7B18C94D5A059511A10250B93168,
A000101,Certum CA,Root Certificate,Included,2002-06-11,2027-06-11,D8E0FEBC1DB2E38D00940F37D27D41344D993E734B99D5656D9778D4D8143624,
A006708,Certum EC-384 CA,Root Certificate,Included,2018-03-26,2043-03-26,6B328085625318AA50D173C98D8BDA09D57E27413D114CF787A0F5D06C030CF6,
A000102,Certum Trusted Network CA,Root Certificate,Included,2008-10-22,2029-12-31,5C58468D55F58E497E743982D2B50010B6D165374ACF83A7D4A32DB768C4408E,
A000815,Certum Trusted Network CA 2,Root Certificate,Included,2011-10-06,2046-10-06,B676F2EDDAE8775CD36CB0F63CD1D4603961F49E6265BA013A2F0307B6D0B804,
A006709,Certum Trusted Root CA,Root Certificate,Included,2018-03-16,2043-03-16,FE7696573855773E37A95E7AD4D9CC96C30157C15D31765BA9B15704E1AE78FD,
A007473,D-TRUST BR Root CA 1 2020,Root Certificate,Included,2020-02-11,2035-02-11,E59AAA816009C22BFF5B25BAD37DF306F049797C1F81D85AB089E657BD8F0044,
A010974,D-TRUST BR Root CA 2 2023,Root Certificate,Included,2023-05-09,2038-05-09,0552E6F83FDF65E8FA9670E666DF28A4E21340B510CBE52566F97C4FB94B2BD1,
A007474,D-TRUST EV Root CA 1 2020,Root Certificate,Included,2020-02-11,2035-02-11,08170D1AA36453901A2F959245E347DB0C8D37ABAABC56B81AA100DC958970DB,
A010973,D-TRUST EV Root CA 2 2023,Root Certificate,Included,2023-05-09,2038-05-09,8E8221B2E7D4007836A1672F0DCC299C33BC07D316F132FA1A206D587150F1CE,
A002452,D-TRUST Root CA 3 2013,Root Certificate,Included,2013-09-20,2028-09-20,A1A86D04121EB87F027C66F53303C28E5739F943FC84B38AD6AF009035DD9457,
A000126,D-TRUST Root Class 3 CA 2 2009,Root Certificate,Included,2009-11-05,2029-11-05,49E7A442ACF0EA6287050054B52564B650E4F49E42E348D6AA38E039E957B1C1,
A000127,D-TRUST Root Class 3 CA 2 EV 2009,Root Certificate,Included,2009-11-05,2029-11-05,EEC5496B988CE98625B934092EEC2908BED0B0F316C2D4730C84EAF1F3D34881,
A010385,D-Trust SBR Root CA 1 2022,Root Certificate,Included,2022-07-06,2037-07-06,D92C171F5CF890BA428019292927FE22F3207FD2B54449CB6F675AF4922146E2,
A010386,D-Trust SBR Root CA 2 2022,Root Certificate,Included,2022-07-07,2037-07-07,DBA84DD7EF622D485463A90137EA4D574DF8550928F6AFA03B4D8B1141E636CC,
A007586,DIGITALSIGN GLOBAL ROOT ECDSA CA,Root Certificate,Included,2021-01-21,2046-01-15,261D7114AE5F8FF2D8C7209A9DE4289E6AFC9D717023D85450909199F1857CFE,
A007585,DIGITALSIGN GLOBAL ROOT RSA CA,Root Certificate,Included,2021-01-21,2046-01-15,82BD5D851ACF7F6E1BA7BFCBC53030D0E7BC3C21DF772D858CAB41D199BDF595,
A000114,DigiCert Assured ID Root CA,Root Certificate,Included,2006-11-10,2031-11-10,3E9099B5015E8F486C00BCEA9D111EE721FABA355A89BCF1DF69561E3DC6325C,
A000115,DigiCert Assured ID Root G2,Root Certificate,Included,2013-08-01,2038-01-15,7D05EBB682339F8C9451EE094EEBFEFA7953A114EDB2F44949452FAB7D2FC185,
A000116,DigiCert Assured ID Root G3,Root Certificate,Included,2013-08-01,2038-01-15,7E37CB8B4C47090CAB36551BA6F45DB840680FBA166A952DB100717F43053FC2,
A000117,DigiCert Global Root CA,Root Certificate,Included,2006-11-10,2031-11-10,4348A0E9444C78CB265E058D5E8944B4D84F9662BD26DB257F8934A443C70161,
A000118,DigiCert Global Root G2,Root Certificate,Included,2013-08-01,2038-01-15,CB3CCBB76031E5E0138F8DD39A23F9DE47FFC35E43C1144CEA27D46A5AB1CB5F,
A000119,DigiCert Global Root G3,Root Certificate,Included,2013-08-01,2038-01-15,31AD6648F8104138C738F39EA4320133393E3A18CC02296EF97C2AC9EF6731D0,
A000120,DigiCert High Assurance EV Root CA,Root Certificate,Included,2006-11-10,2031-11-10,7431E5F4C3C1CE4690774F0B61E05440883BA9A01ED00BA6ABD7806ED3B118CF,
A007719,DigiCert SMIME ECC P384 Root G5,Root Certificate,Included,2021-01-15,2046-01-14,E8E8176536A60CC2C4E10187C3BEFCA20EF263497018F566D5BEA0F94D0C111B,
A007718,DigiCert SMIME RSA4096 Root G5,Root Certificate,Included,2021-01-15,2046-01-14,90370D3EFA88BF58C30105BA25104A358460A7FA52DFC2011DF233A0F417912A,
A007717,DigiCert TLS ECC P384 Root G5,Root Certificate,Included,2021-01-15,2046-01-14,018E13F0772532CF809BD1B17281867283FC48C6E13BE9C69812854A490C1B05,
A007716,DigiCert TLS RSA4096 Root G5,Root Certificate,Included,2021-01-15,2046-01-14,371A00DC0533B3721A7EEB40E8419E70799D2B0A0F2C1D80693165F7CEC4AD75,
A000121,DigiCert Trusted Root G4,Root Certificate,Included,2013-08-01,2038-01-15,552F7BDCF1A7AF9E6CE672017F4F12ABF77240C78E761AC203D1D9D20AC89988,
A000299,Entrust Root Certification Authority - EC1,Root Certificate,Included,2012-12-18,2037-12-18,02ED0EB28C14DA45165C566791700D6451D7FB56F0B2AB1D3B8EB070E56EDFF5,
A000298,Entrust Root Certification Authority - G2,Root Certificate,Included,2009-07-07,2030-12-07,43DF5774B03E7FEF5FE40D931A7BEDF1BB2E6B42738C4E6D3841103D3AA7F339,
A005752,Entrust Root Certification Authority - G4,Root Certificate,Included,2015-05-27,2037-12-27,DB3517D1F6732A2D5AB97C533EC70779EE3270A62FB4AC4238372460E6F01E88,
A000133,Entrust.net Certification Authority (2048),Root Certificate,Included,1999-12-24,2029-07-24,6DC47172E01CBCB0BF62580D895FE2B8AC9AD4F873801E0C10B9C837D21EB177,
A002357,GDCA TrustAUTH R5 ROOT,Root Certificate,Included,2014-11-26,2040-12-31,BFFF8FD04433487D6A8AA60C1A29767A9FC2BBB05E420F713A13B992891D3893,
A007406,GTS Root R1,Root Certificate,Included,2016-06-22,2036-06-22,D947432ABDE7B7FA90FC2E6B59101B1280E0E1C7E4E40FA3C6887FFF57A7F4CF,
A007407,GTS Root R2,Root Certificate,Included,2016-06-22,2036-06-22,8D25CD97229DBF70356BDA4EB3CC734031E24CF00FAFCFD32DC76EB5841C7EA8,
A007396,GTS Root R3,Root Certificate,Included,2016-06-22,2036-06-22,34D8A73EE208D9BCDB0D956520934B4E40E69482596E8B6F73C8426B010A6F48,
A007408,GTS Root R4,Root Certificate,Included,2016-06-22,2036-06-22,349DFA4058C5E263123B398AE795573C4E1313C83FE68F93556CD5E8031B3C7D,
A000150,GlobalSign,Root Certificate,Included,2009-03-18,2029-03-18,CBB522D7B7F127AD6A0113865BDF1CD4102E7D0759AF635A7CF4720DC963C53B,
A002469,GlobalSign,Root Certificate,Included,2014-12-10,2034-12-10,2CABEAFE37D06CA22ABA7391C0033D25982952C453647349763A3AB5AD6CCF69,
A000289,GlobalSign,Root Certificate,Included,2012-11-13,2038-01-19,179FBC148A3DD00FD24EA13458CC43BFA7F59C8182D783A513F6EBEC100C8924,
A007405,GlobalSign,Root Certificate,Included,2012-11-13,2038-01-19,B085D70B964F191A73E4AF0D54AE7A0E07AAFDAF9B71DD0862138AB7325A24A2,
A000151,GlobalSign Root CA,Root Certificate,Included,1998-09-01,2028-01-28,EBD41040E4BB3EC742C9E381D31EF2A41A48B6685C96E7CEF3C1DF6CD4331C99,
A006510,GlobalSign Root E46,Root Certificate,Included,2019-03-20,2046-03-20,CBB9C44D84B8043E1050EA31A69F514955D7BFD2E2C6B49301019AD61D9F5058,
A006509,GlobalSign Root R46,Root Certificate,Included,2019-03-20,2046-03-20,4FA3126D8D3A11D1C4855A4F807CBAD6CF919D3A5A88B03BEA2C6372D93C40C9,
A007047,GlobalSign Secure Mail Root E45,Root Certificate,Included,2020-03-18,2045-03-18,5CBF6FB81FD417EA4128CD6F8172A3C9402094F74AB2ED3A06B4405D04F30B19,
A007031,GlobalSign Secure Mail Root R45,Root Certificate,Included,2020-03-18,2045-03-18,319AF0A7729E6F89269C131EA6A3A16FCD86389FDCAB3C47A4A675C161A3F974,
A000152,Go Daddy Class 2 Certification Authority,Root Certificate,Included,2004-06-29,2034-06-29,C3846BF24B9E93CA64274C0EC67C1ECC5E024FFCACD2D74019350E81FE546AE4,
A000153,Go Daddy Root Certificate Authority - G2,Root Certificate,Included,2009-09-01,2037-12-31,45140B3247EB9CC8C5B4F0D7B53091F73292089E6E5A63E2749DD3ACA9198EDA,
A007582,HARICA Client ECC Root CA 2021,Root Certificate,Included,2021-02-19,2045-02-13,8DD4B5373CB0DE36769C12339280D82746B3AA6CD426E797A31BABE4279CF00B,
A007581,HARICA Client RSA Root CA 2021,Root Certificate,Included,2021-02-19,2045-02-13,1BE7ABE30686B16348AFD1C61B6866A0EA7F4821E67D5E8AF937CF8011BC750D,
A007584,HARICA TLS ECC Root CA 2021,Root Certificate,Included,2021-02-19,2045-02-13,3F99CC474ACFCE4DFED58794665E478D1547739F2E780F1BB4CA9B133097D401,
A007583,HARICA TLS RSA Root CA 2021,Root Certificate,Included,2021-02-19,2045-02-13,D95D0E8EDA79525BF9BEB11B14D2100D3294985F0C62D9FABD9CD999ECCB7B1D,
A002491,Hellenic Academic and Research Institutions ECC RootCA 2015,Root Certificate,Included,2015-07-07,2040-06-30,44B545AA8A25E65A73CA15DC27FC36D24C1CB9953A066539B11582DC487B4833,
A002390,Hellenic Academic and Research Institutions RootCA 2015,Root Certificate,Included,2015-07-07,2040-06-30,A040929A02CE53B4ACF4F2FFC6981CE4496F755E6D45FE0B2A692BCD52523F36,
A006477,HiPKI Root CA - G1,Root Certificate,Included,2019-02-22,2037-12-31,F015CE3CC239BFEF064BE9F1D2C417E1A0264A0A94BE1F0C8D121864EB6949CC,
A005832,Hongkong Post Root CA 3,Root Certificate,Included,2017-06-03,2042-06-03,5A2FC03F0C83B090BBFA40604B0988446C7636183DF9846E17101A447FB8EFD6,
A003754,ISRG Root X1,Root Certificate,Included,2015-06-04,2035-06-04,96BCEC06264976F37460779ACF28C5A7CFE8A3C0AAE11A8FFCEE05C0BDDF08C6,
A007629,ISRG Root X2,Root Certificate,Included,2020-09-04,2040-09-17,69729B8E15A86EFC177A57AFB7171DFC64ADD28C2FCA8CF1507E34453CCB1470,
A000293,IdenTrust Commercial Root CA 1,Root Certificate,Included,2014-01-16,2034-01-16,5D56499BE4D2E08BCFCAD08A3E38723D50503BDE706948E42F55603019E528AE,
A000294,IdenTrust Public Sector Root CA 1,Root Certificate,Included,2014-01-16,2034-01-16,30D0895A9A448A262091635522D1F52010B5867ACAE12C78EF958FD4F4389F2F,
A000161,Izenpe.com,Root Certificate,Included,2007-12-13,2037-12-13,2530CC8E98321502BAD96F9B1FBA1B099E2D299E0F4548BB914F363BC0D4531F,
A010857,LAWtrust Root CA2 (4096),Root Certificate,Included,2023-02-14,2053-02-14,48E1CF9E43B688A51044160F46D773B8277FE45BEAAD0E4DF90D1974382FEA99,
A000164,Microsec e-Szigno Root CA 2009,Root Certificate,Included,2009-06-16,2029-12-30,3C5F81FEA5FAB82C64BFA2EAECAFCDE8E077FC8620A7CAE537163DF36EDBF378,
A006902,Microsoft ECC Root Certificate Authority 2017,Root Certificate,Included,2019-12-18,2042-07-18,358DF39D764AF9E1B766E9C972DF352EE15CFAC227AF6AD1D70E8E4A6EDCBA02,
A006905,Microsoft RSA Root Certificate Authority 2017,Root Certificate,Included,2019-12-18,2042-07-18,C741F70F4B2A8D88BF2E71C14122EF53EF10EBA0CFA5E64CFA20F418853073E0,
A006186,NAVER Global Root Certification Authority,Root Certificate,Included,2017-08-18,2037-08-18,88F438DCF8FFD1FA8F429115FFE5F82AE1E06E0C70C375FAAD717B34A49E7265,
A000165,NetLock Arany (Class Gold) Főtanúsítvány,Root Certificate,Included,2008-12-11,2028-12-06,6C61DAC3A2DEF031506BE036D2A6FE401994FBD13DF9C8D466599274C446EC98,
A011073,OISTE Client Root ECC G1,Root Certificate,Included,2023-05-31,2048-05-24,D9A32485A8CCA85539CEF12FFFFF711378A17851D73DA2732AB4302D763BD62B,
A011074,OISTE Client Root RSA G1,Root Certificate,Included,2023-05-31,2048-05-24,D02A0F994A868C66395F2E7A880DF509BD0C29C96DE16015A0FD501EDA4F96A9,
A011075,OISTE Server Root ECC G1,Root Certificate,Included,2023-05-31,2048-05-24,EEC997C0C30F216F7E3B8B307D2BAE42412D753FC8219DAFD1520B2572850F49,
A011076,OISTE Server Root RSA G1,Root Certificate,Included,2023-05-31,2048-05-24,9AE36232A5189FFDDB353DFD26520C015395D22777DAC59DB57B98C089A651E6,
A000171,OISTE WISeKey Global Root GA CA,Root Certificate,Included,2005-12-11,2037-12-11,41C923866AB4CAD6B7AD578081582E020797A6CBDF4FFF78CE8396B38937D7F5,
A000780,OISTE WISeKey Global Root GB CA,Root Certificate,Included,2014-12-01,2039-12-01,6B9C08E86EB0F767CFAD65CD98B62149E5494A67F5845E7BD1ED019F27B86BD6,
A004779,OISTE WISeKey Global Root GC CA,Root Certificate,Included,2017-05-09,2042-05-09,8560F91C3624DABA9570B5FEA0DBE36FF11A8323BE9486854FB3F34A5571198D,
A000173,QuoVadis Root CA 1 G3,Root Certificate,Included,2012-01-12,2042-01-12,8A866FD1B276B57E578E921C65828A2BED58E9F2F288054134B7F1F4BFC9CC74,
A000174,QuoVadis Root CA 2,Root Certificate,Included,2006-11-24,2031-11-24,85A0DD7DD720ADB7FF05F83D542B209DC7FF4528F7D677B18389FEA5E5C49E86,
A000175,QuoVadis Root CA 2 G3,Root Certificate,Included,2012-01-12,2042-01-12,8FE4FB0AF93A4D0D67DB0BEBB23E37C71BF325DCBCDD240EA04DAF58B47E1840,
A000176,QuoVadis Root CA 3,Root Certificate,Included,2006-11-24,2031-11-24,18F1FC7F205DF8ADDDEB7FE007DD57E3AF375A9C4D8D73546BF4F1FED1E18D35,
A000177,QuoVadis Root CA 3 G3,Root Certificate,Included,2012-01-12,2042-01-12,88EF81DE202EB018452E43F864725CEA5FBD1FC2D9D205730709C5D8B8690F46,
A011782,SECOM SMIME RSA Root CA 2024,Root Certificate,Included,2024-01-31,2049-01-14,3629E7188E00A7CB3232C4426BC84912F1218B1A9AE676C0B0ABE1DBFE2182B5,
A011781,SECOM TLS ECC Root CA 2024,Root Certificate,Included,2024-01-31,2049-01-14,6AB2AB75F51CB4F4F0156203FBF6F646232F514BE059F62833308B82B4D72DB1,
A011780,SECOM TLS RSA Root CA 2024,Root Certificate,Included,2024-01-31,2049-01-14,1435F225C5D252D7A21948CC3CE62AECFA88001E3DD72D1CC3555100EB372F93,
A010722,SSL.com Client ECC Root CA 2022,Root Certificate,Included,2022-08-25,2046-08-19,AD7DD58D03AEDB22A30B5084394920CE12230C2D8017AD9B81AB04079BDD026B,
A010723,SSL.com Client RSA Root CA 2022,Root Certificate,Included,2022-08-25,2046-08-19,1D4CA4A2AB21D0093659804FC0EB2175A617279B56A2475245C9517AFEB59153,
A003656,SSL.com EV Root Certification Authority ECC,Root Certificate,Included,2016-02-12,2041-02-12,22A2C1F7BDED704CC1E701B5F408C310880FE956B5DE2A4A44F99C873A25A7C8,
A004439,SSL.com EV Root Certification Authority RSA R2,Root Certificate,Included,2017-05-31,2042-05-30,2E7BF16CC22485A7BBE2AA8696750761B0AE39BE3B2FE9D0CC6D4EF73491425C,
A003658,SSL.com Root Certification Authority ECC,Root Certificate,Included,2016-02-12,2041-02-12,3417BB06CC6007DA1B961C920B8AB4CE3FAD820E4AA30B9ACBC4A74EBDCEBC65,
A003659,SSL.com Root Certification Authority RSA,Root Certificate,Included,2016-02-12,2041-02-12,85666A562EE0BE5CE925C1D8890A6F76A87EC16D4D7D5F29EA7419CF20123B69,
A010581,SSL.com TLS ECC Root CA 2022,Root Certificate,Included,2022-08-25,2046-08-19,C32FFD9F46F936D16C3673990959434B9AD60AAFBB9E7CF33654F144CC1BA143,
A010580,SSL.com TLS RSA Root CA 2022,Root Certificate,Included,2022-08-25,2046-08-19,8FAF7D2E2CB4709BB8E0B33666BF75A5DD45B5DE480F8EA8D4BFE6BEBC17F2ED,
A000814,SZAFIR ROOT CA2,Root Certificate,Included,2015-10-19,2035-10-19,A1339D33281A0B56E557D3D32B1CE7F9367EB094BD5FA72A7E5004C8DED7CAFE,
A010623,Sectigo Public Email Protection Root E46,Root Certificate,Included,2021-03-22,2046-03-21,22D9599234D60F1D4BC7C7E96F43FA555B07301FD475175089DAFB8C25E477B3,
A010622,Sectigo Public Email Protection Root R46,Root Certificate,Included,2021-03-22,2046-03-21,D5917A7791EB7CF20A2E57EB98284A67B28A57E89182DA53D546678C9FDE2B4F,
A010621,Sectigo Public Server Authentication Root E46,Root Certificate,Included,2021-03-22,2046-03-21,C90F26F0FB1B4018B22227519B5CA2B53E2CA5B3BE5CF18EFE1BEF47380C5383,
A010620,Sectigo Public Server Authentication Root R46,Root Certificate,Included,2021-03-22,2046-03-21,7BB647A62AEEAC88BF257AA522D01FFEA395E0AB45C73F93F65654EC38F25A06,
A006997,SecureSign Root CA14,Root Certificate,Included,2020-04-08,2045-04-08,4B009C1034494F9AB56BBA3BA1D62731FC4D20D8955ADCEC10A925607261E338,
A006998,SecureSign Root CA15,Root Certificate,Included,2020-04-08,2045-04-08,E778F0F095FE843729CD1A0082179E5314A9C291442805E1FB1D8FB6B8886C3A,
A011762,SecureSign Root CA16,Root Certificate,Included,2024-07-30,2044-07-29,4C1CCD24F17E950FC18536B33CAFE32293CFC33E8467B41E1C693055D7F513BF,
A004061,Security Communication ECC RootCA1,Root Certificate,Included,2016-06-16,2038-01-18,E74FBDA55BD564C473A36B441AA799C8A68E077440E8288B9FA1E50E4BBACA11,
A000187,Security Communication RootCA2,Root Certificate,Included,2009-05-29,2029-05-29,513B2CECB810D4CDE5DD85391ADFC6C2DD60D87BB736D2B521484AA47A0EBEF6,
A000296,Staat der Nederlanden Root CA - G3,Root Certificate,Included,2013-11-14,2028-11-13,3C4FB0B95AB8B30032F432B86F535FE172C185D0FD39865837CF36187FA6F428,
A000193,Starfield Class 2 Certification Authority,Root Certificate,Included,2004-06-29,2034-06-29,1465FA205397B876FAA6F0A9958E5590E40FCC7FAA4FB7C2C8677521FB5FB658,
A000194,Starfield Root Certificate Authority - G2,Root Certificate,Included,2009-09-01,2037-12-31,2CE1CB0BF9D2F9E102993FBE215152C3B2DD0CABDE1C68E5319B839154DBB7F5,
A000195,Starfield Services Root Certificate Authority - G2,Root Certificate,Included,2009-09-01,2037-12-31,568D6905A2C88708A4B3025190EDCFEDB1974A606A13C6E5290FCB2AE63EDAB5,
A000203,SwissSign Gold CA - G2,Root Certificate,Included,2006-10-25,2036-10-25,62DD0BE9B9F50A163EA0F8E75C053B1ECA57EA55C8688F647C6881F2C8357B95,
A000220,T-TeleSec GlobalRoot Class 2,Root Certificate,Included,2008-10-01,2033-10-01,91E2F5788D5810EBA7BA58737DE1548A8ECACD014598BC0B143E041B17052552,
A000221,T-TeleSec GlobalRoot Class 3,Root Certificate,Included,2008-10-01,2033-10-01,FD73DAD31C644FF1B43BEF0CCDDA96710B9CD9875ECA7E31707AF3E96D522BBD,
A002592,TUBITAK Kamu SM SSL Kok Sertifikasi - Surum 1,Root Certificate,Included,2013-11-25,2043-10-25,46EDC3689046D53A453FB3104AB80DCAEC658B2660EA1629DD7E867990648716,
A010825,TWCA CYBER Root CA,Root Certificate,Included,2022-11-22,2047-11-22,3F63BB2814BE174EC8B6439CF08D6D56F0B7C405883A5648A334424D6B3EC558,
A000226,TWCA Global Root CA,Root Certificate,Included,2012-06-27,2030-12-31,59769007F7685D0FCD50872F9F95D5755A5B2B457D81F3692B610A98672F0E1B,
A010826,TWCA Global Root CA G2,Root Certificate,Included,2022-11-22,2047-11-22,3A0072D49FFC04E996C59AEB75991D3C340F3615D6FD4DCE90AC0B3D88EAD4F4,
A000227,TWCA Root Certification Authority,Root Certificate,Included,2008-08-28,2030-12-31,BFD88FE1101C41AE3E801BF8BE56350EE9BAD1A6B9BD515EDC5C6D5B8711AC44,
A010820,Telekom Security SMIME ECC Root 2021,Root Certificate,Included,2021-03-18,2046-03-17,3AE6DF7E0D637A65A8C81612EC6F9A142F85A16834C10280D88E707028518755,
A011211,Telekom Security SMIME RSA Root 2023,Root Certificate,Included,2023-03-28,2048-03-27,78A656344F947E9CC0F734D9053D32F6742086B6B9CD2CAE4FAE1A2E4EFDE048,
A010819,Telekom Security TLS ECC Root 2020,Root Certificate,Included,2020-08-25,2045-08-25,578AF4DED0853F4E5998DB4AEAF9CBEA8D945F60B620A38D1A3C13B2BC7BA8E1,
A011215,Telekom Security TLS RSA Root 2023,Root Certificate,Included,2023-03-28,2048-03-27,EFC65CADBB59ADB6EFE84DA22311B35624B71B3B1EA0DA8B6655174EC8978646,
A012101,Telia EC Email Root CA v3,Root Certificate,Included,2023-11-15,2048-05-23,3682228D7D678B571440CF1CB34E69FB4135FD6C2A1BE38E14163B711E02AE01,
A012104,Telia EC TLS Root CA v3,Root Certificate,Included,2023-11-15,2048-05-23,098E08A91DBBF77478B96CCEB89B1413A5DA37B7C862606A955DEB07179F4326,
A012102,Telia RSA Email Root CA v3,Root Certificate,Included,2023-11-15,2048-05-23,5B0C502A7D963BA55217396FDA9B3DC78171000AEEFF42CECC3A20A7938163E8,
A012103,Telia RSA TLS Root CA v3,Root Certificate,Included,2023-11-15,2048-05-23,D13DB1294C45EBC6FC86C6BBF69FA29BDFE692DFF7C713C243C7A956C6A2284C,
A010095,TrustAsia Global Root CA G3,Root Certificate,Included,2021-05-20,2046-05-19,E0D3226AEB1163C2E48FF9BE3B50B4C6431BE7BB1EACC5C36B5D5EC509039A08,
A010096,TrustAsia Global Root CA G4,Root Certificate,Included,2021-05-20,2046-05-19,BE4B56CB5056C0136A526DF444508DAA36A0B54F42E4AC38F72AF470E479654C,
A011891,TrustAsia SMIME ECC Root CA,Root Certificate,Included,2024-05-15,2044-05-15,436472C1009A325C54F1A5BBB5468A7BAEECCBE05DE5F099CB70D3FE41E13C16,
A011890,TrustAsia SMIME RSA Root CA,Root Certificate,Included,2024-05-15,2044-05-15,C7796BEB62C101BB143D262A7C96A0C6168183223EF50D699632D86E03B8CC9B,
A011889,TrustAsia TLS ECC Root CA,Root Certificate,Included,2024-05-15,2044-05-15,C0076B9EF0531FB1A656D67C4EBE97CD5DBAA41EF44598ACC2489878C92D8711,
A011888,TrustAsia TLS RSA Root CA,Root Certificate,Included,2024-05-15,2044-05-15,06C08D7DAFD876971EB1124FE67F847EC0C7A158D3EA53CBE940E2EA9791F4C3,
A006586,TunTrust Root CA,Root Certificate,Included,2019-04-26,2044-04-26,2E44102AB58CB85419451C8E19D9ACF3662CAFBC614B6A53960A30F7D0E2EB41,
A003653,UCA Extended Validation Root,Root Certificate,Included,2015-03-13,2038-12-31,D43AF9B35473755C9684FC06D7D8CB70EE5C28E773FB294EB41EE71722924D24,
A003654,UCA Global G2 Root,Root Certificate,Included,2016-03-11,2040-12-31,9BEA11C976FE014764C1BE56A6F914B5A560317ABD9988393382E5161AA0493C,
A000287,USERTrust ECC Certification Authority,Root Certificate,Included,2010-02-01,2038-01-18,4FF460D54B9C86DABFBCFC5712E0400D2BED3FBC4D4FBDAA86E06ADCD2A9AD7A,
A000286,USERTrust RSA Certification Authority,Root Certificate,Included,2010-02-01,2038-01-18,E793C9B02FD8AA13E21C31228ACCB08119643B749C898964B1746D46C3D4CBD2,
A004907,certSIGN ROOT CA G2,Root Certificate,Included,2017-02-06,2042-02-06,657CFE2FA73FAA38462571F332A2363A46FCE7020951710702CDFBB6EEDA3305,
A006033,e-Szigno Root CA 2017,Root Certificate,Included,2017-08-22,2042-08-22,BEB00B30839B9BC32C32E4447905950641F26421B15ED089198B518AE2EA1B99,
A011387,e-Szigno TLS Root CA 2023,Root Certificate,Included,2023-07-17,2038-07-17,B49141502D00663D740F2E7EC340C52800962666121A36D09CF7DD2B90384FB4,
A005759,emSign ECC Root CA - C3,Root Certificate,Included,2018-02-18,2043-02-18,BC4D809B15189D78DB3E1D8CF4F9726A795DA1643CA5F1358E1DDB0EDC0D7EB3,
A005756,emSign ECC Root CA - G3,Root Certificate,Included,2018-02-18,2043-02-18,86A1ECBA089C4A8D3BBE2734C612BA341D813E043CF9E8A862CD5C57A36BBE6B,
A005757,emSign Root CA - C1,Root Certificate,Included,2018-02-18,2043-02-18,125609AA301DA0A249B97A8239CB6A34216F44DCAC9F3954B14292F2E8C8608F,
A005754,emSign Root CA - G1,Root Certificate,Included,2018-02-18,2043-02-18,40F6AF0346A99AA1CD1D555A4E9CCE62C7F9634603EE406615833DC8C8D00367,
A006411,vTrus ECC Root CA,Root Certificate,Included,2018-07-31,2043-07-31,30FBBA2C32238E2A98547AF97931E550428B9B3F1C8EEB6633DCFA86C5B27DD3,
A006410,vTrus Root CA,Root Certificate,Included,2018-07-31,2043-07-31,8A71DE6559336F426C26E53880D00D88A18DA4C6A91F0DCB6194E206C5C96387,
